{"t":{"$date":"2026-07-08T12:56:16.864+00:00"},"s":"I",  "c":"CONTROL",  "id":23285,   "ctx":"main","msg":"Automatically disabling TLS 1.0, to force-enable TLS 1.0 specify --sslDisabledProtocols 'none'"}
{"t":{"$date":"2026-07-08T12:56:16.865+00:00"},"s":"I",  "c":"NETWORK",  "id":4915701, "ctx":"main","msg":"Initialized wire specification","attr":{"spec":{"incomingExternalClient":{"minWireVersion":0,"maxWireVersion":21},"incomingInternalClient":{"minWireVersion":0,"maxWireVersion":21},"outgoing":{"minWireVersion":6,"maxWireVersion":21},"isInternalClient":true}}}
{"t":{"$date":"2026-07-08T12:56:16.871+00:00"},"s":"I",  "c":"NETWORK",  "id":4648601, "ctx":"main","msg":"Implicit TCP FastOpen unavailable. If TCP FastOpen is required, set tcpFastOpenServer, tcpFastOpenClient, and tcpFastOpenQueueSize."}
{"t":{"$date":"2026-07-08T12:56:17.018+00:00"},"s":"I",  "c":"REPL",     "id":5123008, "ctx":"main","msg":"Successfully registered PrimaryOnlyService","attr":{"service":"TenantMigrationDonorService","namespace":"config.tenantMigrationDonors"}}
{"t":{"$date":"2026-07-08T12:56:17.019+00:00"},"s":"I",  "c":"REPL",     "id":5123008, "ctx":"main","msg":"Successfully registered PrimaryOnlyService","attr":{"service":"TenantMigrationRecipientService","namespace":"config.tenantMigrationRecipients"}}
{"t":{"$date":"2026-07-08T12:56:17.019+00:00"},"s":"W",  "c":"NETWORK",  "id":11621101,"ctx":"main","msg":"Overriding max connections to honor `capMemoryConsumptionForPreAuthBuffers` settings","attr":{"limit":101619}}
{"t":{"$date":"2026-07-08T12:56:17.019+00:00"},"s":"I",  "c":"CONTROL",  "id":5945603, "ctx":"main","msg":"Multi threading initialized"}
{"t":{"$date":"2026-07-08T12:56:17.020+00:00"},"s":"I",  "c":"TENANT_M", "id":7091600, "ctx":"main","msg":"Starting TenantMigrationAccessBlockerRegistry"}
{"t":{"$date":"2026-07-08T12:56:17.021+00:00"},"s":"I",  "c":"CONTROL",  "id":4615611, "ctx":"initandlisten","msg":"MongoDB starting","attr":{"pid":1698,"port":27017,"dbPath":".","architecture":"64-bit","host":"432709b00b48"}}
{"t":{"$date":"2026-07-08T12:56:17.021+00:00"},"s":"I",  "c":"CONTROL",  "id":23403,   "ctx":"initandlisten","msg":"Build Info","attr":{"buildInfo":{"version":"7.0.34","gitVersion":"ed9a6630253d3bc301e5ef19606704715d1e2066","openSSLVersion":"OpenSSL 3.0.13 30 Jan 2024","modules":[],"allocator":"tcmalloc","environment":{"distmod":"ubuntu2204","distarch":"x86_64","target_arch":"x86_64"}}}}
{"t":{"$date":"2026-07-08T12:56:17.021+00:00"},"s":"I",  "c":"CONTROL",  "id":51765,   "ctx":"initandlisten","msg":"Operating System","attr":{"os":{"name":"Ubuntu","version":"24.04"}}}
{"t":{"$date":"2026-07-08T12:56:17.022+00:00"},"s":"I",  "c":"CONTROL",  "id":21951,   "ctx":"initandlisten","msg":"Options set by command line","attr":{"options":{"net":{"bindIp":"localhost","port":27017},"replication":{"replSet":"mr1"},"security":{"keyFile":"/tmp/appsmith/mongodb-key"},"storage":{"dbPath":"."},"systemLog":{"destination":"file","path":"/appsmith-stacks/logs/mongodb/db.log"}}}}
{"t":{"$date":"2026-07-08T12:56:17.022+00:00"},"s":"W",  "c":"NETWORK",  "id":11621101,"ctx":"initandlisten","msg":"Overriding max connections to honor `capMemoryConsumptionForPreAuthBuffers` settings","attr":{"limit":101619}}
{"t":{"$date":"2026-07-08T12:56:17.025+00:00"},"s":"W",  "c":"STORAGE",  "id":22271,   "ctx":"initandlisten","msg":"Detected unclean shutdown - Lock file is not empty","attr":{"lockFile":"./mongod.lock"}}
{"t":{"$date":"2026-07-08T12:56:17.027+00:00"},"s":"I",  "c":"STORAGE",  "id":22270,   "ctx":"initandlisten","msg":"Storage engine to use detected by data files","attr":{"dbpath":".","storageEngine":"wiredTiger"}}
{"t":{"$date":"2026-07-08T12:56:17.028+00:00"},"s":"W",  "c":"STORAGE",  "id":22302,   "ctx":"initandlisten","msg":"Recovering data from the last clean checkpoint."}
{"t":{"$date":"2026-07-08T12:56:17.030+00:00"},"s":"I",  "c":"STORAGE",  "id":22315,   "ctx":"initandlisten","msg":"Opening WiredTiger","attr":{"config":"create,cache_size=3457M,session_max=33000,eviction=(threads_min=4,threads_max=4),config_base=false,statistics=(fast),log=(enabled=true,remove=true,path=journal,compressor=snappy),builtin_extension_config=(zstd=(compression_level=6)),file_manager=(close_idle_time=600,close_scan_interval=10,close_handle_minimum=2000),statistics_log=(wait=0),json_output=(error,message),verbose=[recovery_progress:1,checkpoint_progress:1,compact_progress:1,backup:0,checkpoint:0,compact:0,evict:0,history_store:0,recovery:0,rts:0,salvage:0,tiered:0,timestamp:0,transaction:0,verify:0,log:0],"}}
{"t":{"$date":"2026-07-08T12:56:17.779+00:00"},"s":"I",  "c":"WTRECOV",  "id":22430,   "ctx":"initandlisten","msg":"WiredTiger message","attr":{"message":{"ts_sec":1783515377,"ts_usec":779712,"thread":"1698:0x7fd4768ee140","session_name":"txn-recover","category":"WT_VERB_RECOVERY_PROGRESS","category_id":30,"verbose_level":"DEBUG_1","verbose_level_id":1,"msg":"Recovering log 4 through 5"}}}
{"t":{"$date":"2026-07-08T12:56:18.034+00:00"},"s":"I",  "c":"WTRECOV",  "id":22430,   "ctx":"initandlisten","msg":"WiredTiger message","attr":{"message":{"ts_sec":1783515378,"ts_usec":33993,"thread":"1698:0x7fd4768ee140","session_name":"txn-recover","category":"WT_VERB_RECOVERY_PROGRESS","category_id":30,"verbose_level":"DEBUG_1","verbose_level_id":1,"msg":"Recovering log 5 through 5"}}}
{"t":{"$date":"2026-07-08T12:56:18.367+00:00"},"s":"I",  "c":"WTRECOV",  "id":22430,   "ctx":"initandlisten","msg":"WiredTiger message","attr":{"message":{"ts_sec":1783515378,"ts_usec":367138,"thread":"1698:0x7fd4768ee140","session_name":"txn-recover","category":"WT_VERB_RECOVERY_PROGRESS","category_id":30,"verbose_level":"DEBUG_1","verbose_level_id":1,"msg":"Main recovery loop: starting at 4/202624 to 5/256"}}}
{"t":{"$date":"2026-07-08T12:56:18.440+00:00"},"s":"I",  "c":"WTRECOV",  "id":22430,   "ctx":"initandlisten","msg":"WiredTiger message","attr":{"message":{"ts_sec":1783515378,"ts_usec":438363,"thread":"1698:0x7fd4768ee140","session_name":"txn-recover","category":"WT_VERB_RECOVERY_PROGRESS","category_id":30,"verbose_level":"DEBUG_1","verbose_level_id":1,"msg":"Recovering log 4 through 5"}}}
{"t":{"$date":"2026-07-08T12:56:18.907+00:00"},"s":"I",  "c":"WTRECOV",  "id":22430,   "ctx":"initandlisten","msg":"WiredTiger message","attr":{"message":{"ts_sec":1783515378,"ts_usec":907190,"thread":"1698:0x7fd4768ee140","session_dhandle_name":"file:collection-0--6214479228640564306.wt","session_name":"txn-recover","category":"WT_VERB_RECOVERY_PROGRESS","category_id":30,"verbose_level":"DEBUG_1","verbose_level_id":1,"msg":"Recovering log 5 through 5"}}}
{"t":{"$date":"2026-07-08T12:56:19.150+00:00"},"s":"I",  "c":"WTRECOV",  "id":22430,   "ctx":"initandlisten","msg":"WiredTiger message","attr":{"message":{"ts_sec":1783515379,"ts_usec":149992,"thread":"1698:0x7fd4768ee140","session_dhandle_name":"file:collection-0--6214479228640564306.wt","session_name":"txn-recover","category":"WT_VERB_RECOVERY_PROGRESS","category_id":30,"verbose_level":"DEBUG_1","verbose_level_id":1,"msg":"recovery log replay has successfully finished and ran for 1372 milliseconds"}}}
{"t":{"$date":"2026-07-08T12:56:19.150+00:00"},"s":"I",  "c":"WTRECOV",  "id":22430,   "ctx":"initandlisten","msg":"WiredTiger message","attr":{"message":{"ts_sec":1783515379,"ts_usec":150502,"thread":"1698:0x7fd4768ee140","session_dhandle_name":"file:collection-0--6214479228640564306.wt","session_name":"txn-recover","category":"WT_VERB_RECOVERY_PROGRESS","category_id":30,"verbose_level":"DEBUG_1","verbose_level_id":1,"msg":"Set global recovery timestamp: (1783515332, 1)"}}}
{"t":{"$date":"2026-07-08T12:56:19.150+00:00"},"s":"I",  "c":"WTRECOV",  "id":22430,   "ctx":"initandlisten","msg":"WiredTiger message","attr":{"message":{"ts_sec":1783515379,"ts_usec":150840,"thread":"1698:0x7fd4768ee140","session_dhandle_name":"file:collection-0--6214479228640564306.wt","session_name":"txn-recover","category":"WT_VERB_RECOVERY_PROGRESS","category_id":30,"verbose_level":"DEBUG_1","verbose_level_id":1,"msg":"Set global oldest timestamp: (1783515032, 1)"}}}
{"t":{"$date":"2026-07-08T12:56:19.160+00:00"},"s":"I",  "c":"WTRECOV",  "id":22430,   "ctx":"initandlisten","msg":"WiredTiger message","attr":{"message":{"ts_sec":1783515379,"ts_usec":160685,"thread":"1698:0x7fd4768ee140","session_dhandle_name":"file:collection-0--6214479228640564306.wt","session_name":"txn-recover","category":"WT_VERB_RECOVERY_PROGRESS","category_id":30,"verbose_level":"DEBUG_1","verbose_level_id":1,"msg":"recovery rollback to stable has successfully finished and ran for 8 milliseconds"}}}
{"t":{"$date":"2026-07-08T12:56:19.195+00:00"},"s":"I",  "c":"WTCHKPT",  "id":22430,   "ctx":"initandlisten","msg":"WiredTiger message","attr":{"message":{"ts_sec":1783515379,"ts_usec":195343,"thread":"1698:0x7fd4768ee140","session_name":"WT_SESSION.checkpoint","category":"WT_VERB_CHECKPOINT_PROGRESS","category_id":6,"verbose_level":"DEBUG_1","verbose_level_id":1,"msg":"saving checkpoint snapshot min: 15, snapshot max: 15 snapshot count: 0, oldest timestamp: (1783515032, 1) , meta checkpoint timestamp: (1783515332, 1) base write gen: 420"}}}
{"t":{"$date":"2026-07-08T12:56:19.228+00:00"},"s":"I",  "c":"WTRECOV",  "id":22430,   "ctx":"initandlisten","msg":"WiredTiger message","attr":{"message":{"ts_sec":1783515379,"ts_usec":228587,"thread":"1698:0x7fd4768ee140","session_dhandle_name":"file:collection-0--6214479228640564306.wt","session_name":"txn-recover","category":"WT_VERB_RECOVERY_PROGRESS","category_id":30,"verbose_level":"DEBUG_1","verbose_level_id":1,"msg":"recovery checkpoint has successfully finished and ran for 66 milliseconds"}}}
{"t":{"$date":"2026-07-08T12:56:19.231+00:00"},"s":"I",  "c":"WTRECOV",  "id":22430,   "ctx":"initandlisten","msg":"WiredTiger message","attr":{"message":{"ts_sec":1783515379,"ts_usec":231438,"thread":"1698:0x7fd4768ee140","session_dhandle_name":"file:collection-0--6214479228640564306.wt","session_name":"txn-recover","category":"WT_VERB_RECOVERY_PROGRESS","category_id":30,"verbose_level":"DEBUG_1","verbose_level_id":1,"msg":"recovery was completed successfully and took 1454ms, including 1372ms for the log replay, 8ms for the rollback to stable, and 66ms for the checkpoint."}}}
{"t":{"$date":"2026-07-08T12:56:19.238+00:00"},"s":"I",  "c":"STORAGE",  "id":4795906, "ctx":"initandlisten","msg":"WiredTiger opened","attr":{"durationMillis":2207}}
{"t":{"$date":"2026-07-08T12:56:19.239+00:00"},"s":"I",  "c":"RECOVERY", "id":23987,   "ctx":"initandlisten","msg":"WiredTiger recoveryTimestamp","attr":{"recoveryTimestamp":{"$timestamp":{"t":1783515332,"i":1}}}}
{"t":{"$date":"2026-07-08T12:56:19.239+00:00"},"s":"I",  "c":"RECOVERY", "id":5380106, "ctx":"initandlisten","msg":"WiredTiger oldestTimestamp","attr":{"oldestTimestamp":{"$timestamp":{"t":1783515032,"i":1}}}}
{"t":{"$date":"2026-07-08T12:56:19.450+00:00"},"s":"I",  "c":"STORAGE",  "id":7393203, "ctx":"initandlisten","msg":"The size storer reports that the collection contains","attr":{"numRecords":795,"dataSize":828299}}
{"t":{"$date":"2026-07-08T12:56:19.450+00:00"},"s":"I",  "c":"STORAGE",  "id":7393212, "ctx":"initandlisten","msg":"Scanning collection to determine where to place markers for truncation","attr":{"namespace":"local.oplog.rs"}}
{"t":{"$date":"2026-07-08T12:56:19.457+00:00"},"s":"I",  "c":"STORAGE",  "id":22382,   "ctx":"initandlisten","msg":"WiredTiger record store oplog processing finished","attr":{"durationMillis":6}}
{"t":{"$date":"2026-07-08T12:56:19.538+00:00"},"s":"W",  "c":"CONTROL",  "id":22138,   "ctx":"initandlisten","msg":"You are running this process as the root user, which is not recommended","tags":["startupWarnings"]}
{"t":{"$date":"2026-07-08T12:56:19.539+00:00"},"s":"W",  "c":"CONTROL",  "id":9068900, "ctx":"initandlisten","msg":"For customers running MongoDB 7.0, we suggest changing the contents of the following sysfsFile","attr":{"sysfsFile":"/sys/kernel/mm/transparent_hugepage","currentValue":"always","desiredValue":"never"},"tags":["startupWarnings"]}
{"t":{"$date":"2026-07-08T12:56:19.562+00:00"},"s":"I",  "c":"NETWORK",  "id":4915702, "ctx":"initandlisten","msg":"Updated wire specification","attr":{"oldSpec":{"incomingExternalClient":{"minWireVersion":0,"maxWireVersion":21},"incomingInternalClient":{"minWireVersion":0,"maxWireVersion":21},"outgoing":{"minWireVersion":6,"maxWireVersion":21},"isInternalClient":true},"newSpec":{"incomingExternalClient":{"minWireVersion":0,"maxWireVersion":21},"incomingInternalClient":{"minWireVersion":21,"maxWireVersion":21},"outgoing":{"minWireVersion":21,"maxWireVersion":21},"isInternalClient":true}}}
{"t":{"$date":"2026-07-08T12:56:19.567+00:00"},"s":"I",  "c":"REPL",     "id":5853300, "ctx":"initandlisten","msg":"current featureCompatibilityVersion value","attr":{"featureCompatibilityVersion":"7.0","context":"startup"}}
{"t":{"$date":"2026-07-08T12:56:19.572+00:00"},"s":"I",  "c":"STORAGE",  "id":5071100, "ctx":"initandlisten","msg":"Clearing temp directory"}
{"t":{"$date":"2026-07-08T12:56:19.858+00:00"},"s":"I",  "c":"CONTROL",  "id":20536,   "ctx":"initandlisten","msg":"Flow Control is enabled on this deployment"}
{"t":{"$date":"2026-07-08T12:56:19.862+00:00"},"s":"I",  "c":"STORAGE",  "id":5380103, "ctx":"initandlisten","msg":"Unpin oldest timestamp request","attr":{"service":"_wt_startup","requestedTs":{"$timestamp":{"t":1783515032,"i":1}}}}
{"t":{"$date":"2026-07-08T12:56:19.863+00:00"},"s":"I",  "c":"FTDC",     "id":20625,   "ctx":"initandlisten","msg":"Initializing full-time diagnostic data capture","attr":{"dataDirectory":"./diagnostic.data"}}
{"t":{"$date":"2026-07-08T12:56:19.869+00:00"},"s":"I",  "c":"REPL",     "id":40440,   "ctx":"initandlisten","msg":"Starting the TopologyVersionObserver"}
{"t":{"$date":"2026-07-08T12:56:19.869+00:00"},"s":"I",  "c":"REPL",     "id":40445,   "ctx":"TopologyVersionObserver","msg":"Started TopologyVersionObserver"}
{"t":{"$date":"2026-07-08T12:56:19.882+00:00"},"s":"I",  "c":"REPL",     "id":6015317, "ctx":"initandlisten","msg":"Setting new configuration state","attr":{"newState":"ConfigStartingUp","oldState":"ConfigPreStart"}}
{"t":{"$date":"2026-07-08T12:56:19.884+00:00"},"s":"I",  "c":"REPL",     "id":6005300, "ctx":"initandlisten","msg":"Starting up replica set aware services"}
{"t":{"$date":"2026-07-08T12:56:19.886+00:00"},"s":"I",  "c":"-",        "id":4939300, "ctx":"monitoring-keys-for-HMAC","msg":"Failed to refresh key cache","attr":{"error":"ReadConcernMajorityNotAvailableYet: Read concern majority reads are currently not possible.","nextWakeupMillis":200}}
{"t":{"$date":"2026-07-08T12:56:19.886+00:00"},"s":"I",  "c":"REPL",     "id":4280500, "ctx":"initandlisten","msg":"Attempting to create internal replication collections"}
{"t":{"$date":"2026-07-08T12:56:19.892+00:00"},"s":"I",  "c":"REPL",     "id":4280501, "ctx":"initandlisten","msg":"Attempting to load local voted for document"}
{"t":{"$date":"2026-07-08T12:56:19.893+00:00"},"s":"I",  "c":"REPL",     "id":4280502, "ctx":"initandlisten","msg":"Searching for local Rollback ID document"}
{"t":{"$date":"2026-07-08T12:56:19.902+00:00"},"s":"I",  "c":"REPL",     "id":21529,   "ctx":"initandlisten","msg":"Initializing rollback ID","attr":{"rbid":2}}
{"t":{"$date":"2026-07-08T12:56:19.903+00:00"},"s":"I",  "c":"REPL",     "id":501401,  "ctx":"initandlisten","msg":"Incrementing the rollback ID after unclean shutdown"}
{"t":{"$date":"2026-07-08T12:56:19.904+00:00"},"s":"I",  "c":"REPL",     "id":21532,   "ctx":"initandlisten","msg":"Incremented the rollback ID","attr":{"rbid":3}}
{"t":{"$date":"2026-07-08T12:56:19.905+00:00"},"s":"I",  "c":"REPL",     "id":4280504, "ctx":"initandlisten","msg":"Cleaning up any partially applied oplog batches & reading last op from oplog"}
{"t":{"$date":"2026-07-08T12:56:19.911+00:00"},"s":"I",  "c":"REPL",     "id":21557,   "ctx":"initandlisten","msg":"Removing unapplied oplog entries after oplogTruncateAfterPoint","attr":{"oplogTruncateAfterPoint":{"":{"$timestamp":{"t":1783515352,"i":1}}}}}
{"t":{"$date":"2026-07-08T12:56:19.912+00:00"},"s":"I",  "c":"REPL",     "id":21553,   "ctx":"initandlisten","msg":"Truncating oplog from truncateAfterOplogEntryTimestamp (non-inclusive)","attr":{"truncateAfterOplogEntryTimestamp":{"$timestamp":{"t":1783515352,"i":1}},"oplogTruncateAfterPoint":{"$timestamp":{"t":1783515352,"i":1}}}}
{"t":{"$date":"2026-07-08T12:56:19.912+00:00"},"s":"I",  "c":"REPL",     "id":21554,   "ctx":"initandlisten","msg":"Replication recovery oplog truncation finished","attr":{"durationMillis":0}}
{"t":{"$date":"2026-07-08T12:56:19.915+00:00"},"s":"I",  "c":"CONTROL",  "id":6608200, "ctx":"initandlisten","msg":"Initializing cluster server parameters from disk"}
{"t":{"$date":"2026-07-08T12:56:19.915+00:00"},"s":"I",  "c":"REPL",     "id":21544,   "ctx":"initandlisten","msg":"Recovering from stable timestamp","attr":{"stableTimestamp":{"$timestamp":{"t":1783515332,"i":1}},"topOfOplog":{"ts":{"$timestamp":{"t":1783515352,"i":1}},"t":3},"appliedThrough":{"ts":{"$timestamp":{"t":0,"i":0}},"t":-1}}}
{"t":{"$date":"2026-07-08T12:56:19.916+00:00"},"s":"I",  "c":"REPL",     "id":21545,   "ctx":"initandlisten","msg":"Starting recovery oplog application at the stable timestamp","attr":{"stableTimestamp":{"$timestamp":{"t":1783515332,"i":1}}}}
{"t":{"$date":"2026-07-08T12:56:19.916+00:00"},"s":"I",  "c":"REPL",     "id":5466604, "ctx":"initandlisten","msg":"Start point for recovery oplog application exists in oplog. No adjustment necessary","attr":{"startPoint":{"$timestamp":{"t":1783515332,"i":1}}}}
{"t":{"$date":"2026-07-08T12:56:19.917+00:00"},"s":"I",  "c":"REPL",     "id":21550,   "ctx":"initandlisten","msg":"Replaying stored operations from startPoint (exclusive) to endPoint (inclusive)","attr":{"startPoint":{"$timestamp":{"t":1783515332,"i":1}},"endPoint":{"$timestamp":{"t":1783515352,"i":1}}}}
{"t":{"$date":"2026-07-08T12:56:19.918+00:00"},"s":"I",  "c":"REPL",     "id":21536,   "ctx":"initandlisten","msg":"Completed oplog application for recovery","attr":{"numOpsApplied":2,"numBatches":1,"applyThroughOpTime":{"ts":{"$timestamp":{"t":1783515352,"i":1}},"t":3}}}
{"t":{"$date":"2026-07-08T12:56:19.918+00:00"},"s":"I",  "c":"REPL",     "id":4280505, "ctx":"initandlisten","msg":"Creating any necessary TenantMigrationAccessBlockers for unfinished migrations"}
{"t":{"$date":"2026-07-08T12:56:19.927+00:00"},"s":"I",  "c":"TENANT_M", "id":6531504, "ctx":"initandlisten","msg":"Clearing serverless operation lock registry on shutdown","attr":{"ns":null}}
{"t":{"$date":"2026-07-08T12:56:19.928+00:00"},"s":"I",  "c":"REPL",     "id":4280506, "ctx":"initandlisten","msg":"Reconstructing prepared transactions"}
{"t":{"$date":"2026-07-08T12:56:19.934+00:00"},"s":"I",  "c":"REPL",     "id":4280507, "ctx":"initandlisten","msg":"Loaded replica set config, scheduled callback to set local config"}
{"t":{"$date":"2026-07-08T12:56:19.935+00:00"},"s":"I",  "c":"STORAGE",  "id":22262,   "ctx":"initandlisten","msg":"Timestamp monitor starting"}
{"t":{"$date":"2026-07-08T12:56:19.936+00:00"},"s":"I",  "c":"REPL",     "id":4280508, "ctx":"ReplCoord-0","msg":"Attempting to set local replica set config; validating config for startup"}
{"t":{"$date":"2026-07-08T12:56:19.939+00:00"},"s":"I",  "c":"QUERY",    "id":7080100, "ctx":"ChangeStreamExpiredPreImagesRemover","msg":"Starting Change Stream Expired Pre-images Remover thread"}
{"t":{"$date":"2026-07-08T12:56:19.958+00:00"},"s":"I",  "c":"CONTROL",  "id":20710,   "ctx":"LogicalSessionCacheRefresh","msg":"Failed to refresh session cache, will try again at the next refresh interval","attr":{"error":"NotYetInitialized: Replication has not yet been configured"}}
{"t":{"$date":"2026-07-08T12:56:19.959+00:00"},"s":"I",  "c":"SHARDING", "id":7012500, "ctx":"QueryAnalysisConfigurationsRefresher","msg":"Failed to refresh query analysis configurations, will try again at the next interval","attr":{"error":"PrimarySteppedDown: No primary exists currently"}}
{"t":{"$date":"2026-07-08T12:56:19.960+00:00"},"s":"I",  "c":"CONTROL",  "id":20711,   "ctx":"LogicalSessionCacheReap","msg":"Failed to reap transaction table","attr":{"error":"NotYetInitialized: Replication has not yet been configured"}}
{"t":{"$date":"2026-07-08T12:56:19.961+00:00"},"s":"I",  "c":"NETWORK",  "id":23015,   "ctx":"listener","msg":"Listening on","attr":{"address":"/tmp/mongodb-27017.sock"}}
{"t":{"$date":"2026-07-08T12:56:19.961+00:00"},"s":"I",  "c":"NETWORK",  "id":23015,   "ctx":"listener","msg":"Listening on","attr":{"address":"127.0.0.1"}}
{"t":{"$date":"2026-07-08T12:56:19.962+00:00"},"s":"I",  "c":"NETWORK",  "id":23016,   "ctx":"listener","msg":"Waiting for connections","attr":{"port":27017,"ssl":"off"}}
{"t":{"$date":"2026-07-08T12:56:19.962+00:00"},"s":"I",  "c":"CONTROL",  "id":8423403, "ctx":"initandlisten","msg":"mongod startup complete","attr":{"Summary of time elapsed":{"Startup from clean shutdown?":false,"Statistics":{"Transport layer setup":"0 ms","Run initial syncer crash recovery":"0 ms","Create storage engine lock file in the data directory":"1 ms","Get metadata describing storage engine":"0 ms","Validate options in metadata against current startup options":"0 ms","Create storage engine":"2494 ms","Write current PID to file":"10 ms","Initialize FCV before rebuilding indexes":"19 ms","Drop abandoned idents and get back indexes that need to be rebuilt or builds that need to be restarted":"5 ms","Rebuild indexes for collections":"0 ms","Build user and roles graph":"0 ms","Verify indexes for admin.system.users collection":"0 ms","Set up the background thread pool responsible for waiting for opTimes to be majority committed":"0 ms","Initialize information needed to make a mongod instance shard aware":"0 ms","Start up cluster time keys manager with a local/direct keys client":"1 ms","Start up the replication coordinator":"54 ms","Create an oplog view for tenant migrations":"0 ms","Start transport layer":"3 ms","_initAndListen total elapsed time":"2941 ms"}}}}
{"t":{"$date":"2026-07-08T12:56:19.963+00:00"},"s":"I",  "c":"NETWORK",  "id":22943,   "ctx":"listener","msg":"Connection accepted","attr":{"remote":"127.0.0.1:49594","isLoadBalanced":false,"uuid":{"uuid":{"$uuid":"eafc7591-a3b5-4864-b4fc-b889698f8600"}},"connectionId":2,"connectionCount":1}}
{"t":{"$date":"2026-07-08T12:56:19.970+00:00"},"s":"I",  "c":"ACCESS",   "id":6788604, "ctx":"conn2","msg":"Auth metrics report","attr":{"metric":"acquireUser","micros":0}}
{"t":{"$date":"2026-07-08T12:56:20.092+00:00"},"s":"I",  "c":"-",        "id":4939300, "ctx":"monitoring-keys-for-HMAC","msg":"Failed to refresh key cache","attr":{"error":"ReadConcernMajorityNotAvailableYet: Read concern majority reads are currently not possible.","nextWakeupMillis":400}}
{"t":{"$date":"2026-07-08T12:56:20.127+00:00"},"s":"I",  "c":"ACCESS",   "id":5286306, "ctx":"conn2","msg":"Successfully authenticated","attr":{"client":"127.0.0.1:49594","isSpeculative":false,"isClusterMember":true,"mechanism":"SCRAM-SHA-256","user":"__system","db":"local","result":0,"metrics":{"conversation_duration":{"micros":156879,"summary":{"0":{"step":1,"step_total":2,"duration_micros":1166},"1":{"step":2,"step_total":2,"duration_micros":32}}}},"doc":{},"extraInfo":{}}}
{"t":{"$date":"2026-07-08T12:56:20.131+00:00"},"s":"I",  "c":"NETWORK",  "id":6788700, "ctx":"conn2","msg":"Received first command on ingress connection since session start or auth handshake","attr":{"elapsedMillis":3}}
{"t":{"$date":"2026-07-08T12:56:20.132+00:00"},"s":"I",  "c":"REPL",     "id":4280509, "ctx":"ReplCoord-0","msg":"Local configuration validated for startup"}
{"t":{"$date":"2026-07-08T12:56:20.133+00:00"},"s":"I",  "c":"REPL",     "id":6015317, "ctx":"ReplCoord-0","msg":"Setting new configuration state","attr":{"newState":"ConfigSteady","oldState":"ConfigStartingUp"}}
{"t":{"$date":"2026-07-08T12:56:20.133+00:00"},"s":"I",  "c":"SHARDING", "id":7063400, "ctx":"ReplCoord-0","msg":"Updating implicit default writeConcern majority","attr":{"newImplicitDefaultWCMajority":true}}
{"t":{"$date":"2026-07-08T12:56:20.133+00:00"},"s":"I",  "c":"REPL",     "id":21392,   "ctx":"ReplCoord-0","msg":"New replica set config in use","attr":{"config":{"_id":"mr1","version":1,"term":3,"members":[{"_id":0,"host":"localhost:27017","arbiterOnly":false,"buildIndexes":true,"hidden":false,"priority":1,"tags":{},"secondaryDelaySecs":0,"votes":1}],"protocolVersion":1,"writeConcernMajorityJournalDefault":true,"settings":{"chainingAllowed":true,"heartbeatIntervalMillis":2000,"heartbeatTimeoutSecs":10,"electionTimeoutMillis":10000,"catchUpTimeoutMillis":-1,"catchUpTakeoverDelayMillis":30000,"getLastErrorModes":{},"getLastErrorDefaults":{"w":1,"wtimeout":0},"replicaSetId":{"$oid":"6a4e3ed58c8f414cdabee2c8"}}}}}
{"t":{"$date":"2026-07-08T12:56:20.134+00:00"},"s":"I",  "c":"REPL",     "id":21393,   "ctx":"ReplCoord-0","msg":"Found self in config","attr":{"hostAndPort":"localhost:27017"}}
{"t":{"$date":"2026-07-08T12:56:20.134+00:00"},"s":"I",  "c":"REPL",     "id":21358,   "ctx":"ReplCoord-0","msg":"Replica set state transition","attr":{"newState":"STARTUP2","oldState":"STARTUP"}}
{"t":{"$date":"2026-07-08T12:56:20.134+00:00"},"s":"I",  "c":"REPL",     "id":21827,   "ctx":"ReplCoord-0","msg":"Updating term","attr":{"oldTerm":0,"newTerm":3}}
{"t":{"$date":"2026-07-08T12:56:20.135+00:00"},"s":"I",  "c":"REPL",     "id":21320,   "ctx":"ReplCoord-0","msg":"Updated term","attr":{"term":3}}
{"t":{"$date":"2026-07-08T12:56:20.135+00:00"},"s":"I",  "c":"REPL",     "id":21306,   "ctx":"ReplCoord-0","msg":"Starting replication storage threads"}
{"t":{"$date":"2026-07-08T12:56:20.136+00:00"},"s":"I",  "c":"REPL",     "id":4280512, "ctx":"ReplCoord-0","msg":"No initial sync required. Attempting to begin steady replication"}
{"t":{"$date":"2026-07-08T12:56:20.138+00:00"},"s":"I",  "c":"REPL",     "id":21358,   "ctx":"ReplCoord-0","msg":"Replica set state transition","attr":{"newState":"RECOVERING","oldState":"STARTUP2"}}
{"t":{"$date":"2026-07-08T12:56:20.132+00:00"},"s":"I",  "c":"NETWORK",  "id":22944,   "ctx":"conn2","msg":"Connection ended","attr":{"remote":"127.0.0.1:49594","isLoadBalanced":false,"uuid":{"uuid":{"$uuid":"eafc7591-a3b5-4864-b4fc-b889698f8600"}},"connectionId":2,"connectionCount":0}}
{"t":{"$date":"2026-07-08T12:56:20.147+00:00"},"s":"I",  "c":"REPL",     "id":21299,   "ctx":"ReplCoord-0","msg":"Starting replication fetcher thread"}
{"t":{"$date":"2026-07-08T12:56:20.148+00:00"},"s":"I",  "c":"REPL",     "id":21300,   "ctx":"ReplCoord-0","msg":"Starting replication applier thread"}
{"t":{"$date":"2026-07-08T12:56:20.148+00:00"},"s":"I",  "c":"REPL",     "id":21301,   "ctx":"ReplCoord-0","msg":"Starting replication reporter thread"}
{"t":{"$date":"2026-07-08T12:56:20.148+00:00"},"s":"I",  "c":"REPL",     "id":21224,   "ctx":"OplogApplier-0","msg":"Starting oplog application"}
{"t":{"$date":"2026-07-08T12:56:20.148+00:00"},"s":"I",  "c":"REPL",     "id":4280511, "ctx":"ReplCoord-0","msg":"Set local replica set config"}
{"t":{"$date":"2026-07-08T12:56:20.148+00:00"},"s":"I",  "c":"REPL",     "id":8423402, "ctx":"BackgroundSync","msg":"Failed to select a sync source on the first attempt. Starting second attempt"}
{"t":{"$date":"2026-07-08T12:56:20.150+00:00"},"s":"I",  "c":"REPL",     "id":21358,   "ctx":"OplogApplier-0","msg":"Replica set state transition","attr":{"newState":"SECONDARY","oldState":"RECOVERING"}}
{"t":{"$date":"2026-07-08T12:56:20.150+00:00"},"s":"I",  "c":"ELECTION", "id":4615652, "ctx":"OplogApplier-0","msg":"Starting an election, since we've seen no PRIMARY in election timeout period","attr":{"electionTimeoutPeriodMillis":10000}}
{"t":{"$date":"2026-07-08T12:56:20.153+00:00"},"s":"I",  "c":"ELECTION", "id":21438,   "ctx":"OplogApplier-0","msg":"Conducting a dry run election to see if we could be elected","attr":{"currentTerm":3}}
{"t":{"$date":"2026-07-08T12:56:20.155+00:00"},"s":"I",  "c":"ELECTION", "id":21444,   "ctx":"ReplCoord-0","msg":"Dry election run succeeded, running for election","attr":{"newTerm":4}}
{"t":{"$date":"2026-07-08T12:56:20.156+00:00"},"s":"I",  "c":"REPL",     "id":21827,   "ctx":"ReplCoord-0","msg":"Updating term","attr":{"oldTerm":3,"newTerm":4}}
{"t":{"$date":"2026-07-08T12:56:20.156+00:00"},"s":"I",  "c":"ELECTION", "id":6015300, "ctx":"ReplCoord-0","msg":"Storing last vote document in local storage for my election","attr":{"lastVote":{"term":4,"candidateIndex":0}}}
{"t":{"$date":"2026-07-08T12:56:20.162+00:00"},"s":"I",  "c":"ELECTION", "id":21450,   "ctx":"ReplCoord-0","msg":"Election succeeded, assuming primary role","attr":{"term":4}}
{"t":{"$date":"2026-07-08T12:56:20.163+00:00"},"s":"I",  "c":"REPL",     "id":21358,   "ctx":"ReplCoord-0","msg":"Replica set state transition","attr":{"newState":"PRIMARY","oldState":"SECONDARY"}}
{"t":{"$date":"2026-07-08T12:56:20.166+00:00"},"s":"I",  "c":"REPL",     "id":21106,   "ctx":"ReplCoord-0","msg":"Resetting sync source to empty","attr":{"previousSyncSource":":27017"}}
{"t":{"$date":"2026-07-08T12:56:20.167+00:00"},"s":"I",  "c":"REPL",     "id":21359,   "ctx":"ReplCoord-0","msg":"Entering primary catch-up mode"}
{"t":{"$date":"2026-07-08T12:56:20.167+00:00"},"s":"I",  "c":"REPL",     "id":6015304, "ctx":"ReplCoord-0","msg":"Skipping primary catchup since we are the only node in the replica set."}
{"t":{"$date":"2026-07-08T12:56:20.167+00:00"},"s":"I",  "c":"REPL",     "id":21363,   "ctx":"ReplCoord-0","msg":"Exited primary catch-up mode"}
{"t":{"$date":"2026-07-08T12:56:20.167+00:00"},"s":"I",  "c":"REPL",     "id":21107,   "ctx":"ReplCoord-0","msg":"Stopping replication producer"}
{"t":{"$date":"2026-07-08T12:56:20.168+00:00"},"s":"I",  "c":"REPL",     "id":21239,   "ctx":"ReplBatcher","msg":"Oplog buffer has been drained","attr":{"term":4}}
{"t":{"$date":"2026-07-08T12:56:20.168+00:00"},"s":"I",  "c":"REPL",     "id":21239,   "ctx":"ReplBatcher","msg":"Oplog buffer has been drained","attr":{"term":4}}
{"t":{"$date":"2026-07-08T12:56:20.169+00:00"},"s":"I",  "c":"REPL",     "id":21343,   "ctx":"RstlKillOpThread","msg":"Starting to kill user operations"}
{"t":{"$date":"2026-07-08T12:56:20.169+00:00"},"s":"I",  "c":"REPL",     "id":21344,   "ctx":"RstlKillOpThread","msg":"Stopped killing user operations"}
{"t":{"$date":"2026-07-08T12:56:20.170+00:00"},"s":"I",  "c":"REPL",     "id":21340,   "ctx":"RstlKillOpThread","msg":"State transition ops metrics","attr":{"metrics":{"lastStateTransition":"stepUp","userOpsKilled":0,"userOpsRunning":1}}}
{"t":{"$date":"2026-07-08T12:56:20.170+00:00"},"s":"I",  "c":"REPL",     "id":4508103, "ctx":"OplogApplier-0","msg":"Increment the config term via reconfig"}
{"t":{"$date":"2026-07-08T12:56:20.170+00:00"},"s":"I",  "c":"REPL",     "id":6015313, "ctx":"OplogApplier-0","msg":"Replication config state is Steady, starting reconfig"}
{"t":{"$date":"2026-07-08T12:56:20.171+00:00"},"s":"I",  "c":"REPL",     "id":6015317, "ctx":"OplogApplier-0","msg":"Setting new configuration state","attr":{"newState":"ConfigReconfiguring","oldState":"ConfigSteady"}}
{"t":{"$date":"2026-07-08T12:56:20.171+00:00"},"s":"I",  "c":"REPL",     "id":6475000, "ctx":"OplogApplier-0","msg":"Was able to quickly find new index in config. Skipping full checks.","attr":{"index":0,"force":false}}
{"t":{"$date":"2026-07-08T12:56:20.171+00:00"},"s":"I",  "c":"REPL",     "id":21353,   "ctx":"OplogApplier-0","msg":"replSetReconfig config object parses ok","attr":{"numMembers":1}}
{"t":{"$date":"2026-07-08T12:56:20.172+00:00"},"s":"I",  "c":"REPL",     "id":51814,   "ctx":"OplogApplier-0","msg":"Persisting new config to disk"}
{"t":{"$date":"2026-07-08T12:56:20.173+00:00"},"s":"I",  "c":"REPL",     "id":6015315, "ctx":"OplogApplier-0","msg":"Persisted new config to disk"}
{"t":{"$date":"2026-07-08T12:56:20.174+00:00"},"s":"I",  "c":"REPL",     "id":6015317, "ctx":"OplogApplier-0","msg":"Setting new configuration state","attr":{"newState":"ConfigSteady","oldState":"ConfigReconfiguring"}}
{"t":{"$date":"2026-07-08T12:56:20.174+00:00"},"s":"I",  "c":"REPL",     "id":21392,   "ctx":"OplogApplier-0","msg":"New replica set config in use","attr":{"config":{"_id":"mr1","version":1,"term":4,"members":[{"_id":0,"host":"localhost:27017","arbiterOnly":false,"buildIndexes":true,"hidden":false,"priority":1,"tags":{},"secondaryDelaySecs":0,"votes":1}],"protocolVersion":1,"writeConcernMajorityJournalDefault":true,"settings":{"chainingAllowed":true,"heartbeatIntervalMillis":2000,"heartbeatTimeoutSecs":10,"electionTimeoutMillis":10000,"catchUpTimeoutMillis":-1,"catchUpTakeoverDelayMillis":30000,"getLastErrorModes":{},"getLastErrorDefaults":{"w":1,"wtimeout":0},"replicaSetId":{"$oid":"6a4e3ed58c8f414cdabee2c8"}}}}}
{"t":{"$date":"2026-07-08T12:56:20.174+00:00"},"s":"I",  "c":"REPL",     "id":21393,   "ctx":"OplogApplier-0","msg":"Found self in config","attr":{"hostAndPort":"localhost:27017"}}
{"t":{"$date":"2026-07-08T12:56:20.175+00:00"},"s":"I",  "c":"REPL",     "id":6015310, "ctx":"OplogApplier-0","msg":"Starting to transition to primary."}
{"t":{"$date":"2026-07-08T12:56:20.176+00:00"},"s":"I",  "c":"REPL",     "id":6015309, "ctx":"OplogApplier-0","msg":"Logging transition to primary to oplog on stepup"}
{"t":{"$date":"2026-07-08T12:56:20.177+00:00"},"s":"I",  "c":"STORAGE",  "id":20657,   "ctx":"OplogApplier-0","msg":"IndexBuildsCoordinator::onStepUp - this node is stepping up to primary"}
{"t":{"$date":"2026-07-08T12:56:20.180+00:00"},"s":"I",  "c":"STORAGE",  "id":7508300, "ctx":"IndexBuildsCoordinator-StepUp","msg":"Finished performing asynchronous step-up checks on index builds"}
{"t":{"$date":"2026-07-08T12:56:20.181+00:00"},"s":"I",  "c":"REPL",     "id":21331,   "ctx":"OplogApplier-0","msg":"Transition to primary complete; database writes are now permitted","attr":{"term":4}}
{"t":{"$date":"2026-07-08T12:56:20.182+00:00"},"s":"I",  "c":"REPL",     "id":6015306, "ctx":"OplogApplier-0","msg":"Applier already left draining state, exiting."}
{"t":{"$date":"2026-07-08T12:56:20.185+00:00"},"s":"I",  "c":"-",        "id":4939300, "ctx":"monitoring-keys-for-HMAC","msg":"Failed to refresh key cache","attr":{"error":"ReadConcernMajorityNotAvailableYet: Read concern majority reads are currently not possible.","nextWakeupMillis":600}}
{"t":{"$date":"2026-07-08T12:56:20.185+00:00"},"s":"I",  "c":"REPL",     "id":6795400, "ctx":"JournalFlusher","msg":"Advancing committed opTime to a new term","attr":{"newCommittedOpTime":{"ts":{"$timestamp":{"t":1783515380,"i":2}},"t":4},"newCommittedWallime":{"$date":"2026-07-08T12:56:20.177Z"},"oldTerm":-1}}
{"t":{"$date":"2026-07-08T12:56:20.187+00:00"},"s":"I",  "c":"FTDC",     "id":20631,   "ctx":"ftdc","msg":"Unclean full-time diagnostic data capture shutdown detected, found interim file, some metrics may have been lost","attr":{"error":{"code":0,"codeName":"OK"}}}
{"t":{"$date":"2026-07-08T12:56:20.187+00:00"},"s":"I",  "c":"REPL",     "id":5123005, "ctx":"TenantMigrationRecipientService-0","msg":"Rebuilding PrimaryOnlyService due to stepUp","attr":{"service":"TenantMigrationRecipientService"}}
{"t":{"$date":"2026-07-08T12:56:20.187+00:00"},"s":"I",  "c":"REPL",     "id":5123005, "ctx":"TenantMigrationDonorService-0","msg":"Rebuilding PrimaryOnlyService due to stepUp","attr":{"service":"TenantMigrationDonorService"}}
{"t":{"$date":"2026-07-08T12:56:28.872+00:00"},"s":"I",  "c":"NETWORK",  "id":22943,   "ctx":"listener","msg":"Connection accepted","attr":{"remote":"127.0.0.1:51578","isLoadBalanced":false,"uuid":{"uuid":{"$uuid":"efef7d0b-17e3-4e4d-b414-e54d80b8bc6a"}},"connectionId":3,"connectionCount":1}}
{"t":{"$date":"2026-07-08T12:56:28.878+00:00"},"s":"I",  "c":"NETWORK",  "id":51800,   "ctx":"conn3","msg":"client metadata","attr":{"remote":"127.0.0.1:51578","client":"conn3","negotiatedCompressors":[],"doc":{"application":{"name":"mongosh 2.8.3"},"driver":{"name":"nodejs|mongosh","version":"7.1.0|2.8.3"},"platform":"Node.js v24.15.0, LE","os":{"name":"linux","architecture":"x64","version":"3.10.0-327.22.2.el7.x86_64","type":"Linux"},"env":{"container":{"runtime":"docker"}}}}}
{"t":{"$date":"2026-07-08T12:56:28.878+00:00"},"s":"I",  "c":"ACCESS",   "id":10483900,"ctx":"conn3","msg":"Connection not authenticating","attr":{"client":"127.0.0.1:51578","doc":{"application":{"name":"mongosh 2.8.3"},"driver":{"name":"nodejs|mongosh","version":"7.1.0|2.8.3"},"platform":"Node.js v24.15.0, LE","os":{"name":"linux","architecture":"x64","version":"3.10.0-327.22.2.el7.x86_64","type":"Linux"},"env":{"container":{"runtime":"docker"}}}}}
{"t":{"$date":"2026-07-08T12:56:28.892+00:00"},"s":"I",  "c":"NETWORK",  "id":22943,   "ctx":"listener","msg":"Connection accepted","attr":{"remote":"127.0.0.1:51592","isLoadBalanced":false,"uuid":{"uuid":{"$uuid":"dec902da-24fc-4da7-8bb8-d510e0487a19"}},"connectionId":4,"connectionCount":2}}
{"t":{"$date":"2026-07-08T12:56:28.895+00:00"},"s":"I",  "c":"NETWORK",  "id":51800,   "ctx":"conn4","msg":"client metadata","attr":{"remote":"127.0.0.1:51592","client":"conn4","negotiatedCompressors":[],"doc":{"application":{"name":"mongosh 2.8.3"},"driver":{"name":"nodejs|mongosh","version":"7.1.0|2.8.3"},"platform":"Node.js v24.15.0, LE","os":{"name":"linux","architecture":"x64","version":"3.10.0-327.22.2.el7.x86_64","type":"Linux"},"env":{"container":{"runtime":"docker"}}}}}
{"t":{"$date":"2026-07-08T12:56:28.901+00:00"},"s":"I",  "c":"ACCESS",   "id":6788604, "ctx":"conn4","msg":"Auth metrics report","attr":{"metric":"acquireUser","micros":0}}
{"t":{"$date":"2026-07-08T12:56:28.921+00:00"},"s":"I",  "c":"ACCESS",   "id":5286306, "ctx":"conn4","msg":"Successfully authenticated","attr":{"client":"127.0.0.1:51592","isSpeculative":true,"isClusterMember":false,"mechanism":"SCRAM-SHA-256","user":"appsmith","db":"appsmith","result":0,"metrics":{"conversation_duration":{"micros":20848,"summary":{"0":{"step":1,"step_total":2,"duration_micros":356},"1":{"step":2,"step_total":2,"duration_micros":38}}}},"doc":{"application":{"name":"mongosh 2.8.3"},"driver":{"name":"nodejs|mongosh","version":"7.1.0|2.8.3"},"platform":"Node.js v24.15.0, LE","os":{"name":"linux","architecture":"x64","version":"3.10.0-327.22.2.el7.x86_64","type":"Linux"},"env":{"container":{"runtime":"docker"}}},"extraInfo":{}}}
{"t":{"$date":"2026-07-08T12:56:28.958+00:00"},"s":"I",  "c":"NETWORK",  "id":6788700, "ctx":"conn4","msg":"Received first command on ingress connection since session start or auth handshake","attr":{"elapsedMillis":37}}
{"t":{"$date":"2026-07-08T12:56:29.338+00:00"},"s":"I",  "c":"NETWORK",  "id":22943,   "ctx":"listener","msg":"Connection accepted","attr":{"remote":"127.0.0.1:51600","isLoadBalanced":false,"uuid":{"uuid":{"$uuid":"dc07dbdd-e85f-41ea-bcac-3bd88631b3ce"}},"connectionId":5,"connectionCount":3}}
{"t":{"$date":"2026-07-08T12:56:29.339+00:00"},"s":"I",  "c":"NETWORK",  "id":22943,   "ctx":"listener","msg":"Connection accepted","attr":{"remote":"127.0.0.1:51602","isLoadBalanced":false,"uuid":{"uuid":{"$uuid":"a957d8b7-0657-4b30-9b2a-1b26b8445830"}},"connectionId":6,"connectionCount":4}}
{"t":{"$date":"2026-07-08T12:56:29.351+00:00"},"s":"I",  "c":"NETWORK",  "id":51800,   "ctx":"conn5","msg":"client metadata","attr":{"remote":"127.0.0.1:51600","client":"conn5","negotiatedCompressors":[],"doc":{"application":{"name":"mongosh 2.8.3"},"driver":{"name":"nodejs|mongosh","version":"7.1.0|2.8.3"},"platform":"Node.js v24.15.0, LE","os":{"name":"linux","architecture":"x64","version":"3.10.0-327.22.2.el7.x86_64","type":"Linux"},"env":{"container":{"runtime":"docker"}}}}}
{"t":{"$date":"2026-07-08T12:56:29.352+00:00"},"s":"I",  "c":"ACCESS",   "id":6788604, "ctx":"conn5","msg":"Auth metrics report","attr":{"metric":"acquireUser","micros":0}}
{"t":{"$date":"2026-07-08T12:56:29.364+00:00"},"s":"I",  "c":"NETWORK",  "id":51800,   "ctx":"conn6","msg":"client metadata","attr":{"remote":"127.0.0.1:51602","client":"conn6","negotiatedCompressors":[],"doc":{"application":{"name":"mongosh 2.8.3"},"driver":{"name":"nodejs|mongosh","version":"7.1.0|2.8.3"},"platform":"Node.js v24.15.0, LE","os":{"name":"linux","architecture":"x64","version":"3.10.0-327.22.2.el7.x86_64","type":"Linux"},"env":{"container":{"runtime":"docker"}}}}}
{"t":{"$date":"2026-07-08T12:56:29.364+00:00"},"s":"I",  "c":"ACCESS",   "id":6788604, "ctx":"conn6","msg":"Auth metrics report","attr":{"metric":"acquireUser","micros":0}}
{"t":{"$date":"2026-07-08T12:56:29.379+00:00"},"s":"I",  "c":"ACCESS",   "id":5286306, "ctx":"conn5","msg":"Successfully authenticated","attr":{"client":"127.0.0.1:51600","isSpeculative":true,"isClusterMember":false,"mechanism":"SCRAM-SHA-256","user":"appsmith","db":"appsmith","result":0,"metrics":{"conversation_duration":{"micros":27706,"summary":{"0":{"step":1,"step_total":2,"duration_micros":2899},"1":{"step":2,"step_total":2,"duration_micros":39}}}},"doc":{"application":{"name":"mongosh 2.8.3"},"driver":{"name":"nodejs|mongosh","version":"7.1.0|2.8.3"},"platform":"Node.js v24.15.0, LE","os":{"name":"linux","architecture":"x64","version":"3.10.0-327.22.2.el7.x86_64","type":"Linux"},"env":{"container":{"runtime":"docker"}}},"extraInfo":{}}}
{"t":{"$date":"2026-07-08T12:56:29.387+00:00"},"s":"I",  "c":"ACCESS",   "id":5286306, "ctx":"conn6","msg":"Successfully authenticated","attr":{"client":"127.0.0.1:51602","isSpeculative":true,"isClusterMember":false,"mechanism":"SCRAM-SHA-256","user":"appsmith","db":"appsmith","result":0,"metrics":{"conversation_duration":{"micros":23035,"summary":{"0":{"step":1,"step_total":2,"duration_micros":918},"1":{"step":2,"step_total":2,"duration_micros":38}}}},"doc":{"application":{"name":"mongosh 2.8.3"},"driver":{"name":"nodejs|mongosh","version":"7.1.0|2.8.3"},"platform":"Node.js v24.15.0, LE","os":{"name":"linux","architecture":"x64","version":"3.10.0-327.22.2.el7.x86_64","type":"Linux"},"env":{"container":{"runtime":"docker"}}},"extraInfo":{}}}
{"t":{"$date":"2026-07-08T12:56:29.398+00:00"},"s":"I",  "c":"NETWORK",  "id":22944,   "ctx":"conn3","msg":"Connection ended","attr":{"remote":"127.0.0.1:51578","isLoadBalanced":false,"uuid":{"uuid":{"$uuid":"efef7d0b-17e3-4e4d-b414-e54d80b8bc6a"}},"connectionId":3,"connectionCount":3}}
{"t":{"$date":"2026-07-08T12:56:29.399+00:00"},"s":"I",  "c":"NETWORK",  "id":22944,   "ctx":"conn4","msg":"Connection ended","attr":{"remote":"127.0.0.1:51592","isLoadBalanced":false,"uuid":{"uuid":{"$uuid":"dec902da-24fc-4da7-8bb8-d510e0487a19"}},"connectionId":4,"connectionCount":2}}
{"t":{"$date":"2026-07-08T12:56:29.406+00:00"},"s":"I",  "c":"NETWORK",  "id":22944,   "ctx":"conn6","msg":"Connection ended","attr":{"remote":"127.0.0.1:51602","isLoadBalanced":false,"uuid":{"uuid":{"$uuid":"a957d8b7-0657-4b30-9b2a-1b26b8445830"}},"connectionId":6,"connectionCount":1}}
{"t":{"$date":"2026-07-08T12:56:29.411+00:00"},"s":"I",  "c":"NETWORK",  "id":22944,   "ctx":"conn5","msg":"Connection ended","attr":{"remote":"127.0.0.1:51600","isLoadBalanced":false,"uuid":{"uuid":{"$uuid":"dc07dbdd-e85f-41ea-bcac-3bd88631b3ce"}},"connectionId":5,"connectionCount":0}}
{"t":{"$date":"2026-07-08T12:56:33.457+00:00"},"s":"I",  "c":"NETWORK",  "id":22943,   "ctx":"listener","msg":"Connection accepted","attr":{"remote":"127.0.0.1:51604","isLoadBalanced":false,"uuid":{"uuid":{"$uuid":"9f3d70a6-a15d-4bf1-8b7b-3ad92938a9de"}},"connectionId":7,"connectionCount":1}}
{"t":{"$date":"2026-07-08T12:56:33.532+00:00"},"s":"I",  "c":"NETWORK",  "id":51800,   "ctx":"conn7","msg":"client metadata","attr":{"remote":"127.0.0.1:51604","client":"conn7","negotiatedCompressors":[],"doc":{"driver":{"name":"mongo-java-driver|reactive-streams|spring-boot","version":"5.5.2"},"os":{"type":"Linux","name":"Linux","architecture":"amd64","version":"6.10.14-linuxkit"},"platform":"Java/Eclipse Adoptium/25.0.3+9-LTS","env":{"container":{"runtime":"docker"}}}}}
{"t":{"$date":"2026-07-08T12:56:33.533+00:00"},"s":"I",  "c":"ACCESS",   "id":10483900,"ctx":"conn7","msg":"Connection not authenticating","attr":{"client":"127.0.0.1:51604","doc":{"driver":{"name":"mongo-java-driver|reactive-streams|spring-boot","version":"5.5.2"},"os":{"type":"Linux","name":"Linux","architecture":"amd64","version":"6.10.14-linuxkit"},"platform":"Java/Eclipse Adoptium/25.0.3+9-LTS","env":{"container":{"runtime":"docker"}}}}}
{"t":{"$date":"2026-07-08T12:56:33.602+00:00"},"s":"I",  "c":"NETWORK",  "id":22943,   "ctx":"listener","msg":"Connection accepted","attr":{"remote":"127.0.0.1:51612","isLoadBalanced":false,"uuid":{"uuid":{"$uuid":"8fd34b5a-a672-42dc-865d-70a4cba6818f"}},"connectionId":8,"connectionCount":2}}
{"t":{"$date":"2026-07-08T12:56:33.609+00:00"},"s":"I",  "c":"NETWORK",  "id":51800,   "ctx":"conn8","msg":"client metadata","attr":{"remote":"127.0.0.1:51612","client":"conn8","negotiatedCompressors":[],"doc":{"driver":{"name":"mongo-java-driver|reactive-streams|spring-boot","version":"5.5.2"},"os":{"type":"Linux","name":"Linux","architecture":"amd64","version":"6.10.14-linuxkit"},"platform":"Java/Eclipse Adoptium/25.0.3+9-LTS","env":{"container":{"runtime":"docker"}}}}}
{"t":{"$date":"2026-07-08T12:56:33.610+00:00"},"s":"I",  "c":"ACCESS",   "id":10483900,"ctx":"conn8","msg":"Connection not authenticating","attr":{"client":"127.0.0.1:51612","doc":{"driver":{"name":"mongo-java-driver|reactive-streams|spring-boot","version":"5.5.2"},"os":{"type":"Linux","name":"Linux","architecture":"amd64","version":"6.10.14-linuxkit"},"platform":"Java/Eclipse Adoptium/25.0.3+9-LTS","env":{"container":{"runtime":"docker"}}}}}
{"t":{"$date":"2026-07-08T12:56:38.947+00:00"},"s":"I",  "c":"NETWORK",  "id":22943,   "ctx":"listener","msg":"Connection accepted","attr":{"remote":"127.0.0.1:37018","isLoadBalanced":false,"uuid":{"uuid":{"$uuid":"3ae4cbf5-890c-4a00-8a09-d7a8d2e731d1"}},"connectionId":9,"connectionCount":3}}
{"t":{"$date":"2026-07-08T12:56:38.952+00:00"},"s":"I",  "c":"NETWORK",  "id":51800,   "ctx":"conn9","msg":"client metadata","attr":{"remote":"127.0.0.1:37018","client":"conn9","negotiatedCompressors":[],"doc":{"driver":{"name":"mongo-java-driver|sync|spring-boot","version":"5.5.2"},"os":{"type":"Linux","name":"Linux","architecture":"amd64","version":"6.10.14-linuxkit"},"platform":"Java/Eclipse Adoptium/25.0.3+9-LTS","env":{"container":{"runtime":"docker"}}}}}
{"t":{"$date":"2026-07-08T12:56:38.953+00:00"},"s":"I",  "c":"ACCESS",   "id":10483900,"ctx":"conn9","msg":"Connection not authenticating","attr":{"client":"127.0.0.1:37018","doc":{"driver":{"name":"mongo-java-driver|sync|spring-boot","version":"5.5.2"},"os":{"type":"Linux","name":"Linux","architecture":"amd64","version":"6.10.14-linuxkit"},"platform":"Java/Eclipse Adoptium/25.0.3+9-LTS","env":{"container":{"runtime":"docker"}}}}}
{"t":{"$date":"2026-07-08T12:56:38.992+00:00"},"s":"I",  "c":"NETWORK",  "id":22943,   "ctx":"listener","msg":"Connection accepted","attr":{"remote":"127.0.0.1:37024","isLoadBalanced":false,"uuid":{"uuid":{"$uuid":"e2835028-b8a3-4ebf-842e-21785d573bc7"}},"connectionId":10,"connectionCount":4}}
{"t":{"$date":"2026-07-08T12:56:39.000+00:00"},"s":"I",  "c":"NETWORK",  "id":51800,   "ctx":"conn10","msg":"client metadata","attr":{"remote":"127.0.0.1:37024","client":"conn10","negotiatedCompressors":[],"doc":{"driver":{"name":"mongo-java-driver|sync|spring-boot","version":"5.5.2"},"os":{"type":"Linux","name":"Linux","architecture":"amd64","version":"6.10.14-linuxkit"},"platform":"Java/Eclipse Adoptium/25.0.3+9-LTS","env":{"container":{"runtime":"docker"}}}}}
{"t":{"$date":"2026-07-08T12:56:39.000+00:00"},"s":"I",  "c":"ACCESS",   "id":10483900,"ctx":"conn10","msg":"Connection not authenticating","attr":{"client":"127.0.0.1:37024","doc":{"driver":{"name":"mongo-java-driver|sync|spring-boot","version":"5.5.2"},"os":{"type":"Linux","name":"Linux","architecture":"amd64","version":"6.10.14-linuxkit"},"platform":"Java/Eclipse Adoptium/25.0.3+9-LTS","env":{"container":{"runtime":"docker"}}}}}
{"t":{"$date":"2026-07-08T12:56:46.453+00:00"},"s":"I",  "c":"NETWORK",  "id":22943,   "ctx":"listener","msg":"Connection accepted","attr":{"remote":"127.0.0.1:37040","isLoadBalanced":false,"uuid":{"uuid":{"$uuid":"6877a064-d1ea-47e8-9524-80ff51bfbc5c"}},"connectionId":11,"connectionCount":5}}
{"t":{"$date":"2026-07-08T12:56:46.491+00:00"},"s":"I",  "c":"NETWORK",  "id":51800,   "ctx":"conn11","msg":"client metadata","attr":{"remote":"127.0.0.1:37040","client":"conn11","negotiatedCompressors":[],"doc":{"driver":{"name":"mongo-java-driver|reactive-streams|spring-boot","version":"5.5.2"},"os":{"type":"Linux","name":"Linux","architecture":"amd64","version":"6.10.14-linuxkit"},"platform":"Java/Eclipse Adoptium/25.0.3+9-LTS","env":{"container":{"runtime":"docker"}}}}}
{"t":{"$date":"2026-07-08T12:56:46.492+00:00"},"s":"I",  "c":"ACCESS",   "id":6788604, "ctx":"conn11","msg":"Auth metrics report","attr":{"metric":"acquireUser","micros":0}}
{"t":{"$date":"2026-07-08T12:56:46.737+00:00"},"s":"I",  "c":"ACCESS",   "id":5286306, "ctx":"conn11","msg":"Successfully authenticated","attr":{"client":"127.0.0.1:37040","isSpeculative":true,"isClusterMember":false,"mechanism":"SCRAM-SHA-256","user":"appsmith","db":"appsmith","result":0,"metrics":{"conversation_duration":{"micros":245575,"summary":{"0":{"step":1,"step_total":2,"duration_micros":248},"1":{"step":2,"step_total":2,"duration_micros":37}}}},"doc":{"driver":{"name":"mongo-java-driver|reactive-streams|spring-boot","version":"5.5.2"},"os":{"type":"Linux","name":"Linux","architecture":"amd64","version":"6.10.14-linuxkit"},"platform":"Java/Eclipse Adoptium/25.0.3+9-LTS","env":{"container":{"runtime":"docker"}}},"extraInfo":{}}}
{"t":{"$date":"2026-07-08T12:56:46.782+00:00"},"s":"I",  "c":"NETWORK",  "id":6788700, "ctx":"conn11","msg":"Received first command on ingress connection since session start or auth handshake","attr":{"elapsedMillis":45}}
{"t":{"$date":"2026-07-08T12:56:47.159+00:00"},"s":"I",  "c":"NETWORK",  "id":22943,   "ctx":"listener","msg":"Connection accepted","attr":{"remote":"127.0.0.1:50260","isLoadBalanced":false,"uuid":{"uuid":{"$uuid":"63fda807-2d56-4519-a2ec-e71d98d58c79"}},"connectionId":12,"connectionCount":6}}
{"t":{"$date":"2026-07-08T12:56:47.165+00:00"},"s":"I",  "c":"NETWORK",  "id":51800,   "ctx":"conn12","msg":"client metadata","attr":{"remote":"127.0.0.1:50260","client":"conn12","negotiatedCompressors":[],"doc":{"driver":{"name":"mongo-java-driver|reactive-streams|spring-boot","version":"5.5.2"},"os":{"type":"Linux","name":"Linux","architecture":"amd64","version":"6.10.14-linuxkit"},"platform":"Java/Eclipse Adoptium/25.0.3+9-LTS","env":{"container":{"runtime":"docker"}}}}}
{"t":{"$date":"2026-07-08T12:56:47.166+00:00"},"s":"I",  "c":"ACCESS",   "id":6788604, "ctx":"conn12","msg":"Auth metrics report","attr":{"metric":"acquireUser","micros":0}}
{"t":{"$date":"2026-07-08T12:56:47.275+00:00"},"s":"I",  "c":"ACCESS",   "id":5286306, "ctx":"conn12","msg":"Successfully authenticated","attr":{"client":"127.0.0.1:50260","isSpeculative":true,"isClusterMember":false,"mechanism":"SCRAM-SHA-256","user":"appsmith","db":"appsmith","result":0,"metrics":{"conversation_duration":{"micros":108596,"summary":{"0":{"step":1,"step_total":2,"duration_micros":3749},"1":{"step":2,"step_total":2,"duration_micros":38}}}},"doc":{"driver":{"name":"mongo-java-driver|reactive-streams|spring-boot","version":"5.5.2"},"os":{"type":"Linux","name":"Linux","architecture":"amd64","version":"6.10.14-linuxkit"},"platform":"Java/Eclipse Adoptium/25.0.3+9-LTS","env":{"container":{"runtime":"docker"}}},"extraInfo":{}}}
{"t":{"$date":"2026-07-08T12:56:47.281+00:00"},"s":"I",  "c":"NETWORK",  "id":6788700, "ctx":"conn12","msg":"Received first command on ingress connection since session start or auth handshake","attr":{"elapsedMillis":6}}
{"t":{"$date":"2026-07-08T12:56:47.446+00:00"},"s":"I",  "c":"NETWORK",  "id":22943,   "ctx":"listener","msg":"Connection accepted","attr":{"remote":"127.0.0.1:50268","isLoadBalanced":false,"uuid":{"uuid":{"$uuid":"b7d68dc0-0c70-4a2a-8a5c-42282aa0e0ea"}},"connectionId":13,"connectionCount":7}}
{"t":{"$date":"2026-07-08T12:56:47.453+00:00"},"s":"I",  "c":"NETWORK",  "id":51800,   "ctx":"conn13","msg":"client metadata","attr":{"remote":"127.0.0.1:50268","client":"conn13","negotiatedCompressors":[],"doc":{"driver":{"name":"mongo-java-driver|sync|spring-boot","version":"5.5.2"},"os":{"type":"Linux","name":"Linux","architecture":"amd64","version":"6.10.14-linuxkit"},"platform":"Java/Eclipse Adoptium/25.0.3+9-LTS","env":{"container":{"runtime":"docker"}}}}}
{"t":{"$date":"2026-07-08T12:56:47.453+00:00"},"s":"I",  "c":"ACCESS",   "id":6788604, "ctx":"conn13","msg":"Auth metrics report","attr":{"metric":"acquireUser","micros":0}}
{"t":{"$date":"2026-07-08T12:56:47.495+00:00"},"s":"I",  "c":"ACCESS",   "id":5286306, "ctx":"conn13","msg":"Successfully authenticated","attr":{"client":"127.0.0.1:50268","isSpeculative":true,"isClusterMember":false,"mechanism":"SCRAM-SHA-256","user":"appsmith","db":"appsmith","result":0,"metrics":{"conversation_duration":{"micros":41903,"summary":{"0":{"step":1,"step_total":2,"duration_micros":318},"1":{"step":2,"step_total":2,"duration_micros":35}}}},"doc":{"driver":{"name":"mongo-java-driver|sync|spring-boot","version":"5.5.2"},"os":{"type":"Linux","name":"Linux","architecture":"amd64","version":"6.10.14-linuxkit"},"platform":"Java/Eclipse Adoptium/25.0.3+9-LTS","env":{"container":{"runtime":"docker"}}},"extraInfo":{}}}
{"t":{"$date":"2026-07-08T12:56:47.502+00:00"},"s":"I",  "c":"NETWORK",  "id":6788700, "ctx":"conn13","msg":"Received first command on ingress connection since session start or auth handshake","attr":{"elapsedMillis":6}}
{"t":{"$date":"2026-07-08T12:56:55.779+00:00"},"s":"I",  "c":"NETWORK",  "id":22943,   "ctx":"listener","msg":"Connection accepted","attr":{"remote":"127.0.0.1:50270","isLoadBalanced":false,"uuid":{"uuid":{"$uuid":"2889f5ca-daee-4a6e-a986-3b09e1d11d63"}},"connectionId":14,"connectionCount":8}}
{"t":{"$date":"2026-07-08T12:56:55.782+00:00"},"s":"I",  "c":"NETWORK",  "id":51800,   "ctx":"conn14","msg":"client metadata","attr":{"remote":"127.0.0.1:50270","client":"conn14","negotiatedCompressors":[],"doc":{"driver":{"name":"mongo-java-driver|reactive-streams|spring-boot","version":"5.5.2"},"os":{"type":"Linux","name":"Linux","architecture":"amd64","version":"6.10.14-linuxkit"},"platform":"Java/Eclipse Adoptium/25.0.3+9-LTS","env":{"container":{"runtime":"docker"}}}}}
{"t":{"$date":"2026-07-08T12:56:55.785+00:00"},"s":"I",  "c":"ACCESS",   "id":6788604, "ctx":"conn14","msg":"Auth metrics report","attr":{"metric":"acquireUser","micros":0}}
{"t":{"$date":"2026-07-08T12:56:55.819+00:00"},"s":"I",  "c":"ACCESS",   "id":5286306, "ctx":"conn14","msg":"Successfully authenticated","attr":{"client":"127.0.0.1:50270","isSpeculative":true,"isClusterMember":false,"mechanism":"SCRAM-SHA-256","user":"appsmith","db":"appsmith","result":0,"metrics":{"conversation_duration":{"micros":34478,"summary":{"0":{"step":1,"step_total":2,"duration_micros":644},"1":{"step":2,"step_total":2,"duration_micros":31}}}},"doc":{"driver":{"name":"mongo-java-driver|reactive-streams|spring-boot","version":"5.5.2"},"os":{"type":"Linux","name":"Linux","architecture":"amd64","version":"6.10.14-linuxkit"},"platform":"Java/Eclipse Adoptium/25.0.3+9-LTS","env":{"container":{"runtime":"docker"}}},"extraInfo":{}}}
{"t":{"$date":"2026-07-08T12:56:55.822+00:00"},"s":"I",  "c":"NETWORK",  "id":6788700, "ctx":"conn14","msg":"Received first command on ingress connection since session start or auth handshake","attr":{"elapsedMillis":3}}
{"t":{"$date":"2026-07-08T12:57:05.898+00:00"},"s":"I",  "c":"NETWORK",  "id":22943,   "ctx":"listener","msg":"Connection accepted","attr":{"remote":"127.0.0.1:48362","isLoadBalanced":false,"uuid":{"uuid":{"$uuid":"bd717a87-6700-4dc1-8e15-9ba388dbf5cd"}},"connectionId":15,"connectionCount":9}}
{"t":{"$date":"2026-07-08T12:57:05.907+00:00"},"s":"I",  "c":"NETWORK",  "id":51800,   "ctx":"conn15","msg":"client metadata","attr":{"remote":"127.0.0.1:48362","client":"conn15","negotiatedCompressors":[],"doc":{"driver":{"name":"mongo-java-driver|reactive-streams|spring-boot","version":"5.5.2"},"os":{"type":"Linux","name":"Linux","architecture":"amd64","version":"6.10.14-linuxkit"},"platform":"Java/Eclipse Adoptium/25.0.3+9-LTS","env":{"container":{"runtime":"docker"}}}}}
{"t":{"$date":"2026-07-08T12:57:05.907+00:00"},"s":"I",  "c":"ACCESS",   "id":6788604, "ctx":"conn15","msg":"Auth metrics report","attr":{"metric":"acquireUser","micros":0}}
{"t":{"$date":"2026-07-08T12:57:06.000+00:00"},"s":"I",  "c":"COMMAND",  "id":51803,   "ctx":"conn14","msg":"Slow query","attr":{"type":"command","ns":"appsmith.application","command":{"find":"application","filter":{"$and":[{"$and":[{"workspaceId":"6a4e3f44920d2f72d68903fc"}]},{"$and":[{"$and":[{"$and":[{"$or":[{"$and":[{"deleted":{"$exists":false}}]},{"$and":[{"deleted":false}]}]}]},{"$and":[{"deletedAt":null}]}]}]},{"policyMap.read:applications.permissionGroups":{"$in":["6a4e3f08920d2f72d68903e1","6a4e3f08920d2f72d68903e2","6a4e3f44920d2f72d68903fb","6a4e3f44920d2f72d68903fd"]}}]},"batchSize":10000,"$db":"appsmith","$clusterTime":{"clusterTime":{"$timestamp":{"t":1783515420,"i":1}},"signature":{"hash":{"$binary":{"base64":"ND5dxsc2KO2USoMgZfx8VCTtLI8=","subType":"0"}},"keyId":7660129173767192578}},"lsid":{"id":{"$uuid":"739c1061-5f71-4d49-b8bb-735b40075ba1"}},"$readPreference":{"mode":"primaryPreferred"}},"planSummary":"IXSCAN { workspaceId: 1, name: 1, deletedAt: 1, gitApplicationMetadata.remoteUrl: 1, gitApplicationMetadata.branchName: 1 }","planningTimeMicros":126942,"keysExamined":1,"docsExamined":1,"fromMultiPlanner":true,"nBatches":1,"cursorExhausted":true,"numYields":3,"nreturned":1,"queryHash":"BAC8E80B","planCacheKey":"3B45E2EF","queryFramework":"classic","reslen":4813,"locks":{"FeatureCompatibilityVersion":{"acquireCount":{"r":4}},"Global":{"acquireCount":{"r":4}}},"readConcern":{"level":"local","provenance":"implicitDefault"},"storage":{"data":{"bytesRead":10170,"timeReadingMicros":16398},"timeWaitingMicros":{"schemaLock":8502}},"cpuNanos":17229644,"remote":"127.0.0.1:50270","protocol":"op_msg","durationMillis":127}}
{"t":{"$date":"2026-07-08T12:57:06.147+00:00"},"s":"I",  "c":"ACCESS",   "id":5286306, "ctx":"conn15","msg":"Successfully authenticated","attr":{"client":"127.0.0.1:48362","isSpeculative":true,"isClusterMember":false,"mechanism":"SCRAM-SHA-256","user":"appsmith","db":"appsmith","result":0,"metrics":{"conversation_duration":{"micros":240300,"summary":{"0":{"step":1,"step_total":2,"duration_micros":489},"1":{"step":2,"step_total":2,"duration_micros":39}}}},"doc":{"driver":{"name":"mongo-java-driver|reactive-streams|spring-boot","version":"5.5.2"},"os":{"type":"Linux","name":"Linux","architecture":"amd64","version":"6.10.14-linuxkit"},"platform":"Java/Eclipse Adoptium/25.0.3+9-LTS","env":{"container":{"runtime":"docker"}}},"extraInfo":{}}}
{"t":{"$date":"2026-07-08T12:57:06.162+00:00"},"s":"I",  "c":"NETWORK",  "id":6788700, "ctx":"conn15","msg":"Received first command on ingress connection since session start or auth handshake","attr":{"elapsedMillis":15}}
{"t":{"$date":"2026-07-08T12:57:07.999+00:00"},"s":"I",  "c":"NETWORK",  "id":22943,   "ctx":"listener","msg":"Connection accepted","attr":{"remote":"127.0.0.1:38820","isLoadBalanced":false,"uuid":{"uuid":{"$uuid":"f071be4b-16ee-4a48-8fdf-625e23ac4c86"}},"connectionId":16,"connectionCount":10}}
{"t":{"$date":"2026-07-08T12:57:08.004+00:00"},"s":"I",  "c":"NETWORK",  "id":51800,   "ctx":"conn16","msg":"client metadata","attr":{"remote":"127.0.0.1:38820","client":"conn16","negotiatedCompressors":[],"doc":{"driver":{"name":"mongo-java-driver|reactive-streams|spring-boot","version":"5.5.2"},"os":{"type":"Linux","name":"Linux","architecture":"amd64","version":"6.10.14-linuxkit"},"platform":"Java/Eclipse Adoptium/25.0.3+9-LTS","env":{"container":{"runtime":"docker"}}}}}
{"t":{"$date":"2026-07-08T12:57:08.005+00:00"},"s":"I",  "c":"ACCESS",   "id":6788604, "ctx":"conn16","msg":"Auth metrics report","attr":{"metric":"acquireUser","micros":0}}
{"t":{"$date":"2026-07-08T12:57:08.057+00:00"},"s":"I",  "c":"ACCESS",   "id":5286306, "ctx":"conn16","msg":"Successfully authenticated","attr":{"client":"127.0.0.1:38820","isSpeculative":true,"isClusterMember":false,"mechanism":"SCRAM-SHA-256","user":"appsmith","db":"appsmith","result":0,"metrics":{"conversation_duration":{"micros":51656,"summary":{"0":{"step":1,"step_total":2,"duration_micros":1497},"1":{"step":2,"step_total":2,"duration_micros":36}}}},"doc":{"driver":{"name":"mongo-java-driver|reactive-streams|spring-boot","version":"5.5.2"},"os":{"type":"Linux","name":"Linux","architecture":"amd64","version":"6.10.14-linuxkit"},"platform":"Java/Eclipse Adoptium/25.0.3+9-LTS","env":{"container":{"runtime":"docker"}}},"extraInfo":{}}}
{"t":{"$date":"2026-07-08T12:57:08.063+00:00"},"s":"I",  "c":"NETWORK",  "id":6788700, "ctx":"conn16","msg":"Received first command on ingress connection since session start or auth handshake","attr":{"elapsedMillis":6}}
{"t":{"$date":"2026-07-08T12:57:19.612+00:00"},"s":"I",  "c":"WTCHKPT",  "id":22430,   "ctx":"Checkpointer","msg":"WiredTiger message","attr":{"message":{"ts_sec":1783515439,"ts_usec":612300,"thread":"1698:0x7fd46aa006c0","session_name":"WT_SESSION.checkpoint","category":"WT_VERB_CHECKPOINT_PROGRESS","category_id":6,"verbose_level":"DEBUG_1","verbose_level_id":1,"msg":"saving checkpoint snapshot min: 55, snapshot max: 55 snapshot count: 0, oldest timestamp: (1783515136, 3) , meta checkpoint timestamp: (1783515436, 3) base write gen: 420"}}}
{"t":{"$date":"2026-07-08T12:58:19.659+00:00"},"s":"I",  "c":"WTCHKPT",  "id":22430,   "ctx":"Checkpointer","msg":"WiredTiger message","attr":{"message":{"ts_sec":1783515499,"ts_usec":659543,"thread":"1698:0x7fd46aa006c0","session_name":"WT_SESSION.checkpoint","category":"WT_VERB_CHECKPOINT_PROGRESS","category_id":6,"verbose_level":"DEBUG_1","verbose_level_id":1,"msg":"saving checkpoint snapshot min: 71, snapshot max: 71 snapshot count: 0, oldest timestamp: (1783515190, 1) , meta checkpoint timestamp: (1783515490, 1) base write gen: 420"}}}
{"t":{"$date":"2026-07-08T12:59:19.680+00:00"},"s":"I",  "c":"WTCHKPT",  "id":22430,   "ctx":"Checkpointer","msg":"WiredTiger message","attr":{"message":{"ts_sec":1783515559,"ts_usec":680788,"thread":"1698:0x7fd46aa006c0","session_name":"WT_SESSION.checkpoint","category":"WT_VERB_CHECKPOINT_PROGRESS","category_id":6,"verbose_level":"DEBUG_1","verbose_level_id":1,"msg":"saving checkpoint snapshot min: 85, snapshot max: 85 snapshot count: 0, oldest timestamp: (1783515250, 1) , meta checkpoint timestamp: (1783515550, 1) base write gen: 420"}}}
{"t":{"$date":"2026-07-08T13:00:19.708+00:00"},"s":"I",  "c":"WTCHKPT",  "id":22430,   "ctx":"Checkpointer","msg":"WiredTiger message","attr":{"message":{"ts_sec":1783515619,"ts_usec":708322,"thread":"1698:0x7fd46aa006c0","session_name":"WT_SESSION.checkpoint","category":"WT_VERB_CHECKPOINT_PROGRESS","category_id":6,"verbose_level":"DEBUG_1","verbose_level_id":1,"msg":"saving checkpoint snapshot min: 100, snapshot max: 100 snapshot count: 0, oldest timestamp: (1783515310, 1) , meta checkpoint timestamp: (1783515610, 1) base write gen: 420"}}}
{"t":{"$date":"2026-07-08T13:01:19.731+00:00"},"s":"I",  "c":"WTCHKPT",  "id":22430,   "ctx":"Checkpointer","msg":"WiredTiger message","attr":{"message":{"ts_sec":1783515679,"ts_usec":731003,"thread":"1698:0x7fd46aa006c0","session_name":"WT_SESSION.checkpoint","category":"WT_VERB_CHECKPOINT_PROGRESS","category_id":6,"verbose_level":"DEBUG_1","verbose_level_id":1,"msg":"saving checkpoint snapshot min: 114, snapshot max: 114 snapshot count: 0, oldest timestamp: (1783515370, 1) , meta checkpoint timestamp: (1783515670, 1) base write gen: 420"}}}
{"t":{"$date":"2026-07-08T13:02:19.768+00:00"},"s":"I",  "c":"WTCHKPT",  "id":22430,   "ctx":"Checkpointer","msg":"WiredTiger message","attr":{"message":{"ts_sec":1783515739,"ts_usec":768204,"thread":"1698:0x7fd46aa006c0","session_name":"WT_SESSION.checkpoint","category":"WT_VERB_CHECKPOINT_PROGRESS","category_id":6,"verbose_level":"DEBUG_1","verbose_level_id":1,"msg":"saving checkpoint snapshot min: 139, snapshot max: 139 snapshot count: 0, oldest timestamp: (1783515430, 1) , meta checkpoint timestamp: (1783515730, 1) base write gen: 420"}}}
{"t":{"$date":"2026-07-08T13:03:19.802+00:00"},"s":"I",  "c":"WTCHKPT",  "id":22430,   "ctx":"Checkpointer","msg":"WiredTiger message","attr":{"message":{"ts_sec":1783515799,"ts_usec":802206,"thread":"1698:0x7fd46aa006c0","session_name":"WT_SESSION.checkpoint","category":"WT_VERB_CHECKPOINT_PROGRESS","category_id":6,"verbose_level":"DEBUG_1","verbose_level_id":1,"msg":"saving checkpoint snapshot min: 153, snapshot max: 153 snapshot count: 0, oldest timestamp: (1783515490, 1) , meta checkpoint timestamp: (1783515790, 1) base write gen: 420"}}}
{"t":{"$date":"2026-07-08T13:04:19.833+00:00"},"s":"I",  "c":"WTCHKPT",  "id":22430,   "ctx":"Checkpointer","msg":"WiredTiger message","attr":{"message":{"ts_sec":1783515859,"ts_usec":833681,"thread":"1698:0x7fd46aa006c0","session_name":"WT_SESSION.checkpoint","category":"WT_VERB_CHECKPOINT_PROGRESS","category_id":6,"verbose_level":"DEBUG_1","verbose_level_id":1,"msg":"saving checkpoint snapshot min: 167, snapshot max: 167 snapshot count: 0, oldest timestamp: (1783515550, 1) , meta checkpoint timestamp: (1783515850, 1) base write gen: 420"}}}
{"t":{"$date":"2026-07-08T13:05:19.865+00:00"},"s":"I",  "c":"WTCHKPT",  "id":22430,   "ctx":"Checkpointer","msg":"WiredTiger message","attr":{"message":{"ts_sec":1783515919,"ts_usec":865303,"thread":"1698:0x7fd46aa006c0","session_name":"WT_SESSION.checkpoint","category":"WT_VERB_CHECKPOINT_PROGRESS","category_id":6,"verbose_level":"DEBUG_1","verbose_level_id":1,"msg":"saving checkpoint snapshot min: 181, snapshot max: 181 snapshot count: 0, oldest timestamp: (1783515610, 1) , meta checkpoint timestamp: (1783515910, 1) base write gen: 420"}}}
{"t":{"$date":"2026-07-08T13:06:19.901+00:00"},"s":"I",  "c":"WTCHKPT",  "id":22430,   "ctx":"Checkpointer","msg":"WiredTiger message","attr":{"message":{"ts_sec":1783515979,"ts_usec":901198,"thread":"1698:0x7fd46aa006c0","session_name":"WT_SESSION.checkpoint","category":"WT_VERB_CHECKPOINT_PROGRESS","category_id":6,"verbose_level":"DEBUG_1","verbose_level_id":1,"msg":"saving checkpoint snapshot min: 195, snapshot max: 195 snapshot count: 0, oldest timestamp: (1783515670, 1) , meta checkpoint timestamp: (1783515970, 1) base write gen: 420"}}}
{"t":{"$date":"2026-07-08T13:07:19.928+00:00"},"s":"I",  "c":"WTCHKPT",  "id":22430,   "ctx":"Checkpointer","msg":"WiredTiger message","attr":{"message":{"ts_sec":1783516039,"ts_usec":928219,"thread":"1698:0x7fd46aa006c0","session_name":"WT_SESSION.checkpoint","category":"WT_VERB_CHECKPOINT_PROGRESS","category_id":6,"verbose_level":"DEBUG_1","verbose_level_id":1,"msg":"saving checkpoint snapshot min: 209, snapshot max: 209 snapshot count: 0, oldest timestamp: (1783515730, 1) , meta checkpoint timestamp: (1783516030, 1) base write gen: 420"}}}
{"t":{"$date":"2026-07-08T13:08:19.910+00:00"},"s":"I",  "c":"WTCHKPT",  "id":22430,   "ctx":"Checkpointer","msg":"WiredTiger message","attr":{"message":{"ts_sec":1783516099,"ts_usec":910951,"thread":"1698:0x7fd46aa006c0","session_name":"WT_SESSION.checkpoint","category":"WT_VERB_CHECKPOINT_PROGRESS","category_id":6,"verbose_level":"DEBUG_1","verbose_level_id":1,"msg":"saving checkpoint snapshot min: 222, snapshot max: 222 snapshot count: 0, oldest timestamp: (1783515790, 1) , meta checkpoint timestamp: (1783516090, 1) base write gen: 420"}}}
{"t":{"$date":"2026-07-08T13:09:19.946+00:00"},"s":"I",  "c":"WTCHKPT",  "id":22430,   "ctx":"Checkpointer","msg":"WiredTiger message","attr":{"message":{"ts_sec":1783516159,"ts_usec":946791,"thread":"1698:0x7fd46aa006c0","session_name":"WT_SESSION.checkpoint","category":"WT_VERB_CHECKPOINT_PROGRESS","category_id":6,"verbose_level":"DEBUG_1","verbose_level_id":1,"msg":"saving checkpoint snapshot min: 236, snapshot max: 236 snapshot count: 0, oldest timestamp: (1783515850, 1) , meta checkpoint timestamp: (1783516150, 1) base write gen: 420"}}}
{"t":{"$date":"2026-07-08T13:10:19.997+00:00"},"s":"I",  "c":"WTCHKPT",  "id":22430,   "ctx":"Checkpointer","msg":"WiredTiger message","attr":{"message":{"ts_sec":1783516219,"ts_usec":997157,"thread":"1698:0x7fd46aa006c0","session_name":"WT_SESSION.checkpoint","category":"WT_VERB_CHECKPOINT_PROGRESS","category_id":6,"verbose_level":"DEBUG_1","verbose_level_id":1,"msg":"saving checkpoint snapshot min: 250, snapshot max: 250 snapshot count: 0, oldest timestamp: (1783515910, 1) , meta checkpoint timestamp: (1783516210, 1) base write gen: 420"}}}
{"t":{"$date":"2026-07-08T13:11:20.032+00:00"},"s":"I",  "c":"WTCHKPT",  "id":22430,   "ctx":"Checkpointer","msg":"WiredTiger message","attr":{"message":{"ts_sec":1783516280,"ts_usec":32196,"thread":"1698:0x7fd46aa006c0","session_name":"WT_SESSION.checkpoint","category":"WT_VERB_CHECKPOINT_PROGRESS","category_id":6,"verbose_level":"DEBUG_1","verbose_level_id":1,"msg":"saving checkpoint snapshot min: 267, snapshot max: 267 snapshot count: 0, oldest timestamp: (1783515979, 1) , meta checkpoint timestamp: (1783516279, 1) base write gen: 420"}}}
{"t":{"$date":"2026-07-08T13:12:20.062+00:00"},"s":"I",  "c":"WTCHKPT",  "id":22430,   "ctx":"Checkpointer","msg":"WiredTiger message","attr":{"message":{"ts_sec":1783516340,"ts_usec":62776,"thread":"1698:0x7fd46aa006c0","session_name":"WT_SESSION.checkpoint","category":"WT_VERB_CHECKPOINT_PROGRESS","category_id":6,"verbose_level":"DEBUG_1","verbose_level_id":1,"msg":"saving checkpoint snapshot min: 279, snapshot max: 279 snapshot count: 0, oldest timestamp: (1783516030, 1) , meta checkpoint timestamp: (1783516330, 1) base write gen: 420"}}}
{"t":{"$date":"2026-07-08T13:13:20.091+00:00"},"s":"I",  "c":"WTCHKPT",  "id":22430,   "ctx":"Checkpointer","msg":"WiredTiger message","attr":{"message":{"ts_sec":1783516400,"ts_usec":91334,"thread":"1698:0x7fd46aa006c0","session_name":"WT_SESSION.checkpoint","category":"WT_VERB_CHECKPOINT_PROGRESS","category_id":6,"verbose_level":"DEBUG_1","verbose_level_id":1,"msg":"saving checkpoint snapshot min: 294, snapshot max: 294 snapshot count: 0, oldest timestamp: (1783516090, 1) , meta checkpoint timestamp: (1783516390, 1) base write gen: 420"}}}
{"t":{"$date":"2026-07-08T13:14:20.127+00:00"},"s":"I",  "c":"WTCHKPT",  "id":22430,   "ctx":"Checkpointer","msg":"WiredTiger message","attr":{"message":{"ts_sec":1783516460,"ts_usec":126948,"thread":"1698:0x7fd46aa006c0","session_name":"WT_SESSION.checkpoint","category":"WT_VERB_CHECKPOINT_PROGRESS","category_id":6,"verbose_level":"DEBUG_1","verbose_level_id":1,"msg":"saving checkpoint snapshot min: 307, snapshot max: 307 snapshot count: 0, oldest timestamp: (1783516150, 1) , meta checkpoint timestamp: (1783516450, 1) base write gen: 420"}}}
{"t":{"$date":"2026-07-08T13:15:20.153+00:00"},"s":"I",  "c":"WTCHKPT",  "id":22430,   "ctx":"Checkpointer","msg":"WiredTiger message","attr":{"message":{"ts_sec":1783516520,"ts_usec":153419,"thread":"1698:0x7fd46aa006c0","session_name":"WT_SESSION.checkpoint","category":"WT_VERB_CHECKPOINT_PROGRESS","category_id":6,"verbose_level":"DEBUG_1","verbose_level_id":1,"msg":"saving checkpoint snapshot min: 321, snapshot max: 321 snapshot count: 0, oldest timestamp: (1783516210, 1) , meta checkpoint timestamp: (1783516510, 1) base write gen: 420"}}}
{"t":{"$date":"2026-07-08T13:16:20.184+00:00"},"s":"I",  "c":"WTCHKPT",  "id":22430,   "ctx":"Checkpointer","msg":"WiredTiger message","attr":{"message":{"ts_sec":1783516580,"ts_usec":183979,"thread":"1698:0x7fd46aa006c0","session_name":"WT_SESSION.checkpoint","category":"WT_VERB_CHECKPOINT_PROGRESS","category_id":6,"verbose_level":"DEBUG_1","verbose_level_id":1,"msg":"saving checkpoint snapshot min: 338, snapshot max: 338 snapshot count: 0, oldest timestamp: (1783516279, 2) , meta checkpoint timestamp: (1783516579, 2) base write gen: 420"}}}
{"t":{"$date":"2026-07-08T13:17:20.210+00:00"},"s":"I",  "c":"WTCHKPT",  "id":22430,   "ctx":"Checkpointer","msg":"WiredTiger message","attr":{"message":{"ts_sec":1783516640,"ts_usec":210065,"thread":"1698:0x7fd46aa006c0","session_name":"WT_SESSION.checkpoint","category":"WT_VERB_CHECKPOINT_PROGRESS","category_id":6,"verbose_level":"DEBUG_1","verbose_level_id":1,"msg":"saving checkpoint snapshot min: 350, snapshot max: 350 snapshot count: 0, oldest timestamp: (1783516330, 1) , meta checkpoint timestamp: (1783516630, 1) base write gen: 420"}}}
{"t":{"$date":"2026-07-08T13:18:20.237+00:00"},"s":"I",  "c":"WTCHKPT",  "id":22430,   "ctx":"Checkpointer","msg":"WiredTiger message","attr":{"message":{"ts_sec":1783516700,"ts_usec":236935,"thread":"1698:0x7fd46aa006c0","session_name":"WT_SESSION.checkpoint","category":"WT_VERB_CHECKPOINT_PROGRESS","category_id":6,"verbose_level":"DEBUG_1","verbose_level_id":1,"msg":"saving checkpoint snapshot min: 364, snapshot max: 364 snapshot count: 0, oldest timestamp: (1783516390, 1) , meta checkpoint timestamp: (1783516690, 1) base write gen: 420"}}}
{"t":{"$date":"2026-07-08T13:19:20.264+00:00"},"s":"I",  "c":"WTCHKPT",  "id":22430,   "ctx":"Checkpointer","msg":"WiredTiger message","attr":{"message":{"ts_sec":1783516760,"ts_usec":264240,"thread":"1698:0x7fd46aa006c0","session_name":"WT_SESSION.checkpoint","category":"WT_VERB_CHECKPOINT_PROGRESS","category_id":6,"verbose_level":"DEBUG_1","verbose_level_id":1,"msg":"saving checkpoint snapshot min: 378, snapshot max: 378 snapshot count: 0, oldest timestamp: (1783516450, 1) , meta checkpoint timestamp: (1783516750, 1) base write gen: 420"}}}
{"t":{"$date":"2026-07-08T13:20:20.293+00:00"},"s":"I",  "c":"WTCHKPT",  "id":22430,   "ctx":"Checkpointer","msg":"WiredTiger message","attr":{"message":{"ts_sec":1783516820,"ts_usec":293695,"thread":"1698:0x7fd46aa006c0","session_name":"WT_SESSION.checkpoint","category":"WT_VERB_CHECKPOINT_PROGRESS","category_id":6,"verbose_level":"DEBUG_1","verbose_level_id":1,"msg":"saving checkpoint snapshot min: 392, snapshot max: 392 snapshot count: 0, oldest timestamp: (1783516510, 1) , meta checkpoint timestamp: (1783516810, 1) base write gen: 420"}}}
{"t":{"$date":"2026-07-08T13:21:20.323+00:00"},"s":"I",  "c":"WTCHKPT",  "id":22430,   "ctx":"Checkpointer","msg":"WiredTiger message","attr":{"message":{"ts_sec":1783516880,"ts_usec":323426,"thread":"1698:0x7fd46aa006c0","session_name":"WT_SESSION.checkpoint","category":"WT_VERB_CHECKPOINT_PROGRESS","category_id":6,"verbose_level":"DEBUG_1","verbose_level_id":1,"msg":"saving checkpoint snapshot min: 406, snapshot max: 406 snapshot count: 0, oldest timestamp: (1783516570, 1) , meta checkpoint timestamp: (1783516870, 1) base write gen: 420"}}}
{"t":{"$date":"2026-07-08T13:22:20.345+00:00"},"s":"I",  "c":"WTCHKPT",  "id":22430,   "ctx":"Checkpointer","msg":"WiredTiger message","attr":{"message":{"ts_sec":1783516940,"ts_usec":345333,"thread":"1698:0x7fd46aa006c0","session_name":"WT_SESSION.checkpoint","category":"WT_VERB_CHECKPOINT_PROGRESS","category_id":6,"verbose_level":"DEBUG_1","verbose_level_id":1,"msg":"saving checkpoint snapshot min: 420, snapshot max: 420 snapshot count: 0, oldest timestamp: (1783516630, 1) , meta checkpoint timestamp: (1783516930, 1) base write gen: 420"}}}
{"t":{"$date":"2026-07-08T13:23:20.379+00:00"},"s":"I",  "c":"WTCHKPT",  "id":22430,   "ctx":"Checkpointer","msg":"WiredTiger message","attr":{"message":{"ts_sec":1783517000,"ts_usec":379401,"thread":"1698:0x7fd46aa006c0","session_name":"WT_SESSION.checkpoint","category":"WT_VERB_CHECKPOINT_PROGRESS","category_id":6,"verbose_level":"DEBUG_1","verbose_level_id":1,"msg":"saving checkpoint snapshot min: 436, snapshot max: 436 snapshot count: 0, oldest timestamp: (1783516700, 1) , meta checkpoint timestamp: (1783517000, 1) base write gen: 420"}}}
{"t":{"$date":"2026-07-08T13:24:20.402+00:00"},"s":"I",  "c":"WTCHKPT",  "id":22430,   "ctx":"Checkpointer","msg":"WiredTiger message","attr":{"message":{"ts_sec":1783517060,"ts_usec":402294,"thread":"1698:0x7fd46aa006c0","session_name":"WT_SESSION.checkpoint","category":"WT_VERB_CHECKPOINT_PROGRESS","category_id":6,"verbose_level":"DEBUG_1","verbose_level_id":1,"msg":"saving checkpoint snapshot min: 448, snapshot max: 448 snapshot count: 0, oldest timestamp: (1783516750, 1) , meta checkpoint timestamp: (1783517050, 1) base write gen: 420"}}}
{"t":{"$date":"2026-07-08T13:25:20.428+00:00"},"s":"I",  "c":"WTCHKPT",  "id":22430,   "ctx":"Checkpointer","msg":"WiredTiger message","attr":{"message":{"ts_sec":1783517120,"ts_usec":428365,"thread":"1698:0x7fd46aa006c0","session_name":"WT_SESSION.checkpoint","category":"WT_VERB_CHECKPOINT_PROGRESS","category_id":6,"verbose_level":"DEBUG_1","verbose_level_id":1,"msg":"saving checkpoint snapshot min: 462, snapshot max: 462 snapshot count: 0, oldest timestamp: (1783516810, 1) , meta checkpoint timestamp: (1783517110, 1) base write gen: 420"}}}
{"t":{"$date":"2026-07-08T13:26:20.464+00:00"},"s":"I",  "c":"WTCHKPT",  "id":22430,   "ctx":"Checkpointer","msg":"WiredTiger message","attr":{"message":{"ts_sec":1783517180,"ts_usec":464442,"thread":"1698:0x7fd46aa006c0","session_name":"WT_SESSION.checkpoint","category":"WT_VERB_CHECKPOINT_PROGRESS","category_id":6,"verbose_level":"DEBUG_1","verbose_level_id":1,"msg":"saving checkpoint snapshot min: 479, snapshot max: 479 snapshot count: 0, oldest timestamp: (1783516879, 2) , meta checkpoint timestamp: (1783517179, 2) base write gen: 420"}}}
{"t":{"$date":"2026-07-08T13:27:20.498+00:00"},"s":"I",  "c":"WTCHKPT",  "id":22430,   "ctx":"Checkpointer","msg":"WiredTiger message","attr":{"message":{"ts_sec":1783517240,"ts_usec":497953,"thread":"1698:0x7fd46aa006c0","session_name":"WT_SESSION.checkpoint","category":"WT_VERB_CHECKPOINT_PROGRESS","category_id":6,"verbose_level":"DEBUG_1","verbose_level_id":1,"msg":"saving checkpoint snapshot min: 492, snapshot max: 492 snapshot count: 0, oldest timestamp: (1783516930, 1) , meta checkpoint timestamp: (1783517230, 1) base write gen: 420"}}}
{"t":{"$date":"2026-07-08T13:28:20.524+00:00"},"s":"I",  "c":"WTCHKPT",  "id":22430,   "ctx":"Checkpointer","msg":"WiredTiger message","attr":{"message":{"ts_sec":1783517300,"ts_usec":524919,"thread":"1698:0x7fd46aa006c0","session_name":"WT_SESSION.checkpoint","category":"WT_VERB_CHECKPOINT_PROGRESS","category_id":6,"verbose_level":"DEBUG_1","verbose_level_id":1,"msg":"saving checkpoint snapshot min: 507, snapshot max: 507 snapshot count: 0, oldest timestamp: (1783517000, 1) , meta checkpoint timestamp: (1783517300, 1) base write gen: 420"}}}
{"t":{"$date":"2026-07-08T13:29:20.552+00:00"},"s":"I",  "c":"WTCHKPT",  "id":22430,   "ctx":"Checkpointer","msg":"WiredTiger message","attr":{"message":{"ts_sec":1783517360,"ts_usec":551982,"thread":"1698:0x7fd46aa006c0","session_name":"WT_SESSION.checkpoint","category":"WT_VERB_CHECKPOINT_PROGRESS","category_id":6,"verbose_level":"DEBUG_1","verbose_level_id":1,"msg":"saving checkpoint snapshot min: 521, snapshot max: 521 snapshot count: 0, oldest timestamp: (1783517060, 1) , meta checkpoint timestamp: (1783517360, 1) base write gen: 420"}}}
{"t":{"$date":"2026-07-08T13:30:20.578+00:00"},"s":"I",  "c":"WTCHKPT",  "id":22430,   "ctx":"Checkpointer","msg":"WiredTiger message","attr":{"message":{"ts_sec":1783517420,"ts_usec":578731,"thread":"1698:0x7fd46aa006c0","session_name":"WT_SESSION.checkpoint","category":"WT_VERB_CHECKPOINT_PROGRESS","category_id":6,"verbose_level":"DEBUG_1","verbose_level_id":1,"msg":"saving checkpoint snapshot min: 535, snapshot max: 535 snapshot count: 0, oldest timestamp: (1783517120, 1) , meta checkpoint timestamp: (1783517420, 1) base write gen: 420"}}}
{"t":{"$date":"2026-07-08T13:31:20.609+00:00"},"s":"I",  "c":"WTCHKPT",  "id":22430,   "ctx":"Checkpointer","msg":"WiredTiger message","attr":{"message":{"ts_sec":1783517480,"ts_usec":609851,"thread":"1698:0x7fd46aa006c0","session_name":"WT_SESSION.checkpoint","category":"WT_VERB_CHECKPOINT_PROGRESS","category_id":6,"verbose_level":"DEBUG_1","verbose_level_id":1,"msg":"saving checkpoint snapshot min: 549, snapshot max: 549 snapshot count: 0, oldest timestamp: (1783517180, 1) , meta checkpoint timestamp: (1783517480, 1) base write gen: 420"}}}
{"t":{"$date":"2026-07-08T13:32:20.649+00:00"},"s":"I",  "c":"WTCHKPT",  "id":22430,   "ctx":"Checkpointer","msg":"WiredTiger message","attr":{"message":{"ts_sec":1783517540,"ts_usec":649623,"thread":"1698:0x7fd46aa006c0","session_name":"WT_SESSION.checkpoint","category":"WT_VERB_CHECKPOINT_PROGRESS","category_id":6,"verbose_level":"DEBUG_1","verbose_level_id":1,"msg":"saving checkpoint snapshot min: 563, snapshot max: 563 snapshot count: 0, oldest timestamp: (1783517240, 1) , meta checkpoint timestamp: (1783517540, 1) base write gen: 420"}}}
{"t":{"$date":"2026-07-08T13:33:20.674+00:00"},"s":"I",  "c":"WTCHKPT",  "id":22430,   "ctx":"Checkpointer","msg":"WiredTiger message","attr":{"message":{"ts_sec":1783517600,"ts_usec":674518,"thread":"1698:0x7fd46aa006c0","session_name":"WT_SESSION.checkpoint","category":"WT_VERB_CHECKPOINT_PROGRESS","category_id":6,"verbose_level":"DEBUG_1","verbose_level_id":1,"msg":"saving checkpoint snapshot min: 577, snapshot max: 577 snapshot count: 0, oldest timestamp: (1783517300, 1) , meta checkpoint timestamp: (1783517600, 1) base write gen: 420"}}}
{"t":{"$date":"2026-07-08T13:34:20.705+00:00"},"s":"I",  "c":"WTCHKPT",  "id":22430,   "ctx":"Checkpointer","msg":"WiredTiger message","attr":{"message":{"ts_sec":1783517660,"ts_usec":705438,"thread":"1698:0x7fd46aa006c0","session_name":"WT_SESSION.checkpoint","category":"WT_VERB_CHECKPOINT_PROGRESS","category_id":6,"verbose_level":"DEBUG_1","verbose_level_id":1,"msg":"saving checkpoint snapshot min: 591, snapshot max: 591 snapshot count: 0, oldest timestamp: (1783517360, 1) , meta checkpoint timestamp: (1783517660, 1) base write gen: 420"}}}
{"t":{"$date":"2026-07-08T13:35:20.728+00:00"},"s":"I",  "c":"WTCHKPT",  "id":22430,   "ctx":"Checkpointer","msg":"WiredTiger message","attr":{"message":{"ts_sec":1783517720,"ts_usec":728617,"thread":"1698:0x7fd46aa006c0","session_name":"WT_SESSION.checkpoint","category":"WT_VERB_CHECKPOINT_PROGRESS","category_id":6,"verbose_level":"DEBUG_1","verbose_level_id":1,"msg":"saving checkpoint snapshot min: 605, snapshot max: 605 snapshot count: 0, oldest timestamp: (1783517420, 1) , meta checkpoint timestamp: (1783517720, 1) base write gen: 420"}}}
{"t":{"$date":"2026-07-08T13:36:20.761+00:00"},"s":"I",  "c":"WTCHKPT",  "id":22430,   "ctx":"Checkpointer","msg":"WiredTiger message","attr":{"message":{"ts_sec":1783517780,"ts_usec":760964,"thread":"1698:0x7fd46aa006c0","session_name":"WT_SESSION.checkpoint","category":"WT_VERB_CHECKPOINT_PROGRESS","category_id":6,"verbose_level":"DEBUG_1","verbose_level_id":1,"msg":"saving checkpoint snapshot min: 621, snapshot max: 621 snapshot count: 0, oldest timestamp: (1783517479, 3) , meta checkpoint timestamp: (1783517779, 3) base write gen: 420"}}}
{"t":{"$date":"2026-07-08T13:37:20.870+00:00"},"s":"I",  "c":"WTCHKPT",  "id":22430,   "ctx":"Checkpointer","msg":"WiredTiger message","attr":{"message":{"ts_sec":1783517840,"ts_usec":870099,"thread":"1698:0x7fd46aa006c0","session_name":"WT_SESSION.checkpoint","category":"WT_VERB_CHECKPOINT_PROGRESS","category_id":6,"verbose_level":"DEBUG_1","verbose_level_id":1,"msg":"saving checkpoint snapshot min: 635, snapshot max: 635 snapshot count: 0, oldest timestamp: (1783517540, 1) , meta checkpoint timestamp: (1783517840, 1) base write gen: 420"}}}
{"t":{"$date":"2026-07-08T13:57:49.944+00:00"},"s":"W",  "c":"WT",       "id":22430,   "ctx":"thread86","msg":"WiredTiger message","attr":{"message":{"ts_sec":1783519069,"ts_usec":940468,"thread":"1698:0x7fd46d2006c0","session_name":"sweep-server","category":"WT_VERB_DEFAULT","category_id":9,"verbose_level":"WARNING","verbose_level_id":-2,"msg":"Session 13 (@: 0x0x55c1d2a34cf0 name: EMPTY) did not run a sweep for 60 minutes."}}}
{"t":{"$date":"2026-07-08T14:01:07.980+00:00"},"s":"I",  "c":"WTCHKPT",  "id":22430,   "ctx":"Checkpointer","msg":"WiredTiger message","attr":{"message":{"ts_sec":1783519267,"ts_usec":980710,"thread":"1698:0x7fd46aa006c0","session_name":"WT_SESSION.checkpoint","category":"WT_VERB_CHECKPOINT_PROGRESS","category_id":6,"verbose_level":"DEBUG_1","verbose_level_id":1,"msg":"saving checkpoint snapshot min: 650, snapshot max: 650 snapshot count: 0, oldest timestamp: (1783518967, 1) , meta checkpoint timestamp: (1783519267, 1) base write gen: 420"}}}
{"t":{"$date":"2026-07-08T14:15:58.833+00:00"},"s":"I",  "c":"WTCHKPT",  "id":22430,   "ctx":"Checkpointer","msg":"WiredTiger message","attr":{"message":{"ts_sec":1783520158,"ts_usec":833226,"thread":"1698:0x7fd46aa006c0","session_name":"WT_SESSION.checkpoint","category":"WT_VERB_CHECKPOINT_PROGRESS","category_id":6,"verbose_level":"DEBUG_1","verbose_level_id":1,"msg":"saving checkpoint snapshot min: 664, snapshot max: 664 snapshot count: 0, oldest timestamp: (1783519858, 1) , meta checkpoint timestamp: (1783520158, 1) base write gen: 420"}}}
{"t":{"$date":"2026-07-08T14:16:58.868+00:00"},"s":"I",  "c":"WTCHKPT",  "id":22430,   "ctx":"Checkpointer","msg":"WiredTiger message","attr":{"message":{"ts_sec":1783520218,"ts_usec":868404,"thread":"1698:0x7fd46aa006c0","session_name":"WT_SESSION.checkpoint","category":"WT_VERB_CHECKPOINT_PROGRESS","category_id":6,"verbose_level":"DEBUG_1","verbose_level_id":1,"msg":"saving checkpoint snapshot min: 678, snapshot max: 678 snapshot count: 0, oldest timestamp: (1783519918, 1) , meta checkpoint timestamp: (1783520218, 1) base write gen: 420"}}}
{"t":{"$date":"2026-07-08T14:17:58.902+00:00"},"s":"I",  "c":"WTCHKPT",  "id":22430,   "ctx":"Checkpointer","msg":"WiredTiger message","attr":{"message":{"ts_sec":1783520278,"ts_usec":902257,"thread":"1698:0x7fd46aa006c0","session_name":"WT_SESSION.checkpoint","category":"WT_VERB_CHECKPOINT_PROGRESS","category_id":6,"verbose_level":"DEBUG_1","verbose_level_id":1,"msg":"saving checkpoint snapshot min: 692, snapshot max: 692 snapshot count: 0, oldest timestamp: (1783519978, 1) , meta checkpoint timestamp: (1783520278, 1) base write gen: 420"}}}
{"t":{"$date":"2026-07-08T14:18:58.930+00:00"},"s":"I",  "c":"WTCHKPT",  "id":22430,   "ctx":"Checkpointer","msg":"WiredTiger message","attr":{"message":{"ts_sec":1783520338,"ts_usec":930675,"thread":"1698:0x7fd46aa006c0","session_name":"WT_SESSION.checkpoint","category":"WT_VERB_CHECKPOINT_PROGRESS","category_id":6,"verbose_level":"DEBUG_1","verbose_level_id":1,"msg":"saving checkpoint snapshot min: 706, snapshot max: 706 snapshot count: 0, oldest timestamp: (1783520038, 1) , meta checkpoint timestamp: (1783520338, 1) base write gen: 420"}}}
{"t":{"$date":"2026-07-08T14:19:58.957+00:00"},"s":"I",  "c":"WTCHKPT",  "id":22430,   "ctx":"Checkpointer","msg":"WiredTiger message","attr":{"message":{"ts_sec":1783520398,"ts_usec":957138,"thread":"1698:0x7fd46aa006c0","session_name":"WT_SESSION.checkpoint","category":"WT_VERB_CHECKPOINT_PROGRESS","category_id":6,"verbose_level":"DEBUG_1","verbose_level_id":1,"msg":"saving checkpoint snapshot min: 720, snapshot max: 720 snapshot count: 0, oldest timestamp: (1783520098, 1) , meta checkpoint timestamp: (1783520398, 1) base write gen: 420"}}}
{"t":{"$date":"2026-07-08T14:20:58.991+00:00"},"s":"I",  "c":"WTCHKPT",  "id":22430,   "ctx":"Checkpointer","msg":"WiredTiger message","attr":{"message":{"ts_sec":1783520458,"ts_usec":991524,"thread":"1698:0x7fd46aa006c0","session_name":"WT_SESSION.checkpoint","category":"WT_VERB_CHECKPOINT_PROGRESS","category_id":6,"verbose_level":"DEBUG_1","verbose_level_id":1,"msg":"saving checkpoint snapshot min: 734, snapshot max: 734 snapshot count: 0, oldest timestamp: (1783520158, 1) , meta checkpoint timestamp: (1783520458, 1) base write gen: 420"}}}
{"t":{"$date":"2026-07-08T14:21:59.023+00:00"},"s":"I",  "c":"WTCHKPT",  "id":22430,   "ctx":"Checkpointer","msg":"WiredTiger message","attr":{"message":{"ts_sec":1783520519,"ts_usec":23675,"thread":"1698:0x7fd46aa006c0","session_name":"WT_SESSION.checkpoint","category":"WT_VERB_CHECKPOINT_PROGRESS","category_id":6,"verbose_level":"DEBUG_1","verbose_level_id":1,"msg":"saving checkpoint snapshot min: 748, snapshot max: 748 snapshot count: 0, oldest timestamp: (1783520218, 1) , meta checkpoint timestamp: (1783520518, 1) base write gen: 420"}}}
{"t":{"$date":"2026-07-08T14:22:59.060+00:00"},"s":"I",  "c":"WTCHKPT",  "id":22430,   "ctx":"Checkpointer","msg":"WiredTiger message","attr":{"message":{"ts_sec":1783520579,"ts_usec":60346,"thread":"1698:0x7fd46aa006c0","session_name":"WT_SESSION.checkpoint","category":"WT_VERB_CHECKPOINT_PROGRESS","category_id":6,"verbose_level":"DEBUG_1","verbose_level_id":1,"msg":"saving checkpoint snapshot min: 762, snapshot max: 762 snapshot count: 0, oldest timestamp: (1783520278, 1) , meta checkpoint timestamp: (1783520578, 1) base write gen: 420"}}}
{"t":{"$date":"2026-07-08T14:23:59.110+00:00"},"s":"I",  "c":"WTCHKPT",  "id":22430,   "ctx":"Checkpointer","msg":"WiredTiger message","attr":{"message":{"ts_sec":1783520639,"ts_usec":109953,"thread":"1698:0x7fd46aa006c0","session_name":"WT_SESSION.checkpoint","category":"WT_VERB_CHECKPOINT_PROGRESS","category_id":6,"verbose_level":"DEBUG_1","verbose_level_id":1,"msg":"saving checkpoint snapshot min: 776, snapshot max: 776 snapshot count: 0, oldest timestamp: (1783520338, 1) , meta checkpoint timestamp: (1783520638, 1) base write gen: 420"}}}
{"t":{"$date":"2026-07-08T14:24:59.147+00:00"},"s":"I",  "c":"WTCHKPT",  "id":22430,   "ctx":"Checkpointer","msg":"WiredTiger message","attr":{"message":{"ts_sec":1783520699,"ts_usec":147173,"thread":"1698:0x7fd46aa006c0","session_name":"WT_SESSION.checkpoint","category":"WT_VERB_CHECKPOINT_PROGRESS","category_id":6,"verbose_level":"DEBUG_1","verbose_level_id":1,"msg":"saving checkpoint snapshot min: 790, snapshot max: 790 snapshot count: 0, oldest timestamp: (1783520398, 1) , meta checkpoint timestamp: (1783520698, 1) base write gen: 420"}}}
{"t":{"$date":"2026-07-08T14:25:59.173+00:00"},"s":"I",  "c":"WTCHKPT",  "id":22430,   "ctx":"Checkpointer","msg":"WiredTiger message","attr":{"message":{"ts_sec":1783520759,"ts_usec":173885,"thread":"1698:0x7fd46aa006c0","session_name":"WT_SESSION.checkpoint","category":"WT_VERB_CHECKPOINT_PROGRESS","category_id":6,"verbose_level":"DEBUG_1","verbose_level_id":1,"msg":"saving checkpoint snapshot min: 804, snapshot max: 804 snapshot count: 0, oldest timestamp: (1783520458, 1) , meta checkpoint timestamp: (1783520758, 1) base write gen: 420"}}}
{"t":{"$date":"2026-07-08T14:26:59.202+00:00"},"s":"I",  "c":"WTCHKPT",  "id":22430,   "ctx":"Checkpointer","msg":"WiredTiger message","attr":{"message":{"ts_sec":1783520819,"ts_usec":202747,"thread":"1698:0x7fd46aa006c0","session_name":"WT_SESSION.checkpoint","category":"WT_VERB_CHECKPOINT_PROGRESS","category_id":6,"verbose_level":"DEBUG_1","verbose_level_id":1,"msg":"saving checkpoint snapshot min: 818, snapshot max: 818 snapshot count: 0, oldest timestamp: (1783520518, 1) , meta checkpoint timestamp: (1783520818, 1) base write gen: 420"}}}
{"t":{"$date":"2026-07-08T14:27:59.238+00:00"},"s":"I",  "c":"WTCHKPT",  "id":22430,   "ctx":"Checkpointer","msg":"WiredTiger message","attr":{"message":{"ts_sec":1783520879,"ts_usec":238350,"thread":"1698:0x7fd46aa006c0","session_name":"WT_SESSION.checkpoint","category":"WT_VERB_CHECKPOINT_PROGRESS","category_id":6,"verbose_level":"DEBUG_1","verbose_level_id":1,"msg":"saving checkpoint snapshot min: 832, snapshot max: 832 snapshot count: 0, oldest timestamp: (1783520578, 1) , meta checkpoint timestamp: (1783520878, 1) base write gen: 420"}}}
{"t":{"$date":"2026-07-08T14:28:59.280+00:00"},"s":"I",  "c":"WTCHKPT",  "id":22430,   "ctx":"Checkpointer","msg":"WiredTiger message","attr":{"message":{"ts_sec":1783520939,"ts_usec":280800,"thread":"1698:0x7fd46aa006c0","session_name":"WT_SESSION.checkpoint","category":"WT_VERB_CHECKPOINT_PROGRESS","category_id":6,"verbose_level":"DEBUG_1","verbose_level_id":1,"msg":"saving checkpoint snapshot min: 846, snapshot max: 846 snapshot count: 0, oldest timestamp: (1783520638, 1) , meta checkpoint timestamp: (1783520938, 1) base write gen: 420"}}}
{"t":{"$date":"2026-07-08T14:29:59.311+00:00"},"s":"I",  "c":"WTCHKPT",  "id":22430,   "ctx":"Checkpointer","msg":"WiredTiger message","attr":{"message":{"ts_sec":1783520999,"ts_usec":311322,"thread":"1698:0x7fd46aa006c0","session_name":"WT_SESSION.checkpoint","category":"WT_VERB_CHECKPOINT_PROGRESS","category_id":6,"verbose_level":"DEBUG_1","verbose_level_id":1,"msg":"saving checkpoint snapshot min: 860, snapshot max: 860 snapshot count: 0, oldest timestamp: (1783520698, 1) , meta checkpoint timestamp: (1783520998, 1) base write gen: 420"}}}
{"t":{"$date":"2026-07-08T14:30:59.339+00:00"},"s":"I",  "c":"WTCHKPT",  "id":22430,   "ctx":"Checkpointer","msg":"WiredTiger message","attr":{"message":{"ts_sec":1783521059,"ts_usec":338994,"thread":"1698:0x7fd46aa006c0","session_name":"WT_SESSION.checkpoint","category":"WT_VERB_CHECKPOINT_PROGRESS","category_id":6,"verbose_level":"DEBUG_1","verbose_level_id":1,"msg":"saving checkpoint snapshot min: 874, snapshot max: 874 snapshot count: 0, oldest timestamp: (1783520758, 1) , meta checkpoint timestamp: (1783521058, 1) base write gen: 420"}}}
{"t":{"$date":"2026-07-08T14:31:59.380+00:00"},"s":"I",  "c":"WTCHKPT",  "id":22430,   "ctx":"Checkpointer","msg":"WiredTiger message","attr":{"message":{"ts_sec":1783521119,"ts_usec":380803,"thread":"1698:0x7fd46aa006c0","session_name":"WT_SESSION.checkpoint","category":"WT_VERB_CHECKPOINT_PROGRESS","category_id":6,"verbose_level":"DEBUG_1","verbose_level_id":1,"msg":"saving checkpoint snapshot min: 888, snapshot max: 888 snapshot count: 0, oldest timestamp: (1783520818, 1) , meta checkpoint timestamp: (1783521118, 1) base write gen: 420"}}}
{"t":{"$date":"2026-07-08T14:32:59.416+00:00"},"s":"I",  "c":"WTCHKPT",  "id":22430,   "ctx":"Checkpointer","msg":"WiredTiger message","attr":{"message":{"ts_sec":1783521179,"ts_usec":416904,"thread":"1698:0x7fd46aa006c0","session_name":"WT_SESSION.checkpoint","category":"WT_VERB_CHECKPOINT_PROGRESS","category_id":6,"verbose_level":"DEBUG_1","verbose_level_id":1,"msg":"saving checkpoint snapshot min: 902, snapshot max: 902 snapshot count: 0, oldest timestamp: (1783520878, 1) , meta checkpoint timestamp: (1783521178, 1) base write gen: 420"}}}
{"t":{"$date":"2026-07-08T14:33:59.449+00:00"},"s":"I",  "c":"WTCHKPT",  "id":22430,   "ctx":"Checkpointer","msg":"WiredTiger message","attr":{"message":{"ts_sec":1783521239,"ts_usec":449692,"thread":"1698:0x7fd46aa006c0","session_name":"WT_SESSION.checkpoint","category":"WT_VERB_CHECKPOINT_PROGRESS","category_id":6,"verbose_level":"DEBUG_1","verbose_level_id":1,"msg":"saving checkpoint snapshot min: 916, snapshot max: 916 snapshot count: 0, oldest timestamp: (1783520938, 1) , meta checkpoint timestamp: (1783521238, 1) base write gen: 420"}}}
{"t":{"$date":"2026-07-08T14:34:59.481+00:00"},"s":"I",  "c":"WTCHKPT",  "id":22430,   "ctx":"Checkpointer","msg":"WiredTiger message","attr":{"message":{"ts_sec":1783521299,"ts_usec":481874,"thread":"1698:0x7fd46aa006c0","session_name":"WT_SESSION.checkpoint","category":"WT_VERB_CHECKPOINT_PROGRESS","category_id":6,"verbose_level":"DEBUG_1","verbose_level_id":1,"msg":"saving checkpoint snapshot min: 930, snapshot max: 930 snapshot count: 0, oldest timestamp: (1783520998, 1) , meta checkpoint timestamp: (1783521298, 1) base write gen: 420"}}}
{"t":{"$date":"2026-07-08T14:35:59.527+00:00"},"s":"I",  "c":"WTCHKPT",  "id":22430,   "ctx":"Checkpointer","msg":"WiredTiger message","attr":{"message":{"ts_sec":1783521359,"ts_usec":527487,"thread":"1698:0x7fd46aa006c0","session_name":"WT_SESSION.checkpoint","category":"WT_VERB_CHECKPOINT_PROGRESS","category_id":6,"verbose_level":"DEBUG_1","verbose_level_id":1,"msg":"saving checkpoint snapshot min: 944, snapshot max: 944 snapshot count: 0, oldest timestamp: (1783521058, 1) , meta checkpoint timestamp: (1783521358, 1) base write gen: 420"}}}
{"t":{"$date":"2026-07-08T14:36:59.556+00:00"},"s":"I",  "c":"WTCHKPT",  "id":22430,   "ctx":"Checkpointer","msg":"WiredTiger message","attr":{"message":{"ts_sec":1783521419,"ts_usec":556723,"thread":"1698:0x7fd46aa006c0","session_name":"WT_SESSION.checkpoint","category":"WT_VERB_CHECKPOINT_PROGRESS","category_id":6,"verbose_level":"DEBUG_1","verbose_level_id":1,"msg":"saving checkpoint snapshot min: 958, snapshot max: 958 snapshot count: 0, oldest timestamp: (1783521118, 1) , meta checkpoint timestamp: (1783521418, 1) base write gen: 420"}}}
{"t":{"$date":"2026-07-08T14:37:59.584+00:00"},"s":"I",  "c":"WTCHKPT",  "id":22430,   "ctx":"Checkpointer","msg":"WiredTiger message","attr":{"message":{"ts_sec":1783521479,"ts_usec":584050,"thread":"1698:0x7fd46aa006c0","session_name":"WT_SESSION.checkpoint","category":"WT_VERB_CHECKPOINT_PROGRESS","category_id":6,"verbose_level":"DEBUG_1","verbose_level_id":1,"msg":"saving checkpoint snapshot min: 972, snapshot max: 972 snapshot count: 0, oldest timestamp: (1783521178, 1) , meta checkpoint timestamp: (1783521478, 1) base write gen: 420"}}}
{"t":{"$date":"2026-07-08T14:38:59.616+00:00"},"s":"I",  "c":"WTCHKPT",  "id":22430,   "ctx":"Checkpointer","msg":"WiredTiger message","attr":{"message":{"ts_sec":1783521539,"ts_usec":616465,"thread":"1698:0x7fd46aa006c0","session_name":"WT_SESSION.checkpoint","category":"WT_VERB_CHECKPOINT_PROGRESS","category_id":6,"verbose_level":"DEBUG_1","verbose_level_id":1,"msg":"saving checkpoint snapshot min: 986, snapshot max: 986 snapshot count: 0, oldest timestamp: (1783521238, 1) , meta checkpoint timestamp: (1783521538, 1) base write gen: 420"}}}
{"t":{"$date":"2026-07-08T14:39:59.644+00:00"},"s":"I",  "c":"WTCHKPT",  "id":22430,   "ctx":"Checkpointer","msg":"WiredTiger message","attr":{"message":{"ts_sec":1783521599,"ts_usec":644341,"thread":"1698:0x7fd46aa006c0","session_name":"WT_SESSION.checkpoint","category":"WT_VERB_CHECKPOINT_PROGRESS","category_id":6,"verbose_level":"DEBUG_1","verbose_level_id":1,"msg":"saving checkpoint snapshot min: 1000, snapshot max: 1000 snapshot count: 0, oldest timestamp: (1783521298, 1) , meta checkpoint timestamp: (1783521598, 1) base write gen: 420"}}}
{"t":{"$date":"2026-07-08T14:40:59.669+00:00"},"s":"I",  "c":"WTCHKPT",  "id":22430,   "ctx":"Checkpointer","msg":"WiredTiger message","attr":{"message":{"ts_sec":1783521659,"ts_usec":669577,"thread":"1698:0x7fd46aa006c0","session_name":"WT_SESSION.checkpoint","category":"WT_VERB_CHECKPOINT_PROGRESS","category_id":6,"verbose_level":"DEBUG_1","verbose_level_id":1,"msg":"saving checkpoint snapshot min: 1014, snapshot max: 1014 snapshot count: 0, oldest timestamp: (1783521358, 1) , meta checkpoint timestamp: (1783521658, 1) base write gen: 420"}}}
{"t":{"$date":"2026-07-08T14:41:59.702+00:00"},"s":"I",  "c":"WTCHKPT",  "id":22430,   "ctx":"Checkpointer","msg":"WiredTiger message","attr":{"message":{"ts_sec":1783521719,"ts_usec":702244,"thread":"1698:0x7fd46aa006c0","session_name":"WT_SESSION.checkpoint","category":"WT_VERB_CHECKPOINT_PROGRESS","category_id":6,"verbose_level":"DEBUG_1","verbose_level_id":1,"msg":"saving checkpoint snapshot min: 1028, snapshot max: 1028 snapshot count: 0, oldest timestamp: (1783521418, 1) , meta checkpoint timestamp: (1783521718, 1) base write gen: 420"}}}
{"t":{"$date":"2026-07-08T14:42:59.732+00:00"},"s":"I",  "c":"WTCHKPT",  "id":22430,   "ctx":"Checkpointer","msg":"WiredTiger message","attr":{"message":{"ts_sec":1783521779,"ts_usec":732418,"thread":"1698:0x7fd46aa006c0","session_name":"WT_SESSION.checkpoint","category":"WT_VERB_CHECKPOINT_PROGRESS","category_id":6,"verbose_level":"DEBUG_1","verbose_level_id":1,"msg":"saving checkpoint snapshot min: 1042, snapshot max: 1042 snapshot count: 0, oldest timestamp: (1783521478, 1) , meta checkpoint timestamp: (1783521778, 1) base write gen: 420"}}}
{"t":{"$date":"2026-07-08T14:43:59.762+00:00"},"s":"I",  "c":"WTCHKPT",  "id":22430,   "ctx":"Checkpointer","msg":"WiredTiger message","attr":{"message":{"ts_sec":1783521839,"ts_usec":762032,"thread":"1698:0x7fd46aa006c0","session_name":"WT_SESSION.checkpoint","category":"WT_VERB_CHECKPOINT_PROGRESS","category_id":6,"verbose_level":"DEBUG_1","verbose_level_id":1,"msg":"saving checkpoint snapshot min: 1056, snapshot max: 1056 snapshot count: 0, oldest timestamp: (1783521538, 1) , meta checkpoint timestamp: (1783521838, 1) base write gen: 420"}}}
{"t":{"$date":"2026-07-08T14:44:59.789+00:00"},"s":"I",  "c":"WTCHKPT",  "id":22430,   "ctx":"Checkpointer","msg":"WiredTiger message","attr":{"message":{"ts_sec":1783521899,"ts_usec":789225,"thread":"1698:0x7fd46aa006c0","session_name":"WT_SESSION.checkpoint","category":"WT_VERB_CHECKPOINT_PROGRESS","category_id":6,"verbose_level":"DEBUG_1","verbose_level_id":1,"msg":"saving checkpoint snapshot min: 1070, snapshot max: 1070 snapshot count: 0, oldest timestamp: (1783521598, 1) , meta checkpoint timestamp: (1783521898, 1) base write gen: 420"}}}
{"t":{"$date":"2026-07-08T14:45:59.817+00:00"},"s":"I",  "c":"WTCHKPT",  "id":22430,   "ctx":"Checkpointer","msg":"WiredTiger message","attr":{"message":{"ts_sec":1783521959,"ts_usec":817527,"thread":"1698:0x7fd46aa006c0","session_name":"WT_SESSION.checkpoint","category":"WT_VERB_CHECKPOINT_PROGRESS","category_id":6,"verbose_level":"DEBUG_1","verbose_level_id":1,"msg":"saving checkpoint snapshot min: 1084, snapshot max: 1084 snapshot count: 0, oldest timestamp: (1783521658, 1) , meta checkpoint timestamp: (1783521958, 1) base write gen: 420"}}}
{"t":{"$date":"2026-07-08T14:46:59.846+00:00"},"s":"I",  "c":"WTCHKPT",  "id":22430,   "ctx":"Checkpointer","msg":"WiredTiger message","attr":{"message":{"ts_sec":1783522019,"ts_usec":846053,"thread":"1698:0x7fd46aa006c0","session_name":"WT_SESSION.checkpoint","category":"WT_VERB_CHECKPOINT_PROGRESS","category_id":6,"verbose_level":"DEBUG_1","verbose_level_id":1,"msg":"saving checkpoint snapshot min: 1098, snapshot max: 1098 snapshot count: 0, oldest timestamp: (1783521718, 1) , meta checkpoint timestamp: (1783522018, 1) base write gen: 420"}}}
{"t":{"$date":"2026-07-08T14:47:59.873+00:00"},"s":"I",  "c":"WTCHKPT",  "id":22430,   "ctx":"Checkpointer","msg":"WiredTiger message","attr":{"message":{"ts_sec":1783522079,"ts_usec":873264,"thread":"1698:0x7fd46aa006c0","session_name":"WT_SESSION.checkpoint","category":"WT_VERB_CHECKPOINT_PROGRESS","category_id":6,"verbose_level":"DEBUG_1","verbose_level_id":1,"msg":"saving checkpoint snapshot min: 1112, snapshot max: 1112 snapshot count: 0, oldest timestamp: (1783521778, 1) , meta checkpoint timestamp: (1783522078, 1) base write gen: 420"}}}
{"t":{"$date":"2026-07-08T14:48:59.902+00:00"},"s":"I",  "c":"WTCHKPT",  "id":22430,   "ctx":"Checkpointer","msg":"WiredTiger message","attr":{"message":{"ts_sec":1783522139,"ts_usec":902519,"thread":"1698:0x7fd46aa006c0","session_name":"WT_SESSION.checkpoint","category":"WT_VERB_CHECKPOINT_PROGRESS","category_id":6,"verbose_level":"DEBUG_1","verbose_level_id":1,"msg":"saving checkpoint snapshot min: 1126, snapshot max: 1126 snapshot count: 0, oldest timestamp: (1783521838, 1) , meta checkpoint timestamp: (1783522138, 1) base write gen: 420"}}}
{"t":{"$date":"2026-07-08T14:50:00.070+00:00"},"s":"I",  "c":"WTCHKPT",  "id":22430,   "ctx":"Checkpointer","msg":"WiredTiger message","attr":{"message":{"ts_sec":1783522200,"ts_usec":70148,"thread":"1698:0x7fd46aa006c0","session_name":"WT_SESSION.checkpoint","category":"WT_VERB_CHECKPOINT_PROGRESS","category_id":6,"verbose_level":"DEBUG_1","verbose_level_id":1,"msg":"saving checkpoint snapshot min: 1140, snapshot max: 1140 snapshot count: 0, oldest timestamp: (1783521898, 1) , meta checkpoint timestamp: (1783522198, 1) base write gen: 420"}}}
{"t":{"$date":"2026-07-08T14:51:00.122+00:00"},"s":"I",  "c":"WTCHKPT",  "id":22430,   "ctx":"Checkpointer","msg":"WiredTiger message","attr":{"message":{"ts_sec":1783522260,"ts_usec":122328,"thread":"1698:0x7fd46aa006c0","session_name":"WT_SESSION.checkpoint","category":"WT_VERB_CHECKPOINT_PROGRESS","category_id":6,"verbose_level":"DEBUG_1","verbose_level_id":1,"msg":"saving checkpoint snapshot min: 1154, snapshot max: 1154 snapshot count: 0, oldest timestamp: (1783521958, 1) , meta checkpoint timestamp: (1783522258, 1) base write gen: 420"}}}
{"t":{"$date":"2026-07-08T14:52:00.172+00:00"},"s":"I",  "c":"WTCHKPT",  "id":22430,   "ctx":"Checkpointer","msg":"WiredTiger message","attr":{"message":{"ts_sec":1783522320,"ts_usec":172059,"thread":"1698:0x7fd46aa006c0","session_name":"WT_SESSION.checkpoint","category":"WT_VERB_CHECKPOINT_PROGRESS","category_id":6,"verbose_level":"DEBUG_1","verbose_level_id":1,"msg":"saving checkpoint snapshot min: 1168, snapshot max: 1168 snapshot count: 0, oldest timestamp: (1783522018, 1) , meta checkpoint timestamp: (1783522318, 1) base write gen: 420"}}}
{"t":{"$date":"2026-07-08T14:53:00.223+00:00"},"s":"I",  "c":"WTCHKPT",  "id":22430,   "ctx":"Checkpointer","msg":"WiredTiger message","attr":{"message":{"ts_sec":1783522380,"ts_usec":223616,"thread":"1698:0x7fd46aa006c0","session_name":"WT_SESSION.checkpoint","category":"WT_VERB_CHECKPOINT_PROGRESS","category_id":6,"verbose_level":"DEBUG_1","verbose_level_id":1,"msg":"saving checkpoint snapshot min: 1182, snapshot max: 1182 snapshot count: 0, oldest timestamp: (1783522078, 1) , meta checkpoint timestamp: (1783522378, 1) base write gen: 420"}}}
{"t":{"$date":"2026-07-08T14:54:00.274+00:00"},"s":"I",  "c":"WTCHKPT",  "id":22430,   "ctx":"Checkpointer","msg":"WiredTiger message","attr":{"message":{"ts_sec":1783522440,"ts_usec":274271,"thread":"1698:0x7fd46aa006c0","session_name":"WT_SESSION.checkpoint","category":"WT_VERB_CHECKPOINT_PROGRESS","category_id":6,"verbose_level":"DEBUG_1","verbose_level_id":1,"msg":"saving checkpoint snapshot min: 1196, snapshot max: 1196 snapshot count: 0, oldest timestamp: (1783522138, 1) , meta checkpoint timestamp: (1783522438, 1) base write gen: 420"}}}
{"t":{"$date":"2026-07-08T14:55:00.316+00:00"},"s":"I",  "c":"WTCHKPT",  "id":22430,   "ctx":"Checkpointer","msg":"WiredTiger message","attr":{"message":{"ts_sec":1783522500,"ts_usec":315982,"thread":"1698:0x7fd46aa006c0","session_name":"WT_SESSION.checkpoint","category":"WT_VERB_CHECKPOINT_PROGRESS","category_id":6,"verbose_level":"DEBUG_1","verbose_level_id":1,"msg":"saving checkpoint snapshot min: 1210, snapshot max: 1210 snapshot count: 0, oldest timestamp: (1783522198, 1) , meta checkpoint timestamp: (1783522498, 1) base write gen: 420"}}}
{"t":{"$date":"2026-07-08T14:56:00.374+00:00"},"s":"I",  "c":"WTCHKPT",  "id":22430,   "ctx":"Checkpointer","msg":"WiredTiger message","attr":{"message":{"ts_sec":1783522560,"ts_usec":374410,"thread":"1698:0x7fd46aa006c0","session_name":"WT_SESSION.checkpoint","category":"WT_VERB_CHECKPOINT_PROGRESS","category_id":6,"verbose_level":"DEBUG_1","verbose_level_id":1,"msg":"saving checkpoint snapshot min: 1224, snapshot max: 1224 snapshot count: 0, oldest timestamp: (1783522258, 1) , meta checkpoint timestamp: (1783522558, 1) base write gen: 420"}}}
{"t":{"$date":"2026-07-08T14:57:00.432+00:00"},"s":"I",  "c":"WTCHKPT",  "id":22430,   "ctx":"Checkpointer","msg":"WiredTiger message","attr":{"message":{"ts_sec":1783522620,"ts_usec":432511,"thread":"1698:0x7fd46aa006c0","session_name":"WT_SESSION.checkpoint","category":"WT_VERB_CHECKPOINT_PROGRESS","category_id":6,"verbose_level":"DEBUG_1","verbose_level_id":1,"msg":"saving checkpoint snapshot min: 1238, snapshot max: 1238 snapshot count: 0, oldest timestamp: (1783522318, 1) , meta checkpoint timestamp: (1783522618, 1) base write gen: 420"}}}
{"t":{"$date":"2026-07-08T14:58:00.476+00:00"},"s":"I",  "c":"WTCHKPT",  "id":22430,   "ctx":"Checkpointer","msg":"WiredTiger message","attr":{"message":{"ts_sec":1783522680,"ts_usec":475931,"thread":"1698:0x7fd46aa006c0","session_name":"WT_SESSION.checkpoint","category":"WT_VERB_CHECKPOINT_PROGRESS","category_id":6,"verbose_level":"DEBUG_1","verbose_level_id":1,"msg":"saving checkpoint snapshot min: 1252, snapshot max: 1252 snapshot count: 0, oldest timestamp: (1783522378, 1) , meta checkpoint timestamp: (1783522678, 1) base write gen: 420"}}}
{"t":{"$date":"2026-07-08T14:59:00.509+00:00"},"s":"I",  "c":"WTCHKPT",  "id":22430,   "ctx":"Checkpointer","msg":"WiredTiger message","attr":{"message":{"ts_sec":1783522740,"ts_usec":509401,"thread":"1698:0x7fd46aa006c0","session_name":"WT_SESSION.checkpoint","category":"WT_VERB_CHECKPOINT_PROGRESS","category_id":6,"verbose_level":"DEBUG_1","verbose_level_id":1,"msg":"saving checkpoint snapshot min: 1266, snapshot max: 1266 snapshot count: 0, oldest timestamp: (1783522438, 1) , meta checkpoint timestamp: (1783522738, 1) base write gen: 420"}}}
{"t":{"$date":"2026-07-08T15:00:00.557+00:00"},"s":"I",  "c":"WTCHKPT",  "id":22430,   "ctx":"Checkpointer","msg":"WiredTiger message","attr":{"message":{"ts_sec":1783522800,"ts_usec":557220,"thread":"1698:0x7fd46aa006c0","session_name":"WT_SESSION.checkpoint","category":"WT_VERB_CHECKPOINT_PROGRESS","category_id":6,"verbose_level":"DEBUG_1","verbose_level_id":1,"msg":"saving checkpoint snapshot min: 1280, snapshot max: 1280 snapshot count: 0, oldest timestamp: (1783522498, 1) , meta checkpoint timestamp: (1783522798, 1) base write gen: 420"}}}
{"t":{"$date":"2026-07-08T15:01:00.602+00:00"},"s":"I",  "c":"WTCHKPT",  "id":22430,   "ctx":"Checkpointer","msg":"WiredTiger message","attr":{"message":{"ts_sec":1783522860,"ts_usec":602042,"thread":"1698:0x7fd46aa006c0","session_name":"WT_SESSION.checkpoint","category":"WT_VERB_CHECKPOINT_PROGRESS","category_id":6,"verbose_level":"DEBUG_1","verbose_level_id":1,"msg":"saving checkpoint snapshot min: 1294, snapshot max: 1294 snapshot count: 0, oldest timestamp: (1783522558, 1) , meta checkpoint timestamp: (1783522858, 1) base write gen: 420"}}}
{"t":{"$date":"2026-07-08T15:02:00.641+00:00"},"s":"I",  "c":"WTCHKPT",  "id":22430,   "ctx":"Checkpointer","msg":"WiredTiger message","attr":{"message":{"ts_sec":1783522920,"ts_usec":641631,"thread":"1698:0x7fd46aa006c0","session_name":"WT_SESSION.checkpoint","category":"WT_VERB_CHECKPOINT_PROGRESS","category_id":6,"verbose_level":"DEBUG_1","verbose_level_id":1,"msg":"saving checkpoint snapshot min: 1308, snapshot max: 1308 snapshot count: 0, oldest timestamp: (1783522618, 1) , meta checkpoint timestamp: (1783522918, 1) base write gen: 420"}}}
{"t":{"$date":"2026-07-08T15:03:00.664+00:00"},"s":"I",  "c":"WTCHKPT",  "id":22430,   "ctx":"Checkpointer","msg":"WiredTiger message","attr":{"message":{"ts_sec":1783522980,"ts_usec":664705,"thread":"1698:0x7fd46aa006c0","session_name":"WT_SESSION.checkpoint","category":"WT_VERB_CHECKPOINT_PROGRESS","category_id":6,"verbose_level":"DEBUG_1","verbose_level_id":1,"msg":"saving checkpoint snapshot min: 1322, snapshot max: 1322 snapshot count: 0, oldest timestamp: (1783522678, 1) , meta checkpoint timestamp: (1783522978, 1) base write gen: 420"}}}
{"t":{"$date":"2026-07-08T15:04:00.688+00:00"},"s":"I",  "c":"WTCHKPT",  "id":22430,   "ctx":"Checkpointer","msg":"WiredTiger message","attr":{"message":{"ts_sec":1783523040,"ts_usec":688820,"thread":"1698:0x7fd46aa006c0","session_name":"WT_SESSION.checkpoint","category":"WT_VERB_CHECKPOINT_PROGRESS","category_id":6,"verbose_level":"DEBUG_1","verbose_level_id":1,"msg":"saving checkpoint snapshot min: 1336, snapshot max: 1336 snapshot count: 0, oldest timestamp: (1783522738, 1) , meta checkpoint timestamp: (1783523038, 1) base write gen: 420"}}}
{"t":{"$date":"2026-07-08T15:05:00.719+00:00"},"s":"I",  "c":"WTCHKPT",  "id":22430,   "ctx":"Checkpointer","msg":"WiredTiger message","attr":{"message":{"ts_sec":1783523100,"ts_usec":719321,"thread":"1698:0x7fd46aa006c0","session_name":"WT_SESSION.checkpoint","category":"WT_VERB_CHECKPOINT_PROGRESS","category_id":6,"verbose_level":"DEBUG_1","verbose_level_id":1,"msg":"saving checkpoint snapshot min: 1350, snapshot max: 1350 snapshot count: 0, oldest timestamp: (1783522798, 1) , meta checkpoint timestamp: (1783523098, 1) base write gen: 420"}}}
{"t":{"$date":"2026-07-08T15:06:00.747+00:00"},"s":"I",  "c":"WTCHKPT",  "id":22430,   "ctx":"Checkpointer","msg":"WiredTiger message","attr":{"message":{"ts_sec":1783523160,"ts_usec":747508,"thread":"1698:0x7fd46aa006c0","session_name":"WT_SESSION.checkpoint","category":"WT_VERB_CHECKPOINT_PROGRESS","category_id":6,"verbose_level":"DEBUG_1","verbose_level_id":1,"msg":"saving checkpoint snapshot min: 1364, snapshot max: 1364 snapshot count: 0, oldest timestamp: (1783522858, 1) , meta checkpoint timestamp: (1783523158, 1) base write gen: 420"}}}
{"t":{"$date":"2026-07-08T15:07:00.772+00:00"},"s":"I",  "c":"WTCHKPT",  "id":22430,   "ctx":"Checkpointer","msg":"WiredTiger message","attr":{"message":{"ts_sec":1783523220,"ts_usec":772887,"thread":"1698:0x7fd46aa006c0","session_name":"WT_SESSION.checkpoint","category":"WT_VERB_CHECKPOINT_PROGRESS","category_id":6,"verbose_level":"DEBUG_1","verbose_level_id":1,"msg":"saving checkpoint snapshot min: 1378, snapshot max: 1378 snapshot count: 0, oldest timestamp: (1783522918, 1) , meta checkpoint timestamp: (1783523218, 1) base write gen: 420"}}}
{"t":{"$date":"2026-07-08T15:08:00.801+00:00"},"s":"I",  "c":"WTCHKPT",  "id":22430,   "ctx":"Checkpointer","msg":"WiredTiger message","attr":{"message":{"ts_sec":1783523280,"ts_usec":801871,"thread":"1698:0x7fd46aa006c0","session_name":"WT_SESSION.checkpoint","category":"WT_VERB_CHECKPOINT_PROGRESS","category_id":6,"verbose_level":"DEBUG_1","verbose_level_id":1,"msg":"saving checkpoint snapshot min: 1392, snapshot max: 1392 snapshot count: 0, oldest timestamp: (1783522978, 1) , meta checkpoint timestamp: (1783523278, 1) base write gen: 420"}}}
{"t":{"$date":"2026-07-08T15:09:00.840+00:00"},"s":"I",  "c":"WTCHKPT",  "id":22430,   "ctx":"Checkpointer","msg":"WiredTiger message","attr":{"message":{"ts_sec":1783523340,"ts_usec":840471,"thread":"1698:0x7fd46aa006c0","session_name":"WT_SESSION.checkpoint","category":"WT_VERB_CHECKPOINT_PROGRESS","category_id":6,"verbose_level":"DEBUG_1","verbose_level_id":1,"msg":"saving checkpoint snapshot min: 1406, snapshot max: 1406 snapshot count: 0, oldest timestamp: (1783523038, 1) , meta checkpoint timestamp: (1783523338, 1) base write gen: 420"}}}
{"t":{"$date":"2026-07-08T15:10:00.877+00:00"},"s":"I",  "c":"WTCHKPT",  "id":22430,   "ctx":"Checkpointer","msg":"WiredTiger message","attr":{"message":{"ts_sec":1783523400,"ts_usec":877282,"thread":"1698:0x7fd46aa006c0","session_name":"WT_SESSION.checkpoint","category":"WT_VERB_CHECKPOINT_PROGRESS","category_id":6,"verbose_level":"DEBUG_1","verbose_level_id":1,"msg":"saving checkpoint snapshot min: 1420, snapshot max: 1420 snapshot count: 0, oldest timestamp: (1783523098, 1) , meta checkpoint timestamp: (1783523398, 1) base write gen: 420"}}}
{"t":{"$date":"2026-07-08T15:11:00.913+00:00"},"s":"I",  "c":"WTCHKPT",  "id":22430,   "ctx":"Checkpointer","msg":"WiredTiger message","attr":{"message":{"ts_sec":1783523460,"ts_usec":913644,"thread":"1698:0x7fd46aa006c0","session_name":"WT_SESSION.checkpoint","category":"WT_VERB_CHECKPOINT_PROGRESS","category_id":6,"verbose_level":"DEBUG_1","verbose_level_id":1,"msg":"saving checkpoint snapshot min: 1434, snapshot max: 1434 snapshot count: 0, oldest timestamp: (1783523158, 1) , meta checkpoint timestamp: (1783523458, 1) base write gen: 420"}}}
{"t":{"$date":"2026-07-08T15:12:00.948+00:00"},"s":"I",  "c":"WTCHKPT",  "id":22430,   "ctx":"Checkpointer","msg":"WiredTiger message","attr":{"message":{"ts_sec":1783523520,"ts_usec":948885,"thread":"1698:0x7fd46aa006c0","session_name":"WT_SESSION.checkpoint","category":"WT_VERB_CHECKPOINT_PROGRESS","category_id":6,"verbose_level":"DEBUG_1","verbose_level_id":1,"msg":"saving checkpoint snapshot min: 1448, snapshot max: 1448 snapshot count: 0, oldest timestamp: (1783523218, 1) , meta checkpoint timestamp: (1783523518, 1) base write gen: 420"}}}
{"t":{"$date":"2026-07-08T15:13:00.980+00:00"},"s":"I",  "c":"WTCHKPT",  "id":22430,   "ctx":"Checkpointer","msg":"WiredTiger message","attr":{"message":{"ts_sec":1783523580,"ts_usec":980164,"thread":"1698:0x7fd46aa006c0","session_name":"WT_SESSION.checkpoint","category":"WT_VERB_CHECKPOINT_PROGRESS","category_id":6,"verbose_level":"DEBUG_1","verbose_level_id":1,"msg":"saving checkpoint snapshot min: 1462, snapshot max: 1462 snapshot count: 0, oldest timestamp: (1783523278, 1) , meta checkpoint timestamp: (1783523578, 1) base write gen: 420"}}}
{"t":{"$date":"2026-07-08T15:14:01.008+00:00"},"s":"I",  "c":"WTCHKPT",  "id":22430,   "ctx":"Checkpointer","msg":"WiredTiger message","attr":{"message":{"ts_sec":1783523641,"ts_usec":8497,"thread":"1698:0x7fd46aa006c0","session_name":"WT_SESSION.checkpoint","category":"WT_VERB_CHECKPOINT_PROGRESS","category_id":6,"verbose_level":"DEBUG_1","verbose_level_id":1,"msg":"saving checkpoint snapshot min: 1476, snapshot max: 1476 snapshot count: 0, oldest timestamp: (1783523338, 1) , meta checkpoint timestamp: (1783523638, 1) base write gen: 420"}}}
{"t":{"$date":"2026-07-08T15:15:01.060+00:00"},"s":"I",  "c":"WTCHKPT",  "id":22430,   "ctx":"Checkpointer","msg":"WiredTiger message","attr":{"message":{"ts_sec":1783523701,"ts_usec":60727,"thread":"1698:0x7fd46aa006c0","session_name":"WT_SESSION.checkpoint","category":"WT_VERB_CHECKPOINT_PROGRESS","category_id":6,"verbose_level":"DEBUG_1","verbose_level_id":1,"msg":"saving checkpoint snapshot min: 1490, snapshot max: 1490 snapshot count: 0, oldest timestamp: (1783523398, 1) , meta checkpoint timestamp: (1783523698, 1) base write gen: 420"}}}
{"t":{"$date":"2026-07-08T15:16:01.109+00:00"},"s":"I",  "c":"WTCHKPT",  "id":22430,   "ctx":"Checkpointer","msg":"WiredTiger message","attr":{"message":{"ts_sec":1783523761,"ts_usec":108983,"thread":"1698:0x7fd46aa006c0","session_name":"WT_SESSION.checkpoint","category":"WT_VERB_CHECKPOINT_PROGRESS","category_id":6,"verbose_level":"DEBUG_1","verbose_level_id":1,"msg":"saving checkpoint snapshot min: 1504, snapshot max: 1504 snapshot count: 0, oldest timestamp: (1783523458, 1) , meta checkpoint timestamp: (1783523758, 1) base write gen: 420"}}}
{"t":{"$date":"2026-07-08T15:17:01.139+00:00"},"s":"I",  "c":"WTCHKPT",  "id":22430,   "ctx":"Checkpointer","msg":"WiredTiger message","attr":{"message":{"ts_sec":1783523821,"ts_usec":139894,"thread":"1698:0x7fd46aa006c0","session_name":"WT_SESSION.checkpoint","category":"WT_VERB_CHECKPOINT_PROGRESS","category_id":6,"verbose_level":"DEBUG_1","verbose_level_id":1,"msg":"saving checkpoint snapshot min: 1518, snapshot max: 1518 snapshot count: 0, oldest timestamp: (1783523518, 1) , meta checkpoint timestamp: (1783523818, 1) base write gen: 420"}}}
{"t":{"$date":"2026-07-08T15:18:01.178+00:00"},"s":"I",  "c":"WTCHKPT",  "id":22430,   "ctx":"Checkpointer","msg":"WiredTiger message","attr":{"message":{"ts_sec":1783523881,"ts_usec":178149,"thread":"1698:0x7fd46aa006c0","session_name":"WT_SESSION.checkpoint","category":"WT_VERB_CHECKPOINT_PROGRESS","category_id":6,"verbose_level":"DEBUG_1","verbose_level_id":1,"msg":"saving checkpoint snapshot min: 1532, snapshot max: 1532 snapshot count: 0, oldest timestamp: (1783523578, 1) , meta checkpoint timestamp: (1783523878, 1) base write gen: 420"}}}
{"t":{"$date":"2026-07-08T15:19:01.221+00:00"},"s":"I",  "c":"WTCHKPT",  "id":22430,   "ctx":"Checkpointer","msg":"WiredTiger message","attr":{"message":{"ts_sec":1783523941,"ts_usec":221323,"thread":"1698:0x7fd46aa006c0","session_name":"WT_SESSION.checkpoint","category":"WT_VERB_CHECKPOINT_PROGRESS","category_id":6,"verbose_level":"DEBUG_1","verbose_level_id":1,"msg":"saving checkpoint snapshot min: 1546, snapshot max: 1546 snapshot count: 0, oldest timestamp: (1783523638, 1) , meta checkpoint timestamp: (1783523938, 1) base write gen: 420"}}}
{"t":{"$date":"2026-07-08T15:20:01.255+00:00"},"s":"I",  "c":"WTCHKPT",  "id":22430,   "ctx":"Checkpointer","msg":"WiredTiger message","attr":{"message":{"ts_sec":1783524001,"ts_usec":255610,"thread":"1698:0x7fd46aa006c0","session_name":"WT_SESSION.checkpoint","category":"WT_VERB_CHECKPOINT_PROGRESS","category_id":6,"verbose_level":"DEBUG_1","verbose_level_id":1,"msg":"saving checkpoint snapshot min: 1560, snapshot max: 1560 snapshot count: 0, oldest timestamp: (1783523698, 1) , meta checkpoint timestamp: (1783523998, 1) base write gen: 420"}}}
{"t":{"$date":"2026-07-08T15:21:01.441+00:00"},"s":"I",  "c":"WTCHKPT",  "id":22430,   "ctx":"Checkpointer","msg":"WiredTiger message","attr":{"message":{"ts_sec":1783524061,"ts_usec":440991,"thread":"1698:0x7fd46aa006c0","session_name":"WT_SESSION.checkpoint","category":"WT_VERB_CHECKPOINT_PROGRESS","category_id":6,"verbose_level":"DEBUG_1","verbose_level_id":1,"msg":"saving checkpoint snapshot min: 1574, snapshot max: 1574 snapshot count: 0, oldest timestamp: (1783523758, 1) , meta checkpoint timestamp: (1783524058, 1) base write gen: 420"}}}
{"t":{"$date":"2026-07-08T15:22:01.478+00:00"},"s":"I",  "c":"WTCHKPT",  "id":22430,   "ctx":"Checkpointer","msg":"WiredTiger message","attr":{"message":{"ts_sec":1783524121,"ts_usec":478388,"thread":"1698:0x7fd46aa006c0","session_name":"WT_SESSION.checkpoint","category":"WT_VERB_CHECKPOINT_PROGRESS","category_id":6,"verbose_level":"DEBUG_1","verbose_level_id":1,"msg":"saving checkpoint snapshot min: 1588, snapshot max: 1588 snapshot count: 0, oldest timestamp: (1783523818, 1) , meta checkpoint timestamp: (1783524118, 1) base write gen: 420"}}}
{"t":{"$date":"2026-07-08T15:23:01.515+00:00"},"s":"I",  "c":"WTCHKPT",  "id":22430,   "ctx":"Checkpointer","msg":"WiredTiger message","attr":{"message":{"ts_sec":1783524181,"ts_usec":515525,"thread":"1698:0x7fd46aa006c0","session_name":"WT_SESSION.checkpoint","category":"WT_VERB_CHECKPOINT_PROGRESS","category_id":6,"verbose_level":"DEBUG_1","verbose_level_id":1,"msg":"saving checkpoint snapshot min: 1602, snapshot max: 1602 snapshot count: 0, oldest timestamp: (1783523878, 1) , meta checkpoint timestamp: (1783524178, 1) base write gen: 420"}}}
{"t":{"$date":"2026-07-08T15:24:01.546+00:00"},"s":"I",  "c":"WTCHKPT",  "id":22430,   "ctx":"Checkpointer","msg":"WiredTiger message","attr":{"message":{"ts_sec":1783524241,"ts_usec":546873,"thread":"1698:0x7fd46aa006c0","session_name":"WT_SESSION.checkpoint","category":"WT_VERB_CHECKPOINT_PROGRESS","category_id":6,"verbose_level":"DEBUG_1","verbose_level_id":1,"msg":"saving checkpoint snapshot min: 1616, snapshot max: 1616 snapshot count: 0, oldest timestamp: (1783523938, 1) , meta checkpoint timestamp: (1783524238, 1) base write gen: 420"}}}
{"t":{"$date":"2026-07-08T15:25:01.579+00:00"},"s":"I",  "c":"WTCHKPT",  "id":22430,   "ctx":"Checkpointer","msg":"WiredTiger message","attr":{"message":{"ts_sec":1783524301,"ts_usec":579510,"thread":"1698:0x7fd46aa006c0","session_name":"WT_SESSION.checkpoint","category":"WT_VERB_CHECKPOINT_PROGRESS","category_id":6,"verbose_level":"DEBUG_1","verbose_level_id":1,"msg":"saving checkpoint snapshot min: 1630, snapshot max: 1630 snapshot count: 0, oldest timestamp: (1783523998, 1) , meta checkpoint timestamp: (1783524298, 1) base write gen: 420"}}}
{"t":{"$date":"2026-07-08T15:26:01.617+00:00"},"s":"I",  "c":"WTCHKPT",  "id":22430,   "ctx":"Checkpointer","msg":"WiredTiger message","attr":{"message":{"ts_sec":1783524361,"ts_usec":617335,"thread":"1698:0x7fd46aa006c0","session_name":"WT_SESSION.checkpoint","category":"WT_VERB_CHECKPOINT_PROGRESS","category_id":6,"verbose_level":"DEBUG_1","verbose_level_id":1,"msg":"saving checkpoint snapshot min: 1644, snapshot max: 1644 snapshot count: 0, oldest timestamp: (1783524058, 1) , meta checkpoint timestamp: (1783524358, 1) base write gen: 420"}}}
{"t":{"$date":"2026-07-08T15:27:01.649+00:00"},"s":"I",  "c":"WTCHKPT",  "id":22430,   "ctx":"Checkpointer","msg":"WiredTiger message","attr":{"message":{"ts_sec":1783524421,"ts_usec":649039,"thread":"1698:0x7fd46aa006c0","session_name":"WT_SESSION.checkpoint","category":"WT_VERB_CHECKPOINT_PROGRESS","category_id":6,"verbose_level":"DEBUG_1","verbose_level_id":1,"msg":"saving checkpoint snapshot min: 1658, snapshot max: 1658 snapshot count: 0, oldest timestamp: (1783524118, 1) , meta checkpoint timestamp: (1783524418, 1) base write gen: 420"}}}
{"t":{"$date":"2026-07-08T15:28:01.687+00:00"},"s":"I",  "c":"WTCHKPT",  "id":22430,   "ctx":"Checkpointer","msg":"WiredTiger message","attr":{"message":{"ts_sec":1783524481,"ts_usec":687133,"thread":"1698:0x7fd46aa006c0","session_name":"WT_SESSION.checkpoint","category":"WT_VERB_CHECKPOINT_PROGRESS","category_id":6,"verbose_level":"DEBUG_1","verbose_level_id":1,"msg":"saving checkpoint snapshot min: 1672, snapshot max: 1672 snapshot count: 0, oldest timestamp: (1783524178, 1) , meta checkpoint timestamp: (1783524478, 1) base write gen: 420"}}}
{"t":{"$date":"2026-07-08T15:29:01.716+00:00"},"s":"I",  "c":"WTCHKPT",  "id":22430,   "ctx":"Checkpointer","msg":"WiredTiger message","attr":{"message":{"ts_sec":1783524541,"ts_usec":716154,"thread":"1698:0x7fd46aa006c0","session_name":"WT_SESSION.checkpoint","category":"WT_VERB_CHECKPOINT_PROGRESS","category_id":6,"verbose_level":"DEBUG_1","verbose_level_id":1,"msg":"saving checkpoint snapshot min: 1686, snapshot max: 1686 snapshot count: 0, oldest timestamp: (1783524238, 1) , meta checkpoint timestamp: (1783524538, 1) base write gen: 420"}}}
{"t":{"$date":"2026-07-08T15:30:01.744+00:00"},"s":"I",  "c":"WTCHKPT",  "id":22430,   "ctx":"Checkpointer","msg":"WiredTiger message","attr":{"message":{"ts_sec":1783524601,"ts_usec":744661,"thread":"1698:0x7fd46aa006c0","session_name":"WT_SESSION.checkpoint","category":"WT_VERB_CHECKPOINT_PROGRESS","category_id":6,"verbose_level":"DEBUG_1","verbose_level_id":1,"msg":"saving checkpoint snapshot min: 1700, snapshot max: 1700 snapshot count: 0, oldest timestamp: (1783524298, 1) , meta checkpoint timestamp: (1783524598, 1) base write gen: 420"}}}
{"t":{"$date":"2026-07-08T15:31:01.772+00:00"},"s":"I",  "c":"WTCHKPT",  "id":22430,   "ctx":"Checkpointer","msg":"WiredTiger message","attr":{"message":{"ts_sec":1783524661,"ts_usec":772607,"thread":"1698:0x7fd46aa006c0","session_name":"WT_SESSION.checkpoint","category":"WT_VERB_CHECKPOINT_PROGRESS","category_id":6,"verbose_level":"DEBUG_1","verbose_level_id":1,"msg":"saving checkpoint snapshot min: 1714, snapshot max: 1714 snapshot count: 0, oldest timestamp: (1783524358, 1) , meta checkpoint timestamp: (1783524658, 1) base write gen: 420"}}}
{"t":{"$date":"2026-07-08T15:32:01.817+00:00"},"s":"I",  "c":"WTCHKPT",  "id":22430,   "ctx":"Checkpointer","msg":"WiredTiger message","attr":{"message":{"ts_sec":1783524721,"ts_usec":817817,"thread":"1698:0x7fd46aa006c0","session_name":"WT_SESSION.checkpoint","category":"WT_VERB_CHECKPOINT_PROGRESS","category_id":6,"verbose_level":"DEBUG_1","verbose_level_id":1,"msg":"saving checkpoint snapshot min: 1728, snapshot max: 1728 snapshot count: 0, oldest timestamp: (1783524418, 1) , meta checkpoint timestamp: (1783524718, 1) base write gen: 420"}}}
{"t":{"$date":"2026-07-08T15:33:01.854+00:00"},"s":"I",  "c":"WTCHKPT",  "id":22430,   "ctx":"Checkpointer","msg":"WiredTiger message","attr":{"message":{"ts_sec":1783524781,"ts_usec":854734,"thread":"1698:0x7fd46aa006c0","session_name":"WT_SESSION.checkpoint","category":"WT_VERB_CHECKPOINT_PROGRESS","category_id":6,"verbose_level":"DEBUG_1","verbose_level_id":1,"msg":"saving checkpoint snapshot min: 1742, snapshot max: 1742 snapshot count: 0, oldest timestamp: (1783524478, 1) , meta checkpoint timestamp: (1783524778, 1) base write gen: 420"}}}
{"t":{"$date":"2026-07-08T15:34:01.902+00:00"},"s":"I",  "c":"WTCHKPT",  "id":22430,   "ctx":"Checkpointer","msg":"WiredTiger message","attr":{"message":{"ts_sec":1783524841,"ts_usec":902529,"thread":"1698:0x7fd46aa006c0","session_name":"WT_SESSION.checkpoint","category":"WT_VERB_CHECKPOINT_PROGRESS","category_id":6,"verbose_level":"DEBUG_1","verbose_level_id":1,"msg":"saving checkpoint snapshot min: 1762, snapshot max: 1762 snapshot count: 0, oldest timestamp: (1783524540, 3) , meta checkpoint timestamp: (1783524840, 3) base write gen: 420"}}}
{"t":{"$date":"2026-07-08T15:35:02.026+00:00"},"s":"I",  "c":"WTCHKPT",  "id":22430,   "ctx":"Checkpointer","msg":"WiredTiger message","attr":{"message":{"ts_sec":1783524902,"ts_usec":26525,"thread":"1698:0x7fd46aa006c0","session_name":"WT_SESSION.checkpoint","category":"WT_VERB_CHECKPOINT_PROGRESS","category_id":6,"verbose_level":"DEBUG_1","verbose_level_id":1,"msg":"saving checkpoint snapshot min: 1774, snapshot max: 1774 snapshot count: 0, oldest timestamp: (1783524598, 1) , meta checkpoint timestamp: (1783524898, 1) base write gen: 420"}}}
{"t":{"$date":"2026-07-08T15:36:02.077+00:00"},"s":"I",  "c":"WTCHKPT",  "id":22430,   "ctx":"Checkpointer","msg":"WiredTiger message","attr":{"message":{"ts_sec":1783524962,"ts_usec":77538,"thread":"1698:0x7fd46aa006c0","session_name":"WT_SESSION.checkpoint","category":"WT_VERB_CHECKPOINT_PROGRESS","category_id":6,"verbose_level":"DEBUG_1","verbose_level_id":1,"msg":"saving checkpoint snapshot min: 1789, snapshot max: 1789 snapshot count: 0, oldest timestamp: (1783524658, 1) , meta checkpoint timestamp: (1783524958, 1) base write gen: 420"}}}
{"t":{"$date":"2026-07-08T15:37:02.106+00:00"},"s":"I",  "c":"WTCHKPT",  "id":22430,   "ctx":"Checkpointer","msg":"WiredTiger message","attr":{"message":{"ts_sec":1783525022,"ts_usec":106516,"thread":"1698:0x7fd46aa006c0","session_name":"WT_SESSION.checkpoint","category":"WT_VERB_CHECKPOINT_PROGRESS","category_id":6,"verbose_level":"DEBUG_1","verbose_level_id":1,"msg":"saving checkpoint snapshot min: 1803, snapshot max: 1803 snapshot count: 0, oldest timestamp: (1783524718, 1) , meta checkpoint timestamp: (1783525018, 1) base write gen: 420"}}}
{"t":{"$date":"2026-07-08T15:38:02.133+00:00"},"s":"I",  "c":"WTCHKPT",  "id":22430,   "ctx":"Checkpointer","msg":"WiredTiger message","attr":{"message":{"ts_sec":1783525082,"ts_usec":133588,"thread":"1698:0x7fd46aa006c0","session_name":"WT_SESSION.checkpoint","category":"WT_VERB_CHECKPOINT_PROGRESS","category_id":6,"verbose_level":"DEBUG_1","verbose_level_id":1,"msg":"saving checkpoint snapshot min: 1817, snapshot max: 1817 snapshot count: 0, oldest timestamp: (1783524778, 1) , meta checkpoint timestamp: (1783525078, 1) base write gen: 420"}}}
{"t":{"$date":"2026-07-08T15:39:02.159+00:00"},"s":"I",  "c":"WTCHKPT",  "id":22430,   "ctx":"Checkpointer","msg":"WiredTiger message","attr":{"message":{"ts_sec":1783525142,"ts_usec":159044,"thread":"1698:0x7fd46aa006c0","session_name":"WT_SESSION.checkpoint","category":"WT_VERB_CHECKPOINT_PROGRESS","category_id":6,"verbose_level":"DEBUG_1","verbose_level_id":1,"msg":"saving checkpoint snapshot min: 1831, snapshot max: 1831 snapshot count: 0, oldest timestamp: (1783524838, 1) , meta checkpoint timestamp: (1783525138, 1) base write gen: 420"}}}
{"t":{"$date":"2026-07-08T15:40:02.191+00:00"},"s":"I",  "c":"WTCHKPT",  "id":22430,   "ctx":"Checkpointer","msg":"WiredTiger message","attr":{"message":{"ts_sec":1783525202,"ts_usec":191937,"thread":"1698:0x7fd46aa006c0","session_name":"WT_SESSION.checkpoint","category":"WT_VERB_CHECKPOINT_PROGRESS","category_id":6,"verbose_level":"DEBUG_1","verbose_level_id":1,"msg":"saving checkpoint snapshot min: 1845, snapshot max: 1845 snapshot count: 0, oldest timestamp: (1783524898, 1) , meta checkpoint timestamp: (1783525198, 1) base write gen: 420"}}}
{"t":{"$date":"2026-07-08T15:41:02.226+00:00"},"s":"I",  "c":"WTCHKPT",  "id":22430,   "ctx":"Checkpointer","msg":"WiredTiger message","attr":{"message":{"ts_sec":1783525262,"ts_usec":226106,"thread":"1698:0x7fd46aa006c0","session_name":"WT_SESSION.checkpoint","category":"WT_VERB_CHECKPOINT_PROGRESS","category_id":6,"verbose_level":"DEBUG_1","verbose_level_id":1,"msg":"saving checkpoint snapshot min: 1859, snapshot max: 1859 snapshot count: 0, oldest timestamp: (1783524959, 1) , meta checkpoint timestamp: (1783525259, 1) base write gen: 420"}}}
{"t":{"$date":"2026-07-08T15:42:02.264+00:00"},"s":"I",  "c":"WTCHKPT",  "id":22430,   "ctx":"Checkpointer","msg":"WiredTiger message","attr":{"message":{"ts_sec":1783525322,"ts_usec":264502,"thread":"1698:0x7fd46aa006c0","session_name":"WT_SESSION.checkpoint","category":"WT_VERB_CHECKPOINT_PROGRESS","category_id":6,"verbose_level":"DEBUG_1","verbose_level_id":1,"msg":"saving checkpoint snapshot min: 1873, snapshot max: 1873 snapshot count: 0, oldest timestamp: (1783525019, 1) , meta checkpoint timestamp: (1783525319, 1) base write gen: 420"}}}
{"t":{"$date":"2026-07-08T15:43:02.300+00:00"},"s":"I",  "c":"WTCHKPT",  "id":22430,   "ctx":"Checkpointer","msg":"WiredTiger message","attr":{"message":{"ts_sec":1783525382,"ts_usec":300047,"thread":"1698:0x7fd46aa006c0","session_name":"WT_SESSION.checkpoint","category":"WT_VERB_CHECKPOINT_PROGRESS","category_id":6,"verbose_level":"DEBUG_1","verbose_level_id":1,"msg":"saving checkpoint snapshot min: 1887, snapshot max: 1887 snapshot count: 0, oldest timestamp: (1783525079, 1) , meta checkpoint timestamp: (1783525379, 1) base write gen: 420"}}}
{"t":{"$date":"2026-07-08T15:44:02.342+00:00"},"s":"I",  "c":"WTCHKPT",  "id":22430,   "ctx":"Checkpointer","msg":"WiredTiger message","attr":{"message":{"ts_sec":1783525442,"ts_usec":342806,"thread":"1698:0x7fd46aa006c0","session_name":"WT_SESSION.checkpoint","category":"WT_VERB_CHECKPOINT_PROGRESS","category_id":6,"verbose_level":"DEBUG_1","verbose_level_id":1,"msg":"saving checkpoint snapshot min: 1901, snapshot max: 1901 snapshot count: 0, oldest timestamp: (1783525139, 1) , meta checkpoint timestamp: (1783525439, 1) base write gen: 420"}}}
{"t":{"$date":"2026-07-08T15:45:02.375+00:00"},"s":"I",  "c":"WTCHKPT",  "id":22430,   "ctx":"Checkpointer","msg":"WiredTiger message","attr":{"message":{"ts_sec":1783525502,"ts_usec":375383,"thread":"1698:0x7fd46aa006c0","session_name":"WT_SESSION.checkpoint","category":"WT_VERB_CHECKPOINT_PROGRESS","category_id":6,"verbose_level":"DEBUG_1","verbose_level_id":1,"msg":"saving checkpoint snapshot min: 1915, snapshot max: 1915 snapshot count: 0, oldest timestamp: (1783525199, 1) , meta checkpoint timestamp: (1783525499, 1) base write gen: 420"}}}
{"t":{"$date":"2026-07-08T15:46:02.406+00:00"},"s":"I",  "c":"WTCHKPT",  "id":22430,   "ctx":"Checkpointer","msg":"WiredTiger message","attr":{"message":{"ts_sec":1783525562,"ts_usec":406720,"thread":"1698:0x7fd46aa006c0","session_name":"WT_SESSION.checkpoint","category":"WT_VERB_CHECKPOINT_PROGRESS","category_id":6,"verbose_level":"DEBUG_1","verbose_level_id":1,"msg":"saving checkpoint snapshot min: 1929, snapshot max: 1929 snapshot count: 0, oldest timestamp: (1783525259, 1) , meta checkpoint timestamp: (1783525559, 1) base write gen: 420"}}}
{"t":{"$date":"2026-07-08T15:47:02.436+00:00"},"s":"I",  "c":"WTCHKPT",  "id":22430,   "ctx":"Checkpointer","msg":"WiredTiger message","attr":{"message":{"ts_sec":1783525622,"ts_usec":436384,"thread":"1698:0x7fd46aa006c0","session_name":"WT_SESSION.checkpoint","category":"WT_VERB_CHECKPOINT_PROGRESS","category_id":6,"verbose_level":"DEBUG_1","verbose_level_id":1,"msg":"saving checkpoint snapshot min: 1943, snapshot max: 1943 snapshot count: 0, oldest timestamp: (1783525319, 1) , meta checkpoint timestamp: (1783525619, 1) base write gen: 420"}}}
{"t":{"$date":"2026-07-08T15:48:02.465+00:00"},"s":"I",  "c":"WTCHKPT",  "id":22430,   "ctx":"Checkpointer","msg":"WiredTiger message","attr":{"message":{"ts_sec":1783525682,"ts_usec":465290,"thread":"1698:0x7fd46aa006c0","session_name":"WT_SESSION.checkpoint","category":"WT_VERB_CHECKPOINT_PROGRESS","category_id":6,"verbose_level":"DEBUG_1","verbose_level_id":1,"msg":"saving checkpoint snapshot min: 1957, snapshot max: 1957 snapshot count: 0, oldest timestamp: (1783525379, 1) , meta checkpoint timestamp: (1783525679, 1) base write gen: 420"}}}
{"t":{"$date":"2026-07-08T15:49:02.501+00:00"},"s":"I",  "c":"WTCHKPT",  "id":22430,   "ctx":"Checkpointer","msg":"WiredTiger message","attr":{"message":{"ts_sec":1783525742,"ts_usec":501245,"thread":"1698:0x7fd46aa006c0","session_name":"WT_SESSION.checkpoint","category":"WT_VERB_CHECKPOINT_PROGRESS","category_id":6,"verbose_level":"DEBUG_1","verbose_level_id":1,"msg":"saving checkpoint snapshot min: 1971, snapshot max: 1971 snapshot count: 0, oldest timestamp: (1783525439, 1) , meta checkpoint timestamp: (1783525739, 1) base write gen: 420"}}}
{"t":{"$date":"2026-07-08T15:50:02.546+00:00"},"s":"I",  "c":"WTCHKPT",  "id":22430,   "ctx":"Checkpointer","msg":"WiredTiger message","attr":{"message":{"ts_sec":1783525802,"ts_usec":546685,"thread":"1698:0x7fd46aa006c0","session_name":"WT_SESSION.checkpoint","category":"WT_VERB_CHECKPOINT_PROGRESS","category_id":6,"verbose_level":"DEBUG_1","verbose_level_id":1,"msg":"saving checkpoint snapshot min: 1985, snapshot max: 1985 snapshot count: 0, oldest timestamp: (1783525499, 1) , meta checkpoint timestamp: (1783525799, 1) base write gen: 420"}}}
{"t":{"$date":"2026-07-08T15:51:02.579+00:00"},"s":"I",  "c":"WTCHKPT",  "id":22430,   "ctx":"Checkpointer","msg":"WiredTiger message","attr":{"message":{"ts_sec":1783525862,"ts_usec":579382,"thread":"1698:0x7fd46aa006c0","session_name":"WT_SESSION.checkpoint","category":"WT_VERB_CHECKPOINT_PROGRESS","category_id":6,"verbose_level":"DEBUG_1","verbose_level_id":1,"msg":"saving checkpoint snapshot min: 1999, snapshot max: 1999 snapshot count: 0, oldest timestamp: (1783525559, 1) , meta checkpoint timestamp: (1783525859, 1) base write gen: 420"}}}
{"t":{"$date":"2026-07-08T15:52:02.635+00:00"},"s":"I",  "c":"WTCHKPT",  "id":22430,   "ctx":"Checkpointer","msg":"WiredTiger message","attr":{"message":{"ts_sec":1783525922,"ts_usec":635098,"thread":"1698:0x7fd46aa006c0","session_name":"WT_SESSION.checkpoint","category":"WT_VERB_CHECKPOINT_PROGRESS","category_id":6,"verbose_level":"DEBUG_1","verbose_level_id":1,"msg":"saving checkpoint snapshot min: 2013, snapshot max: 2013 snapshot count: 0, oldest timestamp: (1783525619, 1) , meta checkpoint timestamp: (1783525919, 1) base write gen: 420"}}}
{"t":{"$date":"2026-07-08T15:53:02.666+00:00"},"s":"I",  "c":"WTCHKPT",  "id":22430,   "ctx":"Checkpointer","msg":"WiredTiger message","attr":{"message":{"ts_sec":1783525982,"ts_usec":666830,"thread":"1698:0x7fd46aa006c0","session_name":"WT_SESSION.checkpoint","category":"WT_VERB_CHECKPOINT_PROGRESS","category_id":6,"verbose_level":"DEBUG_1","verbose_level_id":1,"msg":"saving checkpoint snapshot min: 2027, snapshot max: 2027 snapshot count: 0, oldest timestamp: (1783525679, 1) , meta checkpoint timestamp: (1783525979, 1) base write gen: 420"}}}
{"t":{"$date":"2026-07-08T15:54:02.697+00:00"},"s":"I",  "c":"WTCHKPT",  "id":22430,   "ctx":"Checkpointer","msg":"WiredTiger message","attr":{"message":{"ts_sec":1783526042,"ts_usec":697137,"thread":"1698:0x7fd46aa006c0","session_name":"WT_SESSION.checkpoint","category":"WT_VERB_CHECKPOINT_PROGRESS","category_id":6,"verbose_level":"DEBUG_1","verbose_level_id":1,"msg":"saving checkpoint snapshot min: 2041, snapshot max: 2041 snapshot count: 0, oldest timestamp: (1783525739, 1) , meta checkpoint timestamp: (1783526039, 1) base write gen: 420"}}}
{"t":{"$date":"2026-07-08T15:55:02.726+00:00"},"s":"I",  "c":"WTCHKPT",  "id":22430,   "ctx":"Checkpointer","msg":"WiredTiger message","attr":{"message":{"ts_sec":1783526102,"ts_usec":726706,"thread":"1698:0x7fd46aa006c0","session_name":"WT_SESSION.checkpoint","category":"WT_VERB_CHECKPOINT_PROGRESS","category_id":6,"verbose_level":"DEBUG_1","verbose_level_id":1,"msg":"saving checkpoint snapshot min: 2055, snapshot max: 2055 snapshot count: 0, oldest timestamp: (1783525799, 1) , meta checkpoint timestamp: (1783526099, 1) base write gen: 420"}}}
{"t":{"$date":"2026-07-08T15:56:02.763+00:00"},"s":"I",  "c":"WTCHKPT",  "id":22430,   "ctx":"Checkpointer","msg":"WiredTiger message","attr":{"message":{"ts_sec":1783526162,"ts_usec":763933,"thread":"1698:0x7fd46aa006c0","session_name":"WT_SESSION.checkpoint","category":"WT_VERB_CHECKPOINT_PROGRESS","category_id":6,"verbose_level":"DEBUG_1","verbose_level_id":1,"msg":"saving checkpoint snapshot min: 2069, snapshot max: 2069 snapshot count: 0, oldest timestamp: (1783525859, 1) , meta checkpoint timestamp: (1783526159, 1) base write gen: 420"}}}
{"t":{"$date":"2026-07-08T15:57:02.789+00:00"},"s":"I",  "c":"WTCHKPT",  "id":22430,   "ctx":"Checkpointer","msg":"WiredTiger message","attr":{"message":{"ts_sec":1783526222,"ts_usec":789137,"thread":"1698:0x7fd46aa006c0","session_name":"WT_SESSION.checkpoint","category":"WT_VERB_CHECKPOINT_PROGRESS","category_id":6,"verbose_level":"DEBUG_1","verbose_level_id":1,"msg":"saving checkpoint snapshot min: 2083, snapshot max: 2083 snapshot count: 0, oldest timestamp: (1783525919, 1) , meta checkpoint timestamp: (1783526219, 1) base write gen: 420"}}}
{"t":{"$date":"2026-07-08T15:58:02.814+00:00"},"s":"I",  "c":"WTCHKPT",  "id":22430,   "ctx":"Checkpointer","msg":"WiredTiger message","attr":{"message":{"ts_sec":1783526282,"ts_usec":814062,"thread":"1698:0x7fd46aa006c0","session_name":"WT_SESSION.checkpoint","category":"WT_VERB_CHECKPOINT_PROGRESS","category_id":6,"verbose_level":"DEBUG_1","verbose_level_id":1,"msg":"saving checkpoint snapshot min: 2097, snapshot max: 2097 snapshot count: 0, oldest timestamp: (1783525979, 1) , meta checkpoint timestamp: (1783526279, 1) base write gen: 420"}}}
{"t":{"$date":"2026-07-08T15:59:02.839+00:00"},"s":"I",  "c":"WTCHKPT",  "id":22430,   "ctx":"Checkpointer","msg":"WiredTiger message","attr":{"message":{"ts_sec":1783526342,"ts_usec":839066,"thread":"1698:0x7fd46aa006c0","session_name":"WT_SESSION.checkpoint","category":"WT_VERB_CHECKPOINT_PROGRESS","category_id":6,"verbose_level":"DEBUG_1","verbose_level_id":1,"msg":"saving checkpoint snapshot min: 2111, snapshot max: 2111 snapshot count: 0, oldest timestamp: (1783526039, 1) , meta checkpoint timestamp: (1783526339, 1) base write gen: 420"}}}
{"t":{"$date":"2026-07-08T16:00:02.867+00:00"},"s":"I",  "c":"WTCHKPT",  "id":22430,   "ctx":"Checkpointer","msg":"WiredTiger message","attr":{"message":{"ts_sec":1783526402,"ts_usec":867659,"thread":"1698:0x7fd46aa006c0","session_name":"WT_SESSION.checkpoint","category":"WT_VERB_CHECKPOINT_PROGRESS","category_id":6,"verbose_level":"DEBUG_1","verbose_level_id":1,"msg":"saving checkpoint snapshot min: 2125, snapshot max: 2125 snapshot count: 0, oldest timestamp: (1783526099, 1) , meta checkpoint timestamp: (1783526399, 1) base write gen: 420"}}}
{"t":{"$date":"2026-07-08T16:01:02.904+00:00"},"s":"I",  "c":"WTCHKPT",  "id":22430,   "ctx":"Checkpointer","msg":"WiredTiger message","attr":{"message":{"ts_sec":1783526462,"ts_usec":904636,"thread":"1698:0x7fd46aa006c0","session_name":"WT_SESSION.checkpoint","category":"WT_VERB_CHECKPOINT_PROGRESS","category_id":6,"verbose_level":"DEBUG_1","verbose_level_id":1,"msg":"saving checkpoint snapshot min: 2139, snapshot max: 2139 snapshot count: 0, oldest timestamp: (1783526159, 1) , meta checkpoint timestamp: (1783526459, 1) base write gen: 420"}}}
{"t":{"$date":"2026-07-08T16:02:02.948+00:00"},"s":"I",  "c":"WTCHKPT",  "id":22430,   "ctx":"Checkpointer","msg":"WiredTiger message","attr":{"message":{"ts_sec":1783526522,"ts_usec":948394,"thread":"1698:0x7fd46aa006c0","session_name":"WT_SESSION.checkpoint","category":"WT_VERB_CHECKPOINT_PROGRESS","category_id":6,"verbose_level":"DEBUG_1","verbose_level_id":1,"msg":"saving checkpoint snapshot min: 2153, snapshot max: 2153 snapshot count: 0, oldest timestamp: (1783526219, 1) , meta checkpoint timestamp: (1783526519, 1) base write gen: 420"}}}
{"t":{"$date":"2026-07-08T16:03:02.980+00:00"},"s":"I",  "c":"WTCHKPT",  "id":22430,   "ctx":"Checkpointer","msg":"WiredTiger message","attr":{"message":{"ts_sec":1783526582,"ts_usec":980259,"thread":"1698:0x7fd46aa006c0","session_name":"WT_SESSION.checkpoint","category":"WT_VERB_CHECKPOINT_PROGRESS","category_id":6,"verbose_level":"DEBUG_1","verbose_level_id":1,"msg":"saving checkpoint snapshot min: 2167, snapshot max: 2167 snapshot count: 0, oldest timestamp: (1783526279, 1) , meta checkpoint timestamp: (1783526579, 1) base write gen: 420"}}}
{"t":{"$date":"2026-07-08T16:04:03.009+00:00"},"s":"I",  "c":"WTCHKPT",  "id":22430,   "ctx":"Checkpointer","msg":"WiredTiger message","attr":{"message":{"ts_sec":1783526643,"ts_usec":9381,"thread":"1698:0x7fd46aa006c0","session_name":"WT_SESSION.checkpoint","category":"WT_VERB_CHECKPOINT_PROGRESS","category_id":6,"verbose_level":"DEBUG_1","verbose_level_id":1,"msg":"saving checkpoint snapshot min: 2181, snapshot max: 2181 snapshot count: 0, oldest timestamp: (1783526339, 1) , meta checkpoint timestamp: (1783526639, 1) base write gen: 420"}}}
{"t":{"$date":"2026-07-08T16:05:03.044+00:00"},"s":"I",  "c":"WTCHKPT",  "id":22430,   "ctx":"Checkpointer","msg":"WiredTiger message","attr":{"message":{"ts_sec":1783526703,"ts_usec":44197,"thread":"1698:0x7fd46aa006c0","session_name":"WT_SESSION.checkpoint","category":"WT_VERB_CHECKPOINT_PROGRESS","category_id":6,"verbose_level":"DEBUG_1","verbose_level_id":1,"msg":"saving checkpoint snapshot min: 2195, snapshot max: 2195 snapshot count: 0, oldest timestamp: (1783526399, 1) , meta checkpoint timestamp: (1783526699, 1) base write gen: 420"}}}
{"t":{"$date":"2026-07-08T16:06:03.074+00:00"},"s":"I",  "c":"WTCHKPT",  "id":22430,   "ctx":"Checkpointer","msg":"WiredTiger message","attr":{"message":{"ts_sec":1783526763,"ts_usec":73988,"thread":"1698:0x7fd46aa006c0","session_name":"WT_SESSION.checkpoint","category":"WT_VERB_CHECKPOINT_PROGRESS","category_id":6,"verbose_level":"DEBUG_1","verbose_level_id":1,"msg":"saving checkpoint snapshot min: 2209, snapshot max: 2209 snapshot count: 0, oldest timestamp: (1783526459, 1) , meta checkpoint timestamp: (1783526759, 1) base write gen: 420"}}}
{"t":{"$date":"2026-07-08T16:07:03.108+00:00"},"s":"I",  "c":"WTCHKPT",  "id":22430,   "ctx":"Checkpointer","msg":"WiredTiger message","attr":{"message":{"ts_sec":1783526823,"ts_usec":108614,"thread":"1698:0x7fd46aa006c0","session_name":"WT_SESSION.checkpoint","category":"WT_VERB_CHECKPOINT_PROGRESS","category_id":6,"verbose_level":"DEBUG_1","verbose_level_id":1,"msg":"saving checkpoint snapshot min: 2223, snapshot max: 2223 snapshot count: 0, oldest timestamp: (1783526519, 1) , meta checkpoint timestamp: (1783526819, 1) base write gen: 420"}}}
{"t":{"$date":"2026-07-08T16:08:03.144+00:00"},"s":"I",  "c":"WTCHKPT",  "id":22430,   "ctx":"Checkpointer","msg":"WiredTiger message","attr":{"message":{"ts_sec":1783526883,"ts_usec":144809,"thread":"1698:0x7fd46aa006c0","session_name":"WT_SESSION.checkpoint","category":"WT_VERB_CHECKPOINT_PROGRESS","category_id":6,"verbose_level":"DEBUG_1","verbose_level_id":1,"msg":"saving checkpoint snapshot min: 2237, snapshot max: 2237 snapshot count: 0, oldest timestamp: (1783526579, 1) , meta checkpoint timestamp: (1783526879, 1) base write gen: 420"}}}
{"t":{"$date":"2026-07-08T16:09:03.177+00:00"},"s":"I",  "c":"WTCHKPT",  "id":22430,   "ctx":"Checkpointer","msg":"WiredTiger message","attr":{"message":{"ts_sec":1783526943,"ts_usec":177447,"thread":"1698:0x7fd46aa006c0","session_name":"WT_SESSION.checkpoint","category":"WT_VERB_CHECKPOINT_PROGRESS","category_id":6,"verbose_level":"DEBUG_1","verbose_level_id":1,"msg":"saving checkpoint snapshot min: 2251, snapshot max: 2251 snapshot count: 0, oldest timestamp: (1783526639, 1) , meta checkpoint timestamp: (1783526939, 1) base write gen: 420"}}}
{"t":{"$date":"2026-07-08T16:10:03.203+00:00"},"s":"I",  "c":"WTCHKPT",  "id":22430,   "ctx":"Checkpointer","msg":"WiredTiger message","attr":{"message":{"ts_sec":1783527003,"ts_usec":203432,"thread":"1698:0x7fd46aa006c0","session_name":"WT_SESSION.checkpoint","category":"WT_VERB_CHECKPOINT_PROGRESS","category_id":6,"verbose_level":"DEBUG_1","verbose_level_id":1,"msg":"saving checkpoint snapshot min: 2265, snapshot max: 2265 snapshot count: 0, oldest timestamp: (1783526699, 1) , meta checkpoint timestamp: (1783526999, 1) base write gen: 420"}}}
{"t":{"$date":"2026-07-08T16:11:03.243+00:00"},"s":"I",  "c":"WTCHKPT",  "id":22430,   "ctx":"Checkpointer","msg":"WiredTiger message","attr":{"message":{"ts_sec":1783527063,"ts_usec":243761,"thread":"1698:0x7fd46aa006c0","session_name":"WT_SESSION.checkpoint","category":"WT_VERB_CHECKPOINT_PROGRESS","category_id":6,"verbose_level":"DEBUG_1","verbose_level_id":1,"msg":"saving checkpoint snapshot min: 2280, snapshot max: 2280 snapshot count: 0, oldest timestamp: (1783526759, 1) , meta checkpoint timestamp: (1783527059, 1) base write gen: 420"}}}
{"t":{"$date":"2026-07-08T16:12:03.277+00:00"},"s":"I",  "c":"WTCHKPT",  "id":22430,   "ctx":"Checkpointer","msg":"WiredTiger message","attr":{"message":{"ts_sec":1783527123,"ts_usec":277233,"thread":"1698:0x7fd46aa006c0","session_name":"WT_SESSION.checkpoint","category":"WT_VERB_CHECKPOINT_PROGRESS","category_id":6,"verbose_level":"DEBUG_1","verbose_level_id":1,"msg":"saving checkpoint snapshot min: 2294, snapshot max: 2294 snapshot count: 0, oldest timestamp: (1783526819, 1) , meta checkpoint timestamp: (1783527119, 1) base write gen: 420"}}}
{"t":{"$date":"2026-07-08T16:13:03.308+00:00"},"s":"I",  "c":"WTCHKPT",  "id":22430,   "ctx":"Checkpointer","msg":"WiredTiger message","attr":{"message":{"ts_sec":1783527183,"ts_usec":308921,"thread":"1698:0x7fd46aa006c0","session_name":"WT_SESSION.checkpoint","category":"WT_VERB_CHECKPOINT_PROGRESS","category_id":6,"verbose_level":"DEBUG_1","verbose_level_id":1,"msg":"saving checkpoint snapshot min: 2308, snapshot max: 2308 snapshot count: 0, oldest timestamp: (1783526879, 1) , meta checkpoint timestamp: (1783527179, 1) base write gen: 420"}}}
{"t":{"$date":"2026-07-08T16:14:03.299+00:00"},"s":"I",  "c":"WTCHKPT",  "id":22430,   "ctx":"Checkpointer","msg":"WiredTiger message","attr":{"message":{"ts_sec":1783527243,"ts_usec":299317,"thread":"1698:0x7fd46aa006c0","session_name":"WT_SESSION.checkpoint","category":"WT_VERB_CHECKPOINT_PROGRESS","category_id":6,"verbose_level":"DEBUG_1","verbose_level_id":1,"msg":"saving checkpoint snapshot min: 2322, snapshot max: 2322 snapshot count: 0, oldest timestamp: (1783526939, 1) , meta checkpoint timestamp: (1783527239, 1) base write gen: 420"}}}
{"t":{"$date":"2026-07-08T16:15:03.329+00:00"},"s":"I",  "c":"WTCHKPT",  "id":22430,   "ctx":"Checkpointer","msg":"WiredTiger message","attr":{"message":{"ts_sec":1783527303,"ts_usec":329882,"thread":"1698:0x7fd46aa006c0","session_name":"WT_SESSION.checkpoint","category":"WT_VERB_CHECKPOINT_PROGRESS","category_id":6,"verbose_level":"DEBUG_1","verbose_level_id":1,"msg":"saving checkpoint snapshot min: 2336, snapshot max: 2336 snapshot count: 0, oldest timestamp: (1783526999, 1) , meta checkpoint timestamp: (1783527299, 1) base write gen: 420"}}}
{"t":{"$date":"2026-07-08T16:15:51.046+00:00"},"s":"I",  "c":"-",        "id":20883,   "ctx":"conn9","msg":"Interrupted operation as its client disconnected","attr":{"opId":146718}}
{"t":{"$date":"2026-07-08T16:15:51.046+00:00"},"s":"I",  "c":"NETWORK",  "id":22944,   "ctx":"conn13","msg":"Connection ended","attr":{"remote":"127.0.0.1:50268","isLoadBalanced":false,"uuid":{"uuid":{"$uuid":"b7d68dc0-0c70-4a2a-8a5c-42282aa0e0ea"}},"connectionId":13,"connectionCount":9}}
{"t":{"$date":"2026-07-08T16:15:51.056+00:00"},"s":"I",  "c":"NETWORK",  "id":22944,   "ctx":"conn10","msg":"Connection ended","attr":{"remote":"127.0.0.1:37024","isLoadBalanced":false,"uuid":{"uuid":{"$uuid":"e2835028-b8a3-4ebf-842e-21785d573bc7"}},"connectionId":10,"connectionCount":8}}
{"t":{"$date":"2026-07-08T16:15:51.057+00:00"},"s":"I",  "c":"NETWORK",  "id":22944,   "ctx":"conn9","msg":"Connection ended","attr":{"remote":"127.0.0.1:37018","isLoadBalanced":false,"uuid":{"uuid":{"$uuid":"3ae4cbf5-890c-4a00-8a09-d7a8d2e731d1"}},"connectionId":9,"connectionCount":7}}
{"t":{"$date":"2026-07-08T16:15:51.092+00:00"},"s":"I",  "c":"NETWORK",  "id":22944,   "ctx":"conn8","msg":"Connection ended","attr":{"remote":"127.0.0.1:51612","isLoadBalanced":false,"uuid":{"uuid":{"$uuid":"8fd34b5a-a672-42dc-865d-70a4cba6818f"}},"connectionId":8,"connectionCount":6}}
{"t":{"$date":"2026-07-08T16:15:51.093+00:00"},"s":"I",  "c":"-",        "id":20883,   "ctx":"conn7","msg":"Interrupted operation as its client disconnected","attr":{"opId":146639}}
{"t":{"$date":"2026-07-08T16:15:51.097+00:00"},"s":"I",  "c":"NETWORK",  "id":22944,   "ctx":"conn14","msg":"Connection ended","attr":{"remote":"127.0.0.1:50270","isLoadBalanced":false,"uuid":{"uuid":{"$uuid":"2889f5ca-daee-4a6e-a986-3b09e1d11d63"}},"connectionId":14,"connectionCount":5}}
{"t":{"$date":"2026-07-08T16:15:51.099+00:00"},"s":"I",  "c":"NETWORK",  "id":22944,   "ctx":"conn15","msg":"Connection ended","attr":{"remote":"127.0.0.1:48362","isLoadBalanced":false,"uuid":{"uuid":{"$uuid":"bd717a87-6700-4dc1-8e15-9ba388dbf5cd"}},"connectionId":15,"connectionCount":4}}
{"t":{"$date":"2026-07-08T16:15:51.102+00:00"},"s":"I",  "c":"NETWORK",  "id":22944,   "ctx":"conn16","msg":"Connection ended","attr":{"remote":"127.0.0.1:38820","isLoadBalanced":false,"uuid":{"uuid":{"$uuid":"f071be4b-16ee-4a48-8fdf-625e23ac4c86"}},"connectionId":16,"connectionCount":3}}
{"t":{"$date":"2026-07-08T16:15:51.102+00:00"},"s":"I",  "c":"NETWORK",  "id":22944,   "ctx":"conn11","msg":"Connection ended","attr":{"remote":"127.0.0.1:37040","isLoadBalanced":false,"uuid":{"uuid":{"$uuid":"6877a064-d1ea-47e8-9524-80ff51bfbc5c"}},"connectionId":11,"connectionCount":2}}
{"t":{"$date":"2026-07-08T16:15:51.104+00:00"},"s":"I",  "c":"NETWORK",  "id":22944,   "ctx":"conn12","msg":"Connection ended","attr":{"remote":"127.0.0.1:50260","isLoadBalanced":false,"uuid":{"uuid":{"$uuid":"63fda807-2d56-4519-a2ec-e71d98d58c79"}},"connectionId":12,"connectionCount":1}}
{"t":{"$date":"2026-07-08T16:15:51.105+00:00"},"s":"I",  "c":"NETWORK",  "id":22944,   "ctx":"conn7","msg":"Connection ended","attr":{"remote":"127.0.0.1:51604","isLoadBalanced":false,"uuid":{"uuid":{"$uuid":"9f3d70a6-a15d-4bf1-8b7b-3ad92938a9de"}},"connectionId":7,"connectionCount":0}}
{"t":{"$date":"2026-07-08T16:15:54.730+00:00"},"s":"I",  "c":"CONTROL",  "id":23377,   "ctx":"SignalHandler","msg":"Received signal","attr":{"signal":15,"error":"Terminated"}}
{"t":{"$date":"2026-07-08T16:15:54.731+00:00"},"s":"I",  "c":"CONTROL",  "id":23378,   "ctx":"SignalHandler","msg":"Signal was sent by kill(2)","attr":{"pid":1,"uid":0}}
{"t":{"$date":"2026-07-08T16:15:54.731+00:00"},"s":"I",  "c":"CONTROL",  "id":23381,   "ctx":"SignalHandler","msg":"will terminate after current cmd ends"}
{"t":{"$date":"2026-07-08T16:15:54.731+00:00"},"s":"I",  "c":"REPL",     "id":4784900, "ctx":"SignalHandler","msg":"Stepping down the ReplicationCoordinator for shutdown","attr":{"waitTimeMillis":15000}}
{"t":{"$date":"2026-07-08T16:15:54.731+00:00"},"s":"I",  "c":"REPL",     "id":4794602, "ctx":"SignalHandler","msg":"Attempting to enter quiesce mode"}
{"t":{"$date":"2026-07-08T16:15:54.731+00:00"},"s":"I",  "c":"-",        "id":6371601, "ctx":"SignalHandler","msg":"Shutting down the FLE Crud thread pool"}
{"t":{"$date":"2026-07-08T16:15:54.735+00:00"},"s":"I",  "c":"ASIO",     "id":22582,   "ctx":"FLECrudNetwork","msg":"Killing all outstanding egress activity."}
{"t":{"$date":"2026-07-08T16:15:54.735+00:00"},"s":"I",  "c":"COMMAND",  "id":4784901, "ctx":"SignalHandler","msg":"Shutting down the MirrorMaestro"}
{"t":{"$date":"2026-07-08T16:15:54.735+00:00"},"s":"I",  "c":"REPL",     "id":40441,   "ctx":"SignalHandler","msg":"Stopping TopologyVersionObserver"}
{"t":{"$date":"2026-07-08T16:15:54.737+00:00"},"s":"I",  "c":"REPL",     "id":40447,   "ctx":"TopologyVersionObserver","msg":"Stopped TopologyVersionObserver"}
{"t":{"$date":"2026-07-08T16:15:54.740+00:00"},"s":"I",  "c":"ASIO",     "id":22582,   "ctx":"MirrorMaestro","msg":"Killing all outstanding egress activity."}
{"t":{"$date":"2026-07-08T16:15:54.741+00:00"},"s":"I",  "c":"SHARDING", "id":4784902, "ctx":"SignalHandler","msg":"Shutting down the WaitForMajorityService"}
{"t":{"$date":"2026-07-08T16:15:54.745+00:00"},"s":"I",  "c":"CONTROL",  "id":4784903, "ctx":"SignalHandler","msg":"Shutting down the LogicalSessionCache"}
{"t":{"$date":"2026-07-08T16:15:54.746+00:00"},"s":"I",  "c":"-",        "id":7350601, "ctx":"SignalHandler","msg":"Shutting down the QueryAnalysisSampler"}
{"t":{"$date":"2026-07-08T16:15:54.749+00:00"},"s":"I",  "c":"NETWORK",  "id":20562,   "ctx":"SignalHandler","msg":"Shutdown: going to close listening sockets"}
{"t":{"$date":"2026-07-08T16:15:54.749+00:00"},"s":"I",  "c":"NETWORK",  "id":23017,   "ctx":"listener","msg":"removing socket file","attr":{"path":"/tmp/mongodb-27017.sock"}}
{"t":{"$date":"2026-07-08T16:15:54.752+00:00"},"s":"I",  "c":"NETWORK",  "id":4784905, "ctx":"SignalHandler","msg":"Shutting down the global connection pool"}
{"t":{"$date":"2026-07-08T16:15:54.753+00:00"},"s":"I",  "c":"CONTROL",  "id":4784906, "ctx":"SignalHandler","msg":"Shutting down the FlowControlTicketholder"}
{"t":{"$date":"2026-07-08T16:15:54.753+00:00"},"s":"I",  "c":"-",        "id":20520,   "ctx":"SignalHandler","msg":"Stopping further Flow Control ticket acquisitions."}
{"t":{"$date":"2026-07-08T16:15:54.753+00:00"},"s":"I",  "c":"REPL",     "id":4784907, "ctx":"SignalHandler","msg":"Shutting down the replica set node executor"}
{"t":{"$date":"2026-07-08T16:15:54.756+00:00"},"s":"I",  "c":"ASIO",     "id":22582,   "ctx":"ReplNodeDbWorkerNetwork","msg":"Killing all outstanding egress activity."}
{"t":{"$date":"2026-07-08T16:15:54.757+00:00"},"s":"I",  "c":"CONTROL",  "id":4784908, "ctx":"SignalHandler","msg":"Shutting down the PeriodicThreadToAbortExpiredTransactions"}
{"t":{"$date":"2026-07-08T16:15:54.758+00:00"},"s":"I",  "c":"REPL",     "id":4784909, "ctx":"SignalHandler","msg":"Shutting down the ReplicationCoordinator"}
{"t":{"$date":"2026-07-08T16:15:54.759+00:00"},"s":"I",  "c":"REPL",     "id":5074000, "ctx":"SignalHandler","msg":"Shutting down the replica set aware services."}
{"t":{"$date":"2026-07-08T16:15:54.760+00:00"},"s":"I",  "c":"REPL",     "id":5123006, "ctx":"SignalHandler","msg":"Shutting down PrimaryOnlyService","attr":{"service":"TenantMigrationRecipientService","numInstances":0,"numOperationContexts":0}}
{"t":{"$date":"2026-07-08T16:15:54.760+00:00"},"s":"I",  "c":"ASIO",     "id":22582,   "ctx":"TenantMigrationRecipientServiceNetwork","msg":"Killing all outstanding egress activity."}
{"t":{"$date":"2026-07-08T16:15:54.761+00:00"},"s":"I",  "c":"REPL",     "id":5123006, "ctx":"SignalHandler","msg":"Shutting down PrimaryOnlyService","attr":{"service":"TenantMigrationDonorService","numInstances":0,"numOperationContexts":0}}
{"t":{"$date":"2026-07-08T16:15:54.761+00:00"},"s":"I",  "c":"ASIO",     "id":22582,   "ctx":"TenantMigrationDonorServiceNetwork","msg":"Killing all outstanding egress activity."}
{"t":{"$date":"2026-07-08T16:15:54.763+00:00"},"s":"I",  "c":"ASIO",     "id":22582,   "ctx":"QueryAnalysisWriterNetwork","msg":"Killing all outstanding egress activity."}
{"t":{"$date":"2026-07-08T16:15:54.765+00:00"},"s":"I",  "c":"REPL",     "id":21328,   "ctx":"SignalHandler","msg":"Shutting down replication subsystems"}
{"t":{"$date":"2026-07-08T16:15:54.765+00:00"},"s":"I",  "c":"REPL",     "id":21302,   "ctx":"SignalHandler","msg":"Stopping replication reporter thread"}
{"t":{"$date":"2026-07-08T16:15:54.767+00:00"},"s":"I",  "c":"REPL",     "id":21303,   "ctx":"SignalHandler","msg":"Stopping replication fetcher thread"}
{"t":{"$date":"2026-07-08T16:15:54.768+00:00"},"s":"I",  "c":"REPL",     "id":21304,   "ctx":"SignalHandler","msg":"Stopping replication applier thread"}
{"t":{"$date":"2026-07-08T16:15:54.768+00:00"},"s":"I",  "c":"REPL",     "id":21107,   "ctx":"BackgroundSync","msg":"Stopping replication producer"}
{"t":{"$date":"2026-07-08T16:15:54.891+00:00"},"s":"I",  "c":"REPL",     "id":21225,   "ctx":"OplogApplier-0","msg":"Finished oplog application"}
{"t":{"$date":"2026-07-08T16:15:54.892+00:00"},"s":"I",  "c":"REPL",     "id":5698300, "ctx":"SignalHandler","msg":"Stopping replication applier writer pool"}
{"t":{"$date":"2026-07-08T16:15:54.892+00:00"},"s":"I",  "c":"REPL",     "id":21307,   "ctx":"SignalHandler","msg":"Stopping replication storage threads"}
{"t":{"$date":"2026-07-08T16:15:54.895+00:00"},"s":"I",  "c":"ASIO",     "id":22582,   "ctx":"OplogApplierNetwork","msg":"Killing all outstanding egress activity."}
{"t":{"$date":"2026-07-08T16:15:54.896+00:00"},"s":"I",  "c":"ASIO",     "id":6529201, "ctx":"SignalHandler","msg":"Network interface redundant shutdown","attr":{"state":"Stopped"}}
{"t":{"$date":"2026-07-08T16:15:54.896+00:00"},"s":"I",  "c":"ASIO",     "id":22582,   "ctx":"SignalHandler","msg":"Killing all outstanding egress activity."}
{"t":{"$date":"2026-07-08T16:15:54.898+00:00"},"s":"I",  "c":"ASIO",     "id":22582,   "ctx":"ReplCoordExternNetwork","msg":"Killing all outstanding egress activity."}
{"t":{"$date":"2026-07-08T16:15:54.899+00:00"},"s":"I",  "c":"ASIO",     "id":22582,   "ctx":"ReplNetwork","msg":"Killing all outstanding egress activity."}
{"t":{"$date":"2026-07-08T16:15:54.899+00:00"},"s":"I",  "c":"SHARDING", "id":4784910, "ctx":"SignalHandler","msg":"Shutting down the ShardingInitializationMongoD"}
{"t":{"$date":"2026-07-08T16:15:54.900+00:00"},"s":"I",  "c":"REPL",     "id":4784911, "ctx":"SignalHandler","msg":"Enqueuing the ReplicationStateTransitionLock for shutdown"}
{"t":{"$date":"2026-07-08T16:15:54.901+00:00"},"s":"I",  "c":"-",        "id":4784912, "ctx":"SignalHandler","msg":"Killing all operations for shutdown"}
{"t":{"$date":"2026-07-08T16:15:54.901+00:00"},"s":"I",  "c":"-",        "id":4695300, "ctx":"SignalHandler","msg":"Interrupted all currently running operations","attr":{"opsKilled":5}}
{"t":{"$date":"2026-07-08T16:15:54.902+00:00"},"s":"I",  "c":"TENANT_M", "id":5093807, "ctx":"SignalHandler","msg":"Shutting down all TenantMigrationAccessBlockers on global shutdown"}
{"t":{"$date":"2026-07-08T16:15:54.904+00:00"},"s":"I",  "c":"ASIO",     "id":22582,   "ctx":"TenantMigrationBlockerNet","msg":"Killing all outstanding egress activity."}
{"t":{"$date":"2026-07-08T16:15:54.906+00:00"},"s":"I",  "c":"ASIO",     "id":6529201, "ctx":"SignalHandler","msg":"Network interface redundant shutdown","attr":{"state":"Stopped"}}
{"t":{"$date":"2026-07-08T16:15:54.907+00:00"},"s":"I",  "c":"ASIO",     "id":22582,   "ctx":"SignalHandler","msg":"Killing all outstanding egress activity."}
{"t":{"$date":"2026-07-08T16:15:54.908+00:00"},"s":"I",  "c":"COMMAND",  "id":4784913, "ctx":"SignalHandler","msg":"Shutting down all open transactions"}
{"t":{"$date":"2026-07-08T16:15:54.909+00:00"},"s":"I",  "c":"REPL",     "id":4784914, "ctx":"SignalHandler","msg":"Acquiring the ReplicationStateTransitionLock for shutdown"}
{"t":{"$date":"2026-07-08T16:15:54.909+00:00"},"s":"I",  "c":"INDEX",    "id":4784915, "ctx":"SignalHandler","msg":"Shutting down the IndexBuildsCoordinator"}
{"t":{"$date":"2026-07-08T16:15:54.909+00:00"},"s":"I",  "c":"NETWORK",  "id":4784918, "ctx":"SignalHandler","msg":"Shutting down the ReplicaSetMonitor"}
{"t":{"$date":"2026-07-08T16:15:54.909+00:00"},"s":"I",  "c":"REPL",     "id":4784920, "ctx":"SignalHandler","msg":"Shutting down the LogicalTimeValidator"}
{"t":{"$date":"2026-07-08T16:15:54.910+00:00"},"s":"I",  "c":"SHARDING", "id":4784921, "ctx":"SignalHandler","msg":"Shutting down the MigrationUtilExecutor"}
{"t":{"$date":"2026-07-08T16:15:54.911+00:00"},"s":"I",  "c":"ASIO",     "id":22582,   "ctx":"MigrationUtil-TaskExecutor","msg":"Killing all outstanding egress activity."}
{"t":{"$date":"2026-07-08T16:15:54.912+00:00"},"s":"I",  "c":"COMMAND",  "id":4784923, "ctx":"SignalHandler","msg":"Shutting down the ServiceEntryPoint"}
{"t":{"$date":"2026-07-08T16:15:54.912+00:00"},"s":"I",  "c":"CONTROL",  "id":4784927, "ctx":"SignalHandler","msg":"Shutting down the HealthLog"}
{"t":{"$date":"2026-07-08T16:15:54.912+00:00"},"s":"I",  "c":"CONTROL",  "id":4784928, "ctx":"SignalHandler","msg":"Shutting down the TTL monitor"}
{"t":{"$date":"2026-07-08T16:15:54.912+00:00"},"s":"I",  "c":"INDEX",    "id":3684100, "ctx":"SignalHandler","msg":"Shutting down TTL collection monitor thread"}
{"t":{"$date":"2026-07-08T16:15:54.913+00:00"},"s":"I",  "c":"INDEX",    "id":3684101, "ctx":"SignalHandler","msg":"Finished shutting down TTL collection monitor thread"}
{"t":{"$date":"2026-07-08T16:15:54.917+00:00"},"s":"I",  "c":"CONTROL",  "id":6278511, "ctx":"SignalHandler","msg":"Shutting down the Change Stream Expired Pre-images Remover"}
{"t":{"$date":"2026-07-08T16:15:54.919+00:00"},"s":"I",  "c":"QUERY",    "id":6278515, "ctx":"SignalHandler","msg":"Shutting down Change Stream Expired Pre-images Remover thread"}
{"t":{"$date":"2026-07-08T16:15:54.919+00:00"},"s":"I",  "c":"STORAGE",  "id":22263,   "ctx":"TimestampMonitor","msg":"Timestamp monitor is stopping","attr":{"error":{"code":11600,"codeName":"InterruptedAtShutdown","errmsg":"interrupted at shutdown"}}}
{"t":{"$date":"2026-07-08T16:15:54.920+00:00"},"s":"I",  "c":"QUERY",    "id":6278516, "ctx":"SignalHandler","msg":"Finished shutting down Change Stream Expired Pre-images Remover thread"}
{"t":{"$date":"2026-07-08T16:15:54.923+00:00"},"s":"I",  "c":"CONTROL",  "id":4784929, "ctx":"SignalHandler","msg":"Acquiring the global lock for shutdown"}
{"t":{"$date":"2026-07-08T16:15:54.924+00:00"},"s":"I",  "c":"CONTROL",  "id":4784930, "ctx":"SignalHandler","msg":"Shutting down the storage engine"}
{"t":{"$date":"2026-07-08T16:15:54.924+00:00"},"s":"I",  "c":"STORAGE",  "id":22320,   "ctx":"SignalHandler","msg":"Shutting down journal flusher thread"}
{"t":{"$date":"2026-07-08T16:15:54.924+00:00"},"s":"I",  "c":"STORAGE",  "id":22321,   "ctx":"SignalHandler","msg":"Finished shutting down journal flusher thread"}
{"t":{"$date":"2026-07-08T16:15:54.924+00:00"},"s":"I",  "c":"STORAGE",  "id":22322,   "ctx":"SignalHandler","msg":"Shutting down checkpoint thread"}
{"t":{"$date":"2026-07-08T16:15:54.926+00:00"},"s":"I",  "c":"STORAGE",  "id":22323,   "ctx":"SignalHandler","msg":"Finished shutting down checkpoint thread"}
{"t":{"$date":"2026-07-08T16:15:54.926+00:00"},"s":"I",  "c":"STORAGE",  "id":22261,   "ctx":"SignalHandler","msg":"Timestamp monitor shutting down"}
{"t":{"$date":"2026-07-08T16:15:54.927+00:00"},"s":"I",  "c":"STORAGE",  "id":20282,   "ctx":"SignalHandler","msg":"Deregistering all the collections"}
{"t":{"$date":"2026-07-08T16:15:54.931+00:00"},"s":"I",  "c":"STORAGE",  "id":22372,   "ctx":"OplogVisibilityThread","msg":"Oplog visibility thread shutting down."}
{"t":{"$date":"2026-07-08T16:15:54.933+00:00"},"s":"I",  "c":"STORAGE",  "id":22317,   "ctx":"SignalHandler","msg":"WiredTigerKVEngine shutting down"}
{"t":{"$date":"2026-07-08T16:15:54.933+00:00"},"s":"I",  "c":"STORAGE",  "id":22318,   "ctx":"SignalHandler","msg":"Shutting down session sweeper thread"}
{"t":{"$date":"2026-07-08T16:15:54.934+00:00"},"s":"I",  "c":"STORAGE",  "id":22319,   "ctx":"SignalHandler","msg":"Finished shutting down session sweeper thread"}
{"t":{"$date":"2026-07-08T16:15:54.935+00:00"},"s":"I",  "c":"STORAGE",  "id":4795902, "ctx":"SignalHandler","msg":"Closing WiredTiger","attr":{"closeConfig":"leak_memory=true,"}}
{"t":{"$date":"2026-07-08T16:15:54.942+00:00"},"s":"I",  "c":"WTRECOV",  "id":22430,   "ctx":"SignalHandler","msg":"WiredTiger message","attr":{"message":{"ts_sec":1783527354,"ts_usec":942571,"thread":"1698:0x7fd4768006c0","session_name":"WT_CONNECTION.close","category":"WT_VERB_RECOVERY_PROGRESS","category_id":30,"verbose_level":"DEBUG_1","verbose_level_id":1,"msg":"shutdown rollback to stable has successfully finished and ran for 5 milliseconds"}}}
{"t":{"$date":"2026-07-08T16:15:54.960+00:00"},"s":"I",  "c":"WTCHKPT",  "id":22430,   "ctx":"SignalHandler","msg":"WiredTiger message","attr":{"message":{"ts_sec":1783527354,"ts_usec":960227,"thread":"1698:0x7fd4768006c0","session_name":"close_ckpt","category":"WT_VERB_CHECKPOINT_PROGRESS","category_id":6,"verbose_level":"DEBUG_1","verbose_level_id":1,"msg":"saving checkpoint snapshot min: 2350, snapshot max: 2350 snapshot count: 0, oldest timestamp: (1783527049, 1) , meta checkpoint timestamp: (1783527349, 1) base write gen: 420"}}}
{"t":{"$date":"2026-07-08T16:15:54.981+00:00"},"s":"I",  "c":"WTRECOV",  "id":22430,   "ctx":"SignalHandler","msg":"WiredTiger message","attr":{"message":{"ts_sec":1783527354,"ts_usec":981219,"thread":"1698:0x7fd4768006c0","session_name":"WT_CONNECTION.close","category":"WT_VERB_RECOVERY_PROGRESS","category_id":30,"verbose_level":"DEBUG_1","verbose_level_id":1,"msg":"shutdown checkpoint has successfully finished and ran for 38 milliseconds"}}}
{"t":{"$date":"2026-07-08T16:15:54.982+00:00"},"s":"I",  "c":"WTRECOV",  "id":22430,   "ctx":"SignalHandler","msg":"WiredTiger message","attr":{"message":{"ts_sec":1783527354,"ts_usec":982365,"thread":"1698:0x7fd4768006c0","session_name":"WT_CONNECTION.close","category":"WT_VERB_RECOVERY_PROGRESS","category_id":30,"verbose_level":"DEBUG_1","verbose_level_id":1,"msg":"shutdown was completed successfully and took 46ms, including 5ms for the rollback to stable, and 38ms for the checkpoint."}}}
{"t":{"$date":"2026-07-08T16:15:55.001+00:00"},"s":"W",  "c":"REPL",     "id":6100702, "ctx":"ftdc","msg":"Failed to get last stable recovery timestamp due to lock acquire timeout. Note this is expected if shutdown is in progress."}
{"t":{"$date":"2026-07-08T16:15:55.086+00:00"},"s":"I",  "c":"STORAGE",  "id":4795901, "ctx":"SignalHandler","msg":"WiredTiger closed","attr":{"durationMillis":151}}
{"t":{"$date":"2026-07-08T16:15:55.087+00:00"},"s":"I",  "c":"STORAGE",  "id":22279,   "ctx":"SignalHandler","msg":"shutdown: removing fs lock..."}
{"t":{"$date":"2026-07-08T16:15:55.088+00:00"},"s":"I",  "c":"-",        "id":4784931, "ctx":"SignalHandler","msg":"Dropping the scope cache for shutdown"}
{"t":{"$date":"2026-07-08T16:15:55.089+00:00"},"s":"I",  "c":"FTDC",     "id":20626,   "ctx":"SignalHandler","msg":"Shutting down full-time diagnostic data capture"}
{"t":{"$date":"2026-07-08T16:15:55.093+00:00"},"s":"I",  "c":"-",        "id":10175800,"ctx":"SignalHandler","msg":"Shutting down the standalone executor"}
{"t":{"$date":"2026-07-08T16:15:55.096+00:00"},"s":"I",  "c":"ASIO",     "id":22582,   "ctx":"StandaloneNetwork","msg":"Killing all outstanding egress activity."}
{"t":{"$date":"2026-07-08T16:15:55.096+00:00"},"s":"I",  "c":"CONTROL",  "id":20565,   "ctx":"SignalHandler","msg":"Now exiting"}
{"t":{"$date":"2026-07-08T16:15:55.097+00:00"},"s":"I",  "c":"CONTROL",  "id":8423404, "ctx":"SignalHandler","msg":"mongod shutdown complete","attr":{"Summary of time elapsed":{"Statistics":{"Enter terminal shutdown":"0 ms","Step down the replication coordinator for shutdown":"0 ms","Time spent in quiesce mode":"0 ms","Shut down FLE Crud subsystem":"4 ms","Shut down MirrorMaestro":"5 ms","Shut down WaitForMajorityService":"5 ms","Shut down the logical session cache":"0 ms","Shut down the Query Analysis Sampler":"1 ms","Shut down the transport layer":"5 ms","Shut down the global connection pool":"1 ms","Shut down the flow control ticket holder":"1 ms","Shut down the replica set node executor":"3 ms","Shut down the replica set aware services":"5 ms","Shut down replication":"0 ms","Shut down external state":"133 ms","Shut down replication executor":"0 ms","Join replication executor":"1 ms","Kill all operations for shutdown":"0 ms","Shut down all tenant migration access blockers on global shutdown":"7 ms","Shut down all open transactions":"0 ms","Acquire the RSTL for shutdown":"1 ms","Shut down the IndexBuildsCoordinator and wait for index builds to finish":"0 ms","Shut down the replica set monitor":"0 ms","Shut down the logical time validator":"0 ms","Shut down the migration util executor":"1 ms","Shut down the health log":"0 ms","Shut down the TTL monitor":"5 ms","Shut down expired pre-images and documents removers":"3 ms","Shut down the storage engine":"165 ms","Wait for the oplog cap maintainer thread to stop":"0 ms","Shut down full-time data capture":"1 ms","Shut down standalone executor":"7 ms","shutdownTask total elapsed time":"365 ms"}}}}
{"t":{"$date":"2026-07-08T16:15:55.098+00:00"},"s":"I",  "c":"CONTROL",  "id":23138,   "ctx":"SignalHandler","msg":"Shutting down","attr":{"exitCode":0}}
