{"t":{"$date":"2026-07-08T11:52:38.995+00:00"},"s":"I",  "c":"CONTROL",  "id":23285,   "ctx":"main","msg":"Automatically disabling TLS 1.0, to force-enable TLS 1.0 specify --sslDisabledProtocols 'none'"}
{"t":{"$date":"2026-07-08T11:52:38.998+00:00"},"s":"I",  "c":"NETWORK",  "id":4915701, "ctx":"main","msg":"Initialized wire specification","attr":{"spec":{"incomingExternalClient":{"minWireVersion":0,"maxWireVersion":21},"incomingInternalClient":{"minWireVersion":0,"maxWireVersion":21},"outgoing":{"minWireVersion":6,"maxWireVersion":21},"isInternalClient":true}}}
{"t":{"$date":"2026-07-08T11:52:38.999+00:00"},"s":"I",  "c":"NETWORK",  "id":4648601, "ctx":"main","msg":"Implicit TCP FastOpen unavailable. If TCP FastOpen is required, set tcpFastOpenServer, tcpFastOpenClient, and tcpFastOpenQueueSize."}
{"t":{"$date":"2026-07-08T11:52:39.147+00:00"},"s":"I",  "c":"REPL",     "id":5123008, "ctx":"main","msg":"Successfully registered PrimaryOnlyService","attr":{"service":"TenantMigrationDonorService","namespace":"config.tenantMigrationDonors"}}
{"t":{"$date":"2026-07-08T11:52:39.147+00:00"},"s":"I",  "c":"REPL",     "id":5123008, "ctx":"main","msg":"Successfully registered PrimaryOnlyService","attr":{"service":"TenantMigrationRecipientService","namespace":"config.tenantMigrationRecipients"}}
{"t":{"$date":"2026-07-08T11:52:39.147+00:00"},"s":"W",  "c":"NETWORK",  "id":11621101,"ctx":"main","msg":"Overriding max connections to honor `capMemoryConsumptionForPreAuthBuffers` settings","attr":{"limit":101619}}
{"t":{"$date":"2026-07-08T11:52:39.148+00:00"},"s":"I",  "c":"CONTROL",  "id":5945603, "ctx":"main","msg":"Multi threading initialized"}
{"t":{"$date":"2026-07-08T11:52:39.148+00:00"},"s":"I",  "c":"TENANT_M", "id":7091600, "ctx":"main","msg":"Starting TenantMigrationAccessBlockerRegistry"}
{"t":{"$date":"2026-07-08T11:52:39.149+00:00"},"s":"I",  "c":"CONTROL",  "id":4615611, "ctx":"initandlisten","msg":"MongoDB starting","attr":{"pid":1974,"port":27017,"dbPath":".","architecture":"64-bit","host":"e11034744d8b"}}
{"t":{"$date":"2026-07-08T11:52:39.149+00:00"},"s":"I",  "c":"CONTROL",  "id":23403,   "ctx":"initandlisten","msg":"Build Info","attr":{"buildInfo":{"version":"7.0.34","gitVersion":"ed9a6630253d3bc301e5ef19606704715d1e2066","openSSLVersion":"OpenSSL 3.0.13 30 Jan 2024","modules":[],"allocator":"tcmalloc","environment":{"distmod":"ubuntu2204","distarch":"x86_64","target_arch":"x86_64"}}}}
{"t":{"$date":"2026-07-08T11:52:39.149+00:00"},"s":"I",  "c":"CONTROL",  "id":51765,   "ctx":"initandlisten","msg":"Operating System","attr":{"os":{"name":"Ubuntu","version":"24.04"}}}
{"t":{"$date":"2026-07-08T11:52:39.150+00:00"},"s":"I",  "c":"CONTROL",  "id":21951,   "ctx":"initandlisten","msg":"Options set by command line","attr":{"options":{"net":{"bindIp":"localhost","port":27017},"replication":{"replSet":"mr1"},"security":{"keyFile":"/tmp/appsmith/mongodb-key"},"storage":{"dbPath":"."},"systemLog":{"destination":"file","path":"/appsmith-stacks/logs/mongodb/db.log"}}}}
{"t":{"$date":"2026-07-08T11:52:39.150+00:00"},"s":"W",  "c":"NETWORK",  "id":11621101,"ctx":"initandlisten","msg":"Overriding max connections to honor `capMemoryConsumptionForPreAuthBuffers` settings","attr":{"limit":101619}}
{"t":{"$date":"2026-07-08T11:52:39.153+00:00"},"s":"I",  "c":"STORAGE",  "id":22270,   "ctx":"initandlisten","msg":"Storage engine to use detected by data files","attr":{"dbpath":".","storageEngine":"wiredTiger"}}
{"t":{"$date":"2026-07-08T11:52:39.155+00:00"},"s":"I",  "c":"STORAGE",  "id":22315,   "ctx":"initandlisten","msg":"Opening WiredTiger","attr":{"config":"create,cache_size=3457M,session_max=33000,eviction=(threads_min=4,threads_max=4),config_base=false,statistics=(fast),log=(enabled=true,remove=true,path=journal,compressor=snappy),builtin_extension_config=(zstd=(compression_level=6)),file_manager=(close_idle_time=600,close_scan_interval=10,close_handle_minimum=2000),statistics_log=(wait=0),json_output=(error,message),verbose=[recovery_progress:1,checkpoint_progress:1,compact_progress:1,backup:0,checkpoint:0,compact:0,evict:0,history_store:0,recovery:0,rts:0,salvage:0,tiered:0,timestamp:0,transaction:0,verify:0,log:0],"}}
{"t":{"$date":"2026-07-08T11:52:39.837+00:00"},"s":"I",  "c":"WTRECOV",  "id":22430,   "ctx":"initandlisten","msg":"WiredTiger message","attr":{"message":{"ts_sec":1783511559,"ts_usec":837103,"thread":"1974:0x7ff6b156e140","session_name":"txn-recover","category":"WT_VERB_RECOVERY_PROGRESS","category_id":30,"verbose_level":"DEBUG_1","verbose_level_id":1,"msg":"Recovering log 2 through 3"}}}
{"t":{"$date":"2026-07-08T11:52:39.985+00:00"},"s":"I",  "c":"WTRECOV",  "id":22430,   "ctx":"initandlisten","msg":"WiredTiger message","attr":{"message":{"ts_sec":1783511559,"ts_usec":985657,"thread":"1974:0x7ff6b156e140","session_name":"txn-recover","category":"WT_VERB_RECOVERY_PROGRESS","category_id":30,"verbose_level":"DEBUG_1","verbose_level_id":1,"msg":"Recovering log 3 through 3"}}}
{"t":{"$date":"2026-07-08T11:52:40.288+00:00"},"s":"I",  "c":"WTRECOV",  "id":22430,   "ctx":"initandlisten","msg":"WiredTiger message","attr":{"message":{"ts_sec":1783511560,"ts_usec":288252,"thread":"1974:0x7ff6b156e140","session_name":"txn-recover","category":"WT_VERB_RECOVERY_PROGRESS","category_id":30,"verbose_level":"DEBUG_1","verbose_level_id":1,"msg":"Main recovery loop: starting at 2/90496 to 3/256"}}}
{"t":{"$date":"2026-07-08T11:52:40.615+00:00"},"s":"I",  "c":"WTRECOV",  "id":22430,   "ctx":"initandlisten","msg":"WiredTiger message","attr":{"message":{"ts_sec":1783511560,"ts_usec":615527,"thread":"1974:0x7ff6b156e140","session_name":"txn-recover","category":"WT_VERB_RECOVERY_PROGRESS","category_id":30,"verbose_level":"DEBUG_1","verbose_level_id":1,"msg":"Recovering log 2 through 3"}}}
{"t":{"$date":"2026-07-08T11:52:40.902+00:00"},"s":"I",  "c":"WTRECOV",  "id":22430,   "ctx":"initandlisten","msg":"WiredTiger message","attr":{"message":{"ts_sec":1783511560,"ts_usec":902835,"thread":"1974:0x7ff6b156e140","session_name":"txn-recover","category":"WT_VERB_RECOVERY_PROGRESS","category_id":30,"verbose_level":"DEBUG_1","verbose_level_id":1,"msg":"Recovering log 3 through 3"}}}
{"t":{"$date":"2026-07-08T11:52:40.973+00:00"},"s":"I",  "c":"WTRECOV",  "id":22430,   "ctx":"initandlisten","msg":"WiredTiger message","attr":{"message":{"ts_sec":1783511560,"ts_usec":973693,"thread":"1974:0x7ff6b156e140","session_name":"txn-recover","category":"WT_VERB_RECOVERY_PROGRESS","category_id":30,"verbose_level":"DEBUG_1","verbose_level_id":1,"msg":"recovery log replay has successfully finished and ran for 1137 milliseconds"}}}
{"t":{"$date":"2026-07-08T11:52:40.974+00:00"},"s":"I",  "c":"WTRECOV",  "id":22430,   "ctx":"initandlisten","msg":"WiredTiger message","attr":{"message":{"ts_sec":1783511560,"ts_usec":974166,"thread":"1974:0x7ff6b156e140","session_name":"txn-recover","category":"WT_VERB_RECOVERY_PROGRESS","category_id":30,"verbose_level":"DEBUG_1","verbose_level_id":1,"msg":"Set global recovery timestamp: (1783511546, 8)"}}}
{"t":{"$date":"2026-07-08T11:52:40.974+00:00"},"s":"I",  "c":"WTRECOV",  "id":22430,   "ctx":"initandlisten","msg":"WiredTiger message","attr":{"message":{"ts_sec":1783511560,"ts_usec":974487,"thread":"1974:0x7ff6b156e140","session_name":"txn-recover","category":"WT_VERB_RECOVERY_PROGRESS","category_id":30,"verbose_level":"DEBUG_1","verbose_level_id":1,"msg":"Set global oldest timestamp: (1783511546, 1)"}}}
{"t":{"$date":"2026-07-08T11:52:40.976+00:00"},"s":"I",  "c":"WTRECOV",  "id":22430,   "ctx":"initandlisten","msg":"WiredTiger message","attr":{"message":{"ts_sec":1783511560,"ts_usec":976720,"thread":"1974:0x7ff6b156e140","session_name":"txn-recover","category":"WT_VERB_RECOVERY_PROGRESS","category_id":30,"verbose_level":"DEBUG_1","verbose_level_id":1,"msg":"recovery rollback to stable has successfully finished and ran for 1 milliseconds"}}}
{"t":{"$date":"2026-07-08T11:52:40.981+00:00"},"s":"I",  "c":"WTCHKPT",  "id":22430,   "ctx":"initandlisten","msg":"WiredTiger message","attr":{"message":{"ts_sec":1783511560,"ts_usec":981945,"thread":"1974:0x7ff6b156e140","session_name":"WT_SESSION.checkpoint","category":"WT_VERB_CHECKPOINT_PROGRESS","category_id":6,"verbose_level":"DEBUG_1","verbose_level_id":1,"msg":"saving checkpoint snapshot min: 1, snapshot max: 1 snapshot count: 0, oldest timestamp: (1783511546, 1) , meta checkpoint timestamp: (1783511546, 8) base write gen: 34"}}}
{"t":{"$date":"2026-07-08T11:52:40.996+00:00"},"s":"I",  "c":"WTRECOV",  "id":22430,   "ctx":"initandlisten","msg":"WiredTiger message","attr":{"message":{"ts_sec":1783511560,"ts_usec":996903,"thread":"1974:0x7ff6b156e140","session_name":"txn-recover","category":"WT_VERB_RECOVERY_PROGRESS","category_id":30,"verbose_level":"DEBUG_1","verbose_level_id":1,"msg":"recovery checkpoint has successfully finished and ran for 19 milliseconds"}}}
{"t":{"$date":"2026-07-08T11:52:40.999+00:00"},"s":"I",  "c":"WTRECOV",  "id":22430,   "ctx":"initandlisten","msg":"WiredTiger message","attr":{"message":{"ts_sec":1783511560,"ts_usec":999838,"thread":"1974:0x7ff6b156e140","session_name":"txn-recover","category":"WT_VERB_RECOVERY_PROGRESS","category_id":30,"verbose_level":"DEBUG_1","verbose_level_id":1,"msg":"recovery was completed successfully and took 1163ms, including 1137ms for the log replay, 1ms for the rollback to stable, and 19ms for the checkpoint."}}}
{"t":{"$date":"2026-07-08T11:52:41.005+00:00"},"s":"I",  "c":"STORAGE",  "id":4795906, "ctx":"initandlisten","msg":"WiredTiger opened","attr":{"durationMillis":1849}}
{"t":{"$date":"2026-07-08T11:52:41.006+00:00"},"s":"I",  "c":"RECOVERY", "id":23987,   "ctx":"initandlisten","msg":"WiredTiger recoveryTimestamp","attr":{"recoveryTimestamp":{"$timestamp":{"t":1783511546,"i":8}}}}
{"t":{"$date":"2026-07-08T11:52:41.007+00:00"},"s":"I",  "c":"RECOVERY", "id":5380106, "ctx":"initandlisten","msg":"WiredTiger oldestTimestamp","attr":{"oldestTimestamp":{"$timestamp":{"t":1783511546,"i":1}}}}
{"t":{"$date":"2026-07-08T11:52:41.171+00:00"},"s":"I",  "c":"STORAGE",  "id":7393203, "ctx":"initandlisten","msg":"The size storer reports that the collection contains","attr":{"numRecords":8,"dataSize":1436}}
{"t":{"$date":"2026-07-08T11:52:41.171+00:00"},"s":"I",  "c":"STORAGE",  "id":7393212, "ctx":"initandlisten","msg":"Scanning collection to determine where to place markers for truncation","attr":{"namespace":"local.oplog.rs"}}
{"t":{"$date":"2026-07-08T11:52:41.181+00:00"},"s":"I",  "c":"STORAGE",  "id":22382,   "ctx":"initandlisten","msg":"WiredTiger record store oplog processing finished","attr":{"durationMillis":9}}
{"t":{"$date":"2026-07-08T11:52:41.196+00:00"},"s":"W",  "c":"CONTROL",  "id":22138,   "ctx":"initandlisten","msg":"You are running this process as the root user, which is not recommended","tags":["startupWarnings"]}
{"t":{"$date":"2026-07-08T11:52:41.197+00:00"},"s":"W",  "c":"CONTROL",  "id":9068900, "ctx":"initandlisten","msg":"For customers running MongoDB 7.0, we suggest changing the contents of the following sysfsFile","attr":{"sysfsFile":"/sys/kernel/mm/transparent_hugepage","currentValue":"always","desiredValue":"never"},"tags":["startupWarnings"]}
{"t":{"$date":"2026-07-08T11:52:41.206+00:00"},"s":"I",  "c":"NETWORK",  "id":4915702, "ctx":"initandlisten","msg":"Updated wire specification","attr":{"oldSpec":{"incomingExternalClient":{"minWireVersion":0,"maxWireVersion":21},"incomingInternalClient":{"minWireVersion":0,"maxWireVersion":21},"outgoing":{"minWireVersion":6,"maxWireVersion":21},"isInternalClient":true},"newSpec":{"incomingExternalClient":{"minWireVersion":0,"maxWireVersion":21},"incomingInternalClient":{"minWireVersion":21,"maxWireVersion":21},"outgoing":{"minWireVersion":21,"maxWireVersion":21},"isInternalClient":true}}}
{"t":{"$date":"2026-07-08T11:52:41.206+00:00"},"s":"I",  "c":"REPL",     "id":5853300, "ctx":"initandlisten","msg":"current featureCompatibilityVersion value","attr":{"featureCompatibilityVersion":"7.0","context":"startup"}}
{"t":{"$date":"2026-07-08T11:52:41.209+00:00"},"s":"I",  "c":"STORAGE",  "id":22251,   "ctx":"initandlisten","msg":"Dropping unknown ident","attr":{"ident":"collection-23-2724219693396321828","ts":{"$timestamp":{"t":1783511546,"i":8}}}}
{"t":{"$date":"2026-07-08T11:52:41.209+00:00"},"s":"I",  "c":"STORAGE",  "id":22251,   "ctx":"initandlisten","msg":"Dropping unknown ident","attr":{"ident":"index-24-2724219693396321828","ts":{"$timestamp":{"t":1783511546,"i":8}}}}
{"t":{"$date":"2026-07-08T11:52:41.210+00:00"},"s":"I",  "c":"STORAGE",  "id":5071100, "ctx":"initandlisten","msg":"Clearing temp directory"}
{"t":{"$date":"2026-07-08T11:52:41.237+00:00"},"s":"I",  "c":"CONTROL",  "id":20536,   "ctx":"initandlisten","msg":"Flow Control is enabled on this deployment"}
{"t":{"$date":"2026-07-08T11:52:41.237+00:00"},"s":"I",  "c":"STORAGE",  "id":5380103, "ctx":"initandlisten","msg":"Unpin oldest timestamp request","attr":{"service":"_wt_startup","requestedTs":{"$timestamp":{"t":1783511546,"i":1}}}}
{"t":{"$date":"2026-07-08T11:52:41.238+00:00"},"s":"I",  "c":"FTDC",     "id":20625,   "ctx":"initandlisten","msg":"Initializing full-time diagnostic data capture","attr":{"dataDirectory":"./diagnostic.data"}}
{"t":{"$date":"2026-07-08T11:52:41.243+00:00"},"s":"I",  "c":"REPL",     "id":40440,   "ctx":"initandlisten","msg":"Starting the TopologyVersionObserver"}
{"t":{"$date":"2026-07-08T11:52:41.244+00:00"},"s":"I",  "c":"REPL",     "id":40445,   "ctx":"TopologyVersionObserver","msg":"Started TopologyVersionObserver"}
{"t":{"$date":"2026-07-08T11:52:41.257+00:00"},"s":"I",  "c":"REPL",     "id":6015317, "ctx":"initandlisten","msg":"Setting new configuration state","attr":{"newState":"ConfigStartingUp","oldState":"ConfigPreStart"}}
{"t":{"$date":"2026-07-08T11:52:41.257+00:00"},"s":"I",  "c":"REPL",     "id":6005300, "ctx":"initandlisten","msg":"Starting up replica set aware services"}
{"t":{"$date":"2026-07-08T11:52:41.258+00:00"},"s":"I",  "c":"-",        "id":4939300, "ctx":"monitoring-keys-for-HMAC","msg":"Failed to refresh key cache","attr":{"error":"ReadConcernMajorityNotAvailableYet: Read concern majority reads are currently not possible.","nextWakeupMillis":200}}
{"t":{"$date":"2026-07-08T11:52:41.260+00:00"},"s":"I",  "c":"REPL",     "id":4280500, "ctx":"initandlisten","msg":"Attempting to create internal replication collections"}
{"t":{"$date":"2026-07-08T11:52:41.269+00:00"},"s":"I",  "c":"REPL",     "id":4280501, "ctx":"initandlisten","msg":"Attempting to load local voted for document"}
{"t":{"$date":"2026-07-08T11:52:41.270+00:00"},"s":"I",  "c":"REPL",     "id":4280502, "ctx":"initandlisten","msg":"Searching for local Rollback ID document"}
{"t":{"$date":"2026-07-08T11:52:41.278+00:00"},"s":"I",  "c":"REPL",     "id":21529,   "ctx":"initandlisten","msg":"Initializing rollback ID","attr":{"rbid":1}}
{"t":{"$date":"2026-07-08T11:52:41.279+00:00"},"s":"I",  "c":"REPL",     "id":4280504, "ctx":"initandlisten","msg":"Cleaning up any partially applied oplog batches & reading last op from oplog"}
{"t":{"$date":"2026-07-08T11:52:41.283+00:00"},"s":"I",  "c":"CONTROL",  "id":6608200, "ctx":"initandlisten","msg":"Initializing cluster server parameters from disk"}
{"t":{"$date":"2026-07-08T11:52:41.284+00:00"},"s":"I",  "c":"REPL",     "id":21544,   "ctx":"initandlisten","msg":"Recovering from stable timestamp","attr":{"stableTimestamp":{"$timestamp":{"t":1783511546,"i":8}},"topOfOplog":{"ts":{"$timestamp":{"t":1783511546,"i":9}},"t":1},"appliedThrough":{"ts":{"$timestamp":{"t":0,"i":0}},"t":-1}}}
{"t":{"$date":"2026-07-08T11:52:41.285+00:00"},"s":"I",  "c":"REPL",     "id":21545,   "ctx":"initandlisten","msg":"Starting recovery oplog application at the stable timestamp","attr":{"stableTimestamp":{"$timestamp":{"t":1783511546,"i":8}}}}
{"t":{"$date":"2026-07-08T11:52:41.285+00:00"},"s":"I",  "c":"REPL",     "id":5466604, "ctx":"initandlisten","msg":"Start point for recovery oplog application exists in oplog. No adjustment necessary","attr":{"startPoint":{"$timestamp":{"t":1783511546,"i":8}}}}
{"t":{"$date":"2026-07-08T11:52:41.286+00:00"},"s":"I",  "c":"REPL",     "id":21550,   "ctx":"initandlisten","msg":"Replaying stored operations from startPoint (exclusive) to endPoint (inclusive)","attr":{"startPoint":{"$timestamp":{"t":1783511546,"i":8}},"endPoint":{"$timestamp":{"t":1783511546,"i":9}}}}
{"t":{"$date":"2026-07-08T11:52:41.286+00:00"},"s":"I",  "c":"REPL",     "id":7360109, "ctx":"initandlisten","msg":"Processing DDL command oplog entry in OplogBatcher","attr":{"oplogEntry":{"oplogEntry":{"op":"c","ns":"admin.$cmd","ui":{"$uuid":"633b8a0a-d1b7-4b7a-822d-935390d57c54"},"o":{"create":"system.keys","idIndex":{"v":2,"key":{"_id":1},"name":"_id_"}},"ts":{"$timestamp":{"t":1783511546,"i":9}},"t":1,"v":2,"wall":{"$date":"2026-07-08T11:52:26.571Z"}}}}}
{"t":{"$date":"2026-07-08T11:52:41.287+00:00"},"s":"I",  "c":"REPL",     "id":7360110, "ctx":"ReplWriterWorker-0","msg":"Applying DDL command oplog entry","attr":{"oplogEntry":{"oplogEntry":{"op":"c","ns":"admin.$cmd","ui":{"$uuid":"633b8a0a-d1b7-4b7a-822d-935390d57c54"},"o":{"create":"system.keys","idIndex":{"v":2,"key":{"_id":1},"name":"_id_"}},"ts":{"$timestamp":{"t":1783511546,"i":9}},"t":1,"v":2,"wall":{"$date":"2026-07-08T11:52:26.571Z"}}},"oplogApplicationMode":"StableRecovering"}}
{"t":{"$date":"2026-07-08T11:52:41.289+00:00"},"s":"I",  "c":"STORAGE",  "id":20320,   "ctx":"ReplWriterWorker-0","msg":"createCollection","attr":{"namespace":"admin.system.keys","uuidDisposition":"provided","uuid":{"uuid":{"$uuid":"633b8a0a-d1b7-4b7a-822d-935390d57c54"}},"options":{"uuid":{"$uuid":"633b8a0a-d1b7-4b7a-822d-935390d57c54"}}}}
{"t":{"$date":"2026-07-08T11:52:41.309+00:00"},"s":"I",  "c":"INDEX",    "id":20345,   "ctx":"ReplWriterWorker-0","msg":"Index build: done building","attr":{"buildUUID":null,"collectionUUID":{"uuid":{"$uuid":"633b8a0a-d1b7-4b7a-822d-935390d57c54"}},"namespace":"admin.system.keys","index":"_id_","ident":"index-1-5189528299374886471","collectionIdent":"collection-0-5189528299374886471","commitTimestamp":{"$timestamp":{"t":1783511546,"i":9}}}}
{"t":{"$date":"2026-07-08T11:52:41.309+00:00"},"s":"I",  "c":"REPL",     "id":21536,   "ctx":"initandlisten","msg":"Completed oplog application for recovery","attr":{"numOpsApplied":1,"numBatches":1,"applyThroughOpTime":{"ts":{"$timestamp":{"t":1783511546,"i":9}},"t":1}}}
{"t":{"$date":"2026-07-08T11:52:41.310+00:00"},"s":"I",  "c":"REPL",     "id":4280505, "ctx":"initandlisten","msg":"Creating any necessary TenantMigrationAccessBlockers for unfinished migrations"}
{"t":{"$date":"2026-07-08T11:52:41.311+00:00"},"s":"I",  "c":"TENANT_M", "id":6531504, "ctx":"initandlisten","msg":"Clearing serverless operation lock registry on shutdown","attr":{"ns":null}}
{"t":{"$date":"2026-07-08T11:52:41.312+00:00"},"s":"I",  "c":"REPL",     "id":4280506, "ctx":"initandlisten","msg":"Reconstructing prepared transactions"}
{"t":{"$date":"2026-07-08T11:52:41.316+00:00"},"s":"I",  "c":"REPL",     "id":4280507, "ctx":"initandlisten","msg":"Loaded replica set config, scheduled callback to set local config"}
{"t":{"$date":"2026-07-08T11:52:41.316+00:00"},"s":"I",  "c":"REPL",     "id":4280508, "ctx":"ReplCoord-0","msg":"Attempting to set local replica set config; validating config for startup"}
{"t":{"$date":"2026-07-08T11:52:41.316+00:00"},"s":"I",  "c":"STORAGE",  "id":22262,   "ctx":"initandlisten","msg":"Timestamp monitor starting"}
{"t":{"$date":"2026-07-08T11:52:41.319+00:00"},"s":"I",  "c":"QUERY",    "id":7080100, "ctx":"ChangeStreamExpiredPreImagesRemover","msg":"Starting Change Stream Expired Pre-images Remover thread"}
{"t":{"$date":"2026-07-08T11:52:41.320+00:00"},"s":"I",  "c":"CONTROL",  "id":20710,   "ctx":"LogicalSessionCacheRefresh","msg":"Failed to refresh session cache, will try again at the next refresh interval","attr":{"error":"NotYetInitialized: Replication has not yet been configured"}}
{"t":{"$date":"2026-07-08T11:52:41.349+00:00"},"s":"I",  "c":"CONTROL",  "id":20711,   "ctx":"LogicalSessionCacheReap","msg":"Failed to reap transaction table","attr":{"error":"NotYetInitialized: Replication has not yet been configured"}}
{"t":{"$date":"2026-07-08T11:52:41.351+00:00"},"s":"I",  "c":"SHARDING", "id":7012500, "ctx":"QueryAnalysisConfigurationsRefresher","msg":"Failed to refresh query analysis configurations, will try again at the next interval","attr":{"error":"PrimarySteppedDown: No primary exists currently"}}
{"t":{"$date":"2026-07-08T11:52:41.351+00:00"},"s":"I",  "c":"NETWORK",  "id":23015,   "ctx":"listener","msg":"Listening on","attr":{"address":"/tmp/mongodb-27017.sock"}}
{"t":{"$date":"2026-07-08T11:52:41.352+00:00"},"s":"I",  "c":"NETWORK",  "id":23015,   "ctx":"listener","msg":"Listening on","attr":{"address":"127.0.0.1"}}
{"t":{"$date":"2026-07-08T11:52:41.352+00:00"},"s":"I",  "c":"NETWORK",  "id":23016,   "ctx":"listener","msg":"Waiting for connections","attr":{"port":27017,"ssl":"off"}}
{"t":{"$date":"2026-07-08T11:52:41.352+00:00"},"s":"I",  "c":"CONTROL",  "id":8423403, "ctx":"initandlisten","msg":"mongod startup complete","attr":{"Summary of time elapsed":{"Startup from clean shutdown?":true,"Statistics":{"Transport layer setup":"0 ms","Run initial syncer crash recovery":"0 ms","Create storage engine lock file in the data directory":"0 ms","Get metadata describing storage engine":"0 ms","Validate options in metadata against current startup options":"0 ms","Create storage engine":"2032 ms","Write current PID to file":"0 ms","Initialize FCV before rebuilding indexes":"9 ms","Drop abandoned idents and get back indexes that need to be rebuilt or builds that need to be restarted":"3 ms","Rebuild indexes for collections":"0 ms","Build user and roles graph":"0 ms","Verify indexes for admin.system.users collection":"0 ms","Set up the background thread pool responsible for waiting for opTimes to be majority committed":"0 ms","Initialize information needed to make a mongod instance shard aware":"0 ms","Start up cluster time keys manager with a local/direct keys client":"0 ms","Start up the replication coordinator":"60 ms","Create an oplog view for tenant migrations":"0 ms","Start transport layer":"1 ms","_initAndListen total elapsed time":"2203 ms"}}}}
{"t":{"$date":"2026-07-08T11:52:41.353+00:00"},"s":"I",  "c":"NETWORK",  "id":22943,   "ctx":"listener","msg":"Connection accepted","attr":{"remote":"127.0.0.1:39776","isLoadBalanced":false,"uuid":{"uuid":{"$uuid":"e229f42b-04d6-47c9-8e04-34e33da84190"}},"connectionId":2,"connectionCount":1}}
{"t":{"$date":"2026-07-08T11:52:41.358+00:00"},"s":"I",  "c":"ACCESS",   "id":6788604, "ctx":"conn2","msg":"Auth metrics report","attr":{"metric":"acquireUser","micros":0}}
{"t":{"$date":"2026-07-08T11:52:41.459+00:00"},"s":"I",  "c":"-",        "id":4939300, "ctx":"monitoring-keys-for-HMAC","msg":"Failed to refresh key cache","attr":{"error":"ReadConcernMajorityNotAvailableYet: Read concern majority reads are currently not possible.","nextWakeupMillis":400}}
{"t":{"$date":"2026-07-08T11:52:41.497+00:00"},"s":"I",  "c":"ACCESS",   "id":5286306, "ctx":"conn2","msg":"Successfully authenticated","attr":{"client":"127.0.0.1:39776","isSpeculative":false,"isClusterMember":true,"mechanism":"SCRAM-SHA-256","user":"__system","db":"local","result":0,"metrics":{"conversation_duration":{"micros":139209,"summary":{"0":{"step":1,"step_total":2,"duration_micros":360},"1":{"step":2,"step_total":2,"duration_micros":29}}}},"doc":{},"extraInfo":{}}}
{"t":{"$date":"2026-07-08T11:52:41.499+00:00"},"s":"I",  "c":"NETWORK",  "id":6788700, "ctx":"conn2","msg":"Received first command on ingress connection since session start or auth handshake","attr":{"elapsedMillis":1}}
{"t":{"$date":"2026-07-08T11:52:41.501+00:00"},"s":"I",  "c":"REPL",     "id":4280509, "ctx":"ReplCoord-0","msg":"Local configuration validated for startup"}
{"t":{"$date":"2026-07-08T11:52:41.501+00:00"},"s":"I",  "c":"NETWORK",  "id":22944,   "ctx":"conn2","msg":"Connection ended","attr":{"remote":"127.0.0.1:39776","isLoadBalanced":false,"uuid":{"uuid":{"$uuid":"e229f42b-04d6-47c9-8e04-34e33da84190"}},"connectionId":2,"connectionCount":0}}
{"t":{"$date":"2026-07-08T11:52:41.501+00:00"},"s":"I",  "c":"REPL",     "id":6015317, "ctx":"ReplCoord-0","msg":"Setting new configuration state","attr":{"newState":"ConfigSteady","oldState":"ConfigStartingUp"}}
{"t":{"$date":"2026-07-08T11:52:41.502+00:00"},"s":"I",  "c":"SHARDING", "id":7063400, "ctx":"ReplCoord-0","msg":"Updating implicit default writeConcern majority","attr":{"newImplicitDefaultWCMajority":true}}
{"t":{"$date":"2026-07-08T11:52:41.503+00:00"},"s":"I",  "c":"REPL",     "id":21392,   "ctx":"ReplCoord-0","msg":"New replica set config in use","attr":{"config":{"_id":"mr1","version":1,"term":1,"members":[{"_id":0,"host":"localhost:27017","arbiterOnly":false,"buildIndexes":true,"hidden":false,"priority":1,"tags":{},"secondaryDelaySecs":0,"votes":1}],"protocolVersion":1,"writeConcernMajorityJournalDefault":true,"settings":{"chainingAllowed":true,"heartbeatIntervalMillis":2000,"heartbeatTimeoutSecs":10,"electionTimeoutMillis":10000,"catchUpTimeoutMillis":-1,"catchUpTakeoverDelayMillis":30000,"getLastErrorModes":{},"getLastErrorDefaults":{"w":1,"wtimeout":0},"replicaSetId":{"$oid":"6a4e39fa773e5a4c2dc69c87"}}}}}
{"t":{"$date":"2026-07-08T11:52:41.503+00:00"},"s":"I",  "c":"REPL",     "id":21393,   "ctx":"ReplCoord-0","msg":"Found self in config","attr":{"hostAndPort":"localhost:27017"}}
{"t":{"$date":"2026-07-08T11:52:41.503+00:00"},"s":"I",  "c":"REPL",     "id":21358,   "ctx":"ReplCoord-0","msg":"Replica set state transition","attr":{"newState":"STARTUP2","oldState":"STARTUP"}}
{"t":{"$date":"2026-07-08T11:52:41.504+00:00"},"s":"I",  "c":"REPL",     "id":21827,   "ctx":"ReplCoord-0","msg":"Updating term","attr":{"oldTerm":0,"newTerm":1}}
{"t":{"$date":"2026-07-08T11:52:41.504+00:00"},"s":"I",  "c":"REPL",     "id":21320,   "ctx":"ReplCoord-0","msg":"Updated term","attr":{"term":1}}
{"t":{"$date":"2026-07-08T11:52:41.504+00:00"},"s":"I",  "c":"REPL",     "id":21306,   "ctx":"ReplCoord-0","msg":"Starting replication storage threads"}
{"t":{"$date":"2026-07-08T11:52:41.505+00:00"},"s":"I",  "c":"REPL",     "id":4280512, "ctx":"ReplCoord-0","msg":"No initial sync required. Attempting to begin steady replication"}
{"t":{"$date":"2026-07-08T11:52:41.506+00:00"},"s":"I",  "c":"REPL",     "id":21358,   "ctx":"ReplCoord-0","msg":"Replica set state transition","attr":{"newState":"RECOVERING","oldState":"STARTUP2"}}
{"t":{"$date":"2026-07-08T11:52:41.511+00:00"},"s":"I",  "c":"REPL",     "id":21299,   "ctx":"ReplCoord-0","msg":"Starting replication fetcher thread"}
{"t":{"$date":"2026-07-08T11:52:41.511+00:00"},"s":"I",  "c":"REPL",     "id":21300,   "ctx":"ReplCoord-0","msg":"Starting replication applier thread"}
{"t":{"$date":"2026-07-08T11:52:41.512+00:00"},"s":"I",  "c":"REPL",     "id":21301,   "ctx":"ReplCoord-0","msg":"Starting replication reporter thread"}
{"t":{"$date":"2026-07-08T11:52:41.512+00:00"},"s":"I",  "c":"REPL",     "id":21224,   "ctx":"OplogApplier-0","msg":"Starting oplog application"}
{"t":{"$date":"2026-07-08T11:52:41.512+00:00"},"s":"I",  "c":"REPL",     "id":8423402, "ctx":"BackgroundSync","msg":"Failed to select a sync source on the first attempt. Starting second attempt"}
{"t":{"$date":"2026-07-08T11:52:41.513+00:00"},"s":"I",  "c":"REPL",     "id":4280511, "ctx":"ReplCoord-0","msg":"Set local replica set config"}
{"t":{"$date":"2026-07-08T11:52:41.514+00:00"},"s":"I",  "c":"REPL",     "id":21358,   "ctx":"OplogApplier-0","msg":"Replica set state transition","attr":{"newState":"SECONDARY","oldState":"RECOVERING"}}
{"t":{"$date":"2026-07-08T11:52:41.515+00:00"},"s":"I",  "c":"ELECTION", "id":4615652, "ctx":"OplogApplier-0","msg":"Starting an election, since we've seen no PRIMARY in election timeout period","attr":{"electionTimeoutPeriodMillis":10000}}
{"t":{"$date":"2026-07-08T11:52:41.515+00:00"},"s":"I",  "c":"ELECTION", "id":21438,   "ctx":"OplogApplier-0","msg":"Conducting a dry run election to see if we could be elected","attr":{"currentTerm":1}}
{"t":{"$date":"2026-07-08T11:52:41.515+00:00"},"s":"I",  "c":"ELECTION", "id":21444,   "ctx":"ReplCoord-0","msg":"Dry election run succeeded, running for election","attr":{"newTerm":2}}
{"t":{"$date":"2026-07-08T11:52:41.516+00:00"},"s":"I",  "c":"REPL",     "id":21827,   "ctx":"ReplCoord-0","msg":"Updating term","attr":{"oldTerm":1,"newTerm":2}}
{"t":{"$date":"2026-07-08T11:52:41.517+00:00"},"s":"I",  "c":"ELECTION", "id":6015300, "ctx":"ReplCoord-0","msg":"Storing last vote document in local storage for my election","attr":{"lastVote":{"term":2,"candidateIndex":0}}}
{"t":{"$date":"2026-07-08T11:52:41.520+00:00"},"s":"I",  "c":"ELECTION", "id":21450,   "ctx":"ReplCoord-0","msg":"Election succeeded, assuming primary role","attr":{"term":2}}
{"t":{"$date":"2026-07-08T11:52:41.520+00:00"},"s":"I",  "c":"REPL",     "id":21358,   "ctx":"ReplCoord-0","msg":"Replica set state transition","attr":{"newState":"PRIMARY","oldState":"SECONDARY"}}
{"t":{"$date":"2026-07-08T11:52:41.521+00:00"},"s":"I",  "c":"REPL",     "id":21106,   "ctx":"ReplCoord-0","msg":"Resetting sync source to empty","attr":{"previousSyncSource":":27017"}}
{"t":{"$date":"2026-07-08T11:52:41.521+00:00"},"s":"I",  "c":"REPL",     "id":21359,   "ctx":"ReplCoord-0","msg":"Entering primary catch-up mode"}
{"t":{"$date":"2026-07-08T11:52:41.522+00:00"},"s":"I",  "c":"REPL",     "id":6015304, "ctx":"ReplCoord-0","msg":"Skipping primary catchup since we are the only node in the replica set."}
{"t":{"$date":"2026-07-08T11:52:41.522+00:00"},"s":"I",  "c":"REPL",     "id":21363,   "ctx":"ReplCoord-0","msg":"Exited primary catch-up mode"}
{"t":{"$date":"2026-07-08T11:52:41.523+00:00"},"s":"I",  "c":"REPL",     "id":21107,   "ctx":"ReplCoord-0","msg":"Stopping replication producer"}
{"t":{"$date":"2026-07-08T11:52:41.523+00:00"},"s":"I",  "c":"REPL",     "id":21239,   "ctx":"ReplBatcher","msg":"Oplog buffer has been drained","attr":{"term":2}}
{"t":{"$date":"2026-07-08T11:52:41.524+00:00"},"s":"I",  "c":"REPL",     "id":21239,   "ctx":"ReplBatcher","msg":"Oplog buffer has been drained","attr":{"term":2}}
{"t":{"$date":"2026-07-08T11:52:41.524+00:00"},"s":"I",  "c":"REPL",     "id":21343,   "ctx":"RstlKillOpThread","msg":"Starting to kill user operations"}
{"t":{"$date":"2026-07-08T11:52:41.525+00:00"},"s":"I",  "c":"REPL",     "id":21344,   "ctx":"RstlKillOpThread","msg":"Stopped killing user operations"}
{"t":{"$date":"2026-07-08T11:52:41.525+00:00"},"s":"I",  "c":"REPL",     "id":21340,   "ctx":"RstlKillOpThread","msg":"State transition ops metrics","attr":{"metrics":{"lastStateTransition":"stepUp","userOpsKilled":0,"userOpsRunning":1}}}
{"t":{"$date":"2026-07-08T11:52:41.526+00:00"},"s":"I",  "c":"REPL",     "id":4508103, "ctx":"OplogApplier-0","msg":"Increment the config term via reconfig"}
{"t":{"$date":"2026-07-08T11:52:41.526+00:00"},"s":"I",  "c":"REPL",     "id":6015313, "ctx":"OplogApplier-0","msg":"Replication config state is Steady, starting reconfig"}
{"t":{"$date":"2026-07-08T11:52:41.526+00:00"},"s":"I",  "c":"REPL",     "id":6015317, "ctx":"OplogApplier-0","msg":"Setting new configuration state","attr":{"newState":"ConfigReconfiguring","oldState":"ConfigSteady"}}
{"t":{"$date":"2026-07-08T11:52:41.527+00:00"},"s":"I",  "c":"REPL",     "id":6475000, "ctx":"OplogApplier-0","msg":"Was able to quickly find new index in config. Skipping full checks.","attr":{"index":0,"force":false}}
{"t":{"$date":"2026-07-08T11:52:41.527+00:00"},"s":"I",  "c":"REPL",     "id":21353,   "ctx":"OplogApplier-0","msg":"replSetReconfig config object parses ok","attr":{"numMembers":1}}
{"t":{"$date":"2026-07-08T11:52:41.527+00:00"},"s":"I",  "c":"REPL",     "id":51814,   "ctx":"OplogApplier-0","msg":"Persisting new config to disk"}
{"t":{"$date":"2026-07-08T11:52:41.529+00:00"},"s":"I",  "c":"REPL",     "id":6015315, "ctx":"OplogApplier-0","msg":"Persisted new config to disk"}
{"t":{"$date":"2026-07-08T11:52:41.530+00:00"},"s":"I",  "c":"REPL",     "id":6015317, "ctx":"OplogApplier-0","msg":"Setting new configuration state","attr":{"newState":"ConfigSteady","oldState":"ConfigReconfiguring"}}
{"t":{"$date":"2026-07-08T11:52:41.530+00:00"},"s":"I",  "c":"REPL",     "id":21392,   "ctx":"OplogApplier-0","msg":"New replica set config in use","attr":{"config":{"_id":"mr1","version":1,"term":2,"members":[{"_id":0,"host":"localhost:27017","arbiterOnly":false,"buildIndexes":true,"hidden":false,"priority":1,"tags":{},"secondaryDelaySecs":0,"votes":1}],"protocolVersion":1,"writeConcernMajorityJournalDefault":true,"settings":{"chainingAllowed":true,"heartbeatIntervalMillis":2000,"heartbeatTimeoutSecs":10,"electionTimeoutMillis":10000,"catchUpTimeoutMillis":-1,"catchUpTakeoverDelayMillis":30000,"getLastErrorModes":{},"getLastErrorDefaults":{"w":1,"wtimeout":0},"replicaSetId":{"$oid":"6a4e39fa773e5a4c2dc69c87"}}}}}
{"t":{"$date":"2026-07-08T11:52:41.531+00:00"},"s":"I",  "c":"REPL",     "id":21393,   "ctx":"OplogApplier-0","msg":"Found self in config","attr":{"hostAndPort":"localhost:27017"}}
{"t":{"$date":"2026-07-08T11:52:41.531+00:00"},"s":"I",  "c":"REPL",     "id":6015310, "ctx":"OplogApplier-0","msg":"Starting to transition to primary."}
{"t":{"$date":"2026-07-08T11:52:41.532+00:00"},"s":"I",  "c":"REPL",     "id":6015309, "ctx":"OplogApplier-0","msg":"Logging transition to primary to oplog on stepup"}
{"t":{"$date":"2026-07-08T11:52:41.533+00:00"},"s":"I",  "c":"STORAGE",  "id":20657,   "ctx":"OplogApplier-0","msg":"IndexBuildsCoordinator::onStepUp - this node is stepping up to primary"}
{"t":{"$date":"2026-07-08T11:52:41.534+00:00"},"s":"I",  "c":"STORAGE",  "id":7508300, "ctx":"IndexBuildsCoordinator-StepUp","msg":"Finished performing asynchronous step-up checks on index builds"}
{"t":{"$date":"2026-07-08T11:52:41.535+00:00"},"s":"I",  "c":"REPL",     "id":21331,   "ctx":"OplogApplier-0","msg":"Transition to primary complete; database writes are now permitted","attr":{"term":2}}
{"t":{"$date":"2026-07-08T11:52:41.535+00:00"},"s":"I",  "c":"REPL",     "id":6015306, "ctx":"OplogApplier-0","msg":"Applier already left draining state, exiting."}
{"t":{"$date":"2026-07-08T11:52:41.536+00:00"},"s":"I",  "c":"STORAGE",  "id":20320,   "ctx":"QueryAnalysisWriter-0","msg":"createCollection","attr":{"namespace":"config.analyzeShardKeySplitPoints","uuidDisposition":"generated","uuid":{"uuid":{"$uuid":"1ea662b7-827e-49cd-9ead-fe24d4cf1768"}},"options":{}}}
{"t":{"$date":"2026-07-08T11:52:41.537+00:00"},"s":"I",  "c":"-",        "id":4939300, "ctx":"monitoring-keys-for-HMAC","msg":"Failed to refresh key cache","attr":{"error":"ReadConcernMajorityNotAvailableYet: Read concern majority reads are currently not possible.","nextWakeupMillis":600}}
{"t":{"$date":"2026-07-08T11:52:41.538+00:00"},"s":"I",  "c":"REPL",     "id":6795400, "ctx":"JournalFlusher","msg":"Advancing committed opTime to a new term","attr":{"newCommittedOpTime":{"ts":{"$timestamp":{"t":1783511561,"i":2}},"t":2},"newCommittedWallime":{"$date":"2026-07-08T11:52:41.533Z"},"oldTerm":-1}}
{"t":{"$date":"2026-07-08T11:52:41.540+00:00"},"s":"I",  "c":"STORAGE",  "id":20320,   "ctx":"TenantMigrationDonorService-0","msg":"createCollection","attr":{"namespace":"config.tenantMigrationDonors","uuidDisposition":"generated","uuid":{"uuid":{"$uuid":"7e058404-f3a3-459c-9992-68db36551450"}},"options":{}}}
{"t":{"$date":"2026-07-08T11:52:41.540+00:00"},"s":"I",  "c":"STORAGE",  "id":20320,   "ctx":"TenantMigrationRecipientService-0","msg":"createCollection","attr":{"namespace":"config.tenantMigrationRecipients","uuidDisposition":"generated","uuid":{"uuid":{"$uuid":"68bade53-b738-450b-b06c-ea7639494f32"}},"options":{}}}
{"t":{"$date":"2026-07-08T11:52:41.570+00:00"},"s":"I",  "c":"REPL",     "id":7360103, "ctx":"QueryAnalysisWriter-0","msg":"Wrote oplog entry for create","attr":{"namespace":"config.$cmd","uuid":{"uuid":{"$uuid":"1ea662b7-827e-49cd-9ead-fe24d4cf1768"}},"opTime":{"ts":{"$timestamp":{"t":1783511561,"i":3}},"t":2},"object":{"create":"analyzeShardKeySplitPoints","idIndex":{"v":2,"key":{"_id":1},"name":"_id_"}}}}
{"t":{"$date":"2026-07-08T11:52:41.570+00:00"},"s":"I",  "c":"REPL",     "id":7360101, "ctx":"QueryAnalysisWriter-0","msg":"Wrote oplog entry for createIndexes","attr":{"namespace":"config.$cmd","uuid":{"uuid":{"$uuid":"1ea662b7-827e-49cd-9ead-fe24d4cf1768"}},"opTime":{"ts":{"$timestamp":{"t":1783511561,"i":8}},"t":2},"object":{"createIndexes":"analyzeShardKeySplitPoints","v":2,"key":{"expireAt":1},"name":"AnalyzeShardKeySplitPointsTTLIndex","expireAfterSeconds":0}}}
{"t":{"$date":"2026-07-08T11:52:41.578+00:00"},"s":"I",  "c":"REPL",     "id":7360103, "ctx":"TenantMigrationDonorService-0","msg":"Wrote oplog entry for create","attr":{"namespace":"config.$cmd","uuid":{"uuid":{"$uuid":"7e058404-f3a3-459c-9992-68db36551450"}},"opTime":{"ts":{"$timestamp":{"t":1783511561,"i":6}},"t":2},"object":{"create":"tenantMigrationDonors","idIndex":{"v":2,"key":{"_id":1},"name":"_id_"}}}}
{"t":{"$date":"2026-07-08T11:52:41.579+00:00"},"s":"I",  "c":"REPL",     "id":7360101, "ctx":"TenantMigrationDonorService-0","msg":"Wrote oplog entry for createIndexes","attr":{"namespace":"config.$cmd","uuid":{"uuid":{"$uuid":"7e058404-f3a3-459c-9992-68db36551450"}},"opTime":{"ts":{"$timestamp":{"t":1783511561,"i":9}},"t":2},"object":{"createIndexes":"tenantMigrationDonors","v":2,"key":{"expireAt":1},"name":"TenantMigrationDonorTTLIndex","expireAfterSeconds":0}}}
{"t":{"$date":"2026-07-08T11:52:41.587+00:00"},"s":"I",  "c":"REPL",     "id":7360103, "ctx":"TenantMigrationRecipientService-0","msg":"Wrote oplog entry for create","attr":{"namespace":"config.$cmd","uuid":{"uuid":{"$uuid":"68bade53-b738-450b-b06c-ea7639494f32"}},"opTime":{"ts":{"$timestamp":{"t":1783511561,"i":7}},"t":2},"object":{"create":"tenantMigrationRecipients","idIndex":{"v":2,"key":{"_id":1},"name":"_id_"}}}}
{"t":{"$date":"2026-07-08T11:52:41.588+00:00"},"s":"I",  "c":"REPL",     "id":7360101, "ctx":"TenantMigrationRecipientService-0","msg":"Wrote oplog entry for createIndexes","attr":{"namespace":"config.$cmd","uuid":{"uuid":{"$uuid":"68bade53-b738-450b-b06c-ea7639494f32"}},"opTime":{"ts":{"$timestamp":{"t":1783511561,"i":10}},"t":2},"object":{"createIndexes":"tenantMigrationRecipients","v":2,"key":{"expireAt":1},"name":"TenantMigrationRecipientTTLIndex","expireAfterSeconds":0}}}
{"t":{"$date":"2026-07-08T11:52:41.595+00:00"},"s":"I",  "c":"INDEX",    "id":20345,   "ctx":"QueryAnalysisWriter-0","msg":"Index build: done building","attr":{"buildUUID":null,"collectionUUID":{"uuid":{"$uuid":"1ea662b7-827e-49cd-9ead-fe24d4cf1768"}},"namespace":"config.analyzeShardKeySplitPoints","index":"_id_","ident":"index-5-5189528299374886471","collectionIdent":"collection-2-5189528299374886471","commitTimestamp":{"$timestamp":{"t":1783511561,"i":8}}}}
{"t":{"$date":"2026-07-08T11:52:41.595+00:00"},"s":"I",  "c":"INDEX",    "id":20345,   "ctx":"QueryAnalysisWriter-0","msg":"Index build: done building","attr":{"buildUUID":null,"collectionUUID":{"uuid":{"$uuid":"1ea662b7-827e-49cd-9ead-fe24d4cf1768"}},"namespace":"config.analyzeShardKeySplitPoints","index":"AnalyzeShardKeySplitPointsTTLIndex","ident":"index-8-5189528299374886471","collectionIdent":"collection-2-5189528299374886471","commitTimestamp":{"$timestamp":{"t":1783511561,"i":8}}}}
{"t":{"$date":"2026-07-08T11:52:41.596+00:00"},"s":"I",  "c":"STORAGE",  "id":20320,   "ctx":"QueryAnalysisWriter-0","msg":"createCollection","attr":{"namespace":"config.sampledQueries","uuidDisposition":"generated","uuid":{"uuid":{"$uuid":"612b62b8-ee0a-4cdc-819e-eb97212c7ebb"}},"options":{}}}
{"t":{"$date":"2026-07-08T11:52:41.604+00:00"},"s":"I",  "c":"INDEX",    "id":20345,   "ctx":"TenantMigrationDonorService-0","msg":"Index build: done building","attr":{"buildUUID":null,"collectionUUID":{"uuid":{"$uuid":"7e058404-f3a3-459c-9992-68db36551450"}},"namespace":"config.tenantMigrationDonors","index":"_id_","ident":"index-6-5189528299374886471","collectionIdent":"collection-3-5189528299374886471","commitTimestamp":{"$timestamp":{"t":1783511561,"i":9}}}}
{"t":{"$date":"2026-07-08T11:52:41.605+00:00"},"s":"I",  "c":"INDEX",    "id":20345,   "ctx":"TenantMigrationDonorService-0","msg":"Index build: done building","attr":{"buildUUID":null,"collectionUUID":{"uuid":{"$uuid":"7e058404-f3a3-459c-9992-68db36551450"}},"namespace":"config.tenantMigrationDonors","index":"TenantMigrationDonorTTLIndex","ident":"index-9-5189528299374886471","collectionIdent":"collection-3-5189528299374886471","commitTimestamp":{"$timestamp":{"t":1783511561,"i":9}}}}
{"t":{"$date":"2026-07-08T11:52:41.606+00:00"},"s":"I",  "c":"STORAGE",  "id":20320,   "ctx":"TenantMigrationDonorService-0","msg":"createCollection","attr":{"namespace":"config.external_validation_keys","uuidDisposition":"generated","uuid":{"uuid":{"$uuid":"e3d5657f-8d59-45c6-8472-1f021bb67792"}},"options":{}}}
{"t":{"$date":"2026-07-08T11:52:41.644+00:00"},"s":"I",  "c":"INDEX",    "id":20345,   "ctx":"TenantMigrationRecipientService-0","msg":"Index build: done building","attr":{"buildUUID":null,"collectionUUID":{"uuid":{"$uuid":"68bade53-b738-450b-b06c-ea7639494f32"}},"namespace":"config.tenantMigrationRecipients","index":"_id_","ident":"index-7-5189528299374886471","collectionIdent":"collection-4-5189528299374886471","commitTimestamp":{"$timestamp":{"t":1783511561,"i":10}}}}
{"t":{"$date":"2026-07-08T11:52:41.646+00:00"},"s":"I",  "c":"INDEX",    "id":20345,   "ctx":"TenantMigrationRecipientService-0","msg":"Index build: done building","attr":{"buildUUID":null,"collectionUUID":{"uuid":{"$uuid":"68bade53-b738-450b-b06c-ea7639494f32"}},"namespace":"config.tenantMigrationRecipients","index":"TenantMigrationRecipientTTLIndex","ident":"index-10-5189528299374886471","collectionIdent":"collection-4-5189528299374886471","commitTimestamp":{"$timestamp":{"t":1783511561,"i":10}}}}
{"t":{"$date":"2026-07-08T11:52:41.647+00:00"},"s":"I",  "c":"COMMAND",  "id":51803,   "ctx":"TenantMigrationRecipientService-0","msg":"Slow query","attr":{"type":"command","ns":"config.tenantMigrationRecipients","command":{"createIndexes":"tenantMigrationRecipients","indexes":[{"key":{"expireAt":1},"name":"TenantMigrationRecipientTTLIndex","expireAfterSeconds":0}],"$db":"config"},"totalOplogSlotDurationMicros":162444,"numYields":0,"reslen":271,"locks":{"ParallelBatchWriterMode":{"acquireCount":{"r":4}},"FeatureCompatibilityVersion":{"acquireCount":{"r":1,"w":3}},"ReplicationStateTransition":{"acquireCount":{"w":4}},"Global":{"acquireCount":{"r":1,"w":3}},"Database":{"acquireCount":{"r":1,"w":3}},"Collection":{"acquireCount":{"r":1,"w":3}},"Mutex":{"acquireCount":{"r":2}}},"flowControl":{"acquireCount":1},"storage":{},"cpuNanos":27899619,"protocol":"op_msg","durationMillis":106}}
{"t":{"$date":"2026-07-08T11:52:41.649+00:00"},"s":"I",  "c":"REPL",     "id":5123005, "ctx":"TenantMigrationRecipientService-0","msg":"Rebuilding PrimaryOnlyService due to stepUp","attr":{"service":"TenantMigrationRecipientService"}}
{"t":{"$date":"2026-07-08T11:52:41.673+00:00"},"s":"I",  "c":"REPL",     "id":7360103, "ctx":"QueryAnalysisWriter-0","msg":"Wrote oplog entry for create","attr":{"namespace":"config.$cmd","uuid":{"uuid":{"$uuid":"612b62b8-ee0a-4cdc-819e-eb97212c7ebb"}},"opTime":{"ts":{"$timestamp":{"t":1783511561,"i":11}},"t":2},"object":{"create":"sampledQueries","idIndex":{"v":2,"key":{"_id":1},"name":"_id_"}}}}
{"t":{"$date":"2026-07-08T11:52:41.674+00:00"},"s":"I",  "c":"REPL",     "id":7360101, "ctx":"QueryAnalysisWriter-0","msg":"Wrote oplog entry for createIndexes","attr":{"namespace":"config.$cmd","uuid":{"uuid":{"$uuid":"612b62b8-ee0a-4cdc-819e-eb97212c7ebb"}},"opTime":{"ts":{"$timestamp":{"t":1783511561,"i":13}},"t":2},"object":{"createIndexes":"sampledQueries","v":2,"key":{"expireAt":1},"name":"SampledQueriesTTLIndex","expireAfterSeconds":0}}}
{"t":{"$date":"2026-07-08T11:52:41.682+00:00"},"s":"I",  "c":"REPL",     "id":7360103, "ctx":"TenantMigrationDonorService-0","msg":"Wrote oplog entry for create","attr":{"namespace":"config.$cmd","uuid":{"uuid":{"$uuid":"e3d5657f-8d59-45c6-8472-1f021bb67792"}},"opTime":{"ts":{"$timestamp":{"t":1783511561,"i":12}},"t":2},"object":{"create":"external_validation_keys","idIndex":{"v":2,"key":{"_id":1},"name":"_id_"}}}}
{"t":{"$date":"2026-07-08T11:52:41.683+00:00"},"s":"I",  "c":"REPL",     "id":7360101, "ctx":"TenantMigrationDonorService-0","msg":"Wrote oplog entry for createIndexes","attr":{"namespace":"config.$cmd","uuid":{"uuid":{"$uuid":"e3d5657f-8d59-45c6-8472-1f021bb67792"}},"opTime":{"ts":{"$timestamp":{"t":1783511561,"i":14}},"t":2},"object":{"createIndexes":"external_validation_keys","v":2,"key":{"ttlExpiresAt":1},"name":"ExternalKeysTTLIndex","expireAfterSeconds":0}}}
{"t":{"$date":"2026-07-08T11:52:41.691+00:00"},"s":"I",  "c":"INDEX",    "id":20345,   "ctx":"QueryAnalysisWriter-0","msg":"Index build: done building","attr":{"buildUUID":null,"collectionUUID":{"uuid":{"$uuid":"612b62b8-ee0a-4cdc-819e-eb97212c7ebb"}},"namespace":"config.sampledQueries","index":"_id_","ident":"index-13-5189528299374886471","collectionIdent":"collection-11-5189528299374886471","commitTimestamp":{"$timestamp":{"t":1783511561,"i":13}}}}
{"t":{"$date":"2026-07-08T11:52:41.693+00:00"},"s":"I",  "c":"INDEX",    "id":20345,   "ctx":"QueryAnalysisWriter-0","msg":"Index build: done building","attr":{"buildUUID":null,"collectionUUID":{"uuid":{"$uuid":"612b62b8-ee0a-4cdc-819e-eb97212c7ebb"}},"namespace":"config.sampledQueries","index":"SampledQueriesTTLIndex","ident":"index-15-5189528299374886471","collectionIdent":"collection-11-5189528299374886471","commitTimestamp":{"$timestamp":{"t":1783511561,"i":13}}}}
{"t":{"$date":"2026-07-08T11:52:41.694+00:00"},"s":"I",  "c":"STORAGE",  "id":20320,   "ctx":"QueryAnalysisWriter-0","msg":"createCollection","attr":{"namespace":"config.sampledQueriesDiff","uuidDisposition":"generated","uuid":{"uuid":{"$uuid":"d6f3f63e-84fb-48ea-951b-f9788545d866"}},"options":{}}}
{"t":{"$date":"2026-07-08T11:52:41.705+00:00"},"s":"I",  "c":"INDEX",    "id":20345,   "ctx":"TenantMigrationDonorService-0","msg":"Index build: done building","attr":{"buildUUID":null,"collectionUUID":{"uuid":{"$uuid":"e3d5657f-8d59-45c6-8472-1f021bb67792"}},"namespace":"config.external_validation_keys","index":"_id_","ident":"index-14-5189528299374886471","collectionIdent":"collection-12-5189528299374886471","commitTimestamp":{"$timestamp":{"t":1783511561,"i":14}}}}
{"t":{"$date":"2026-07-08T11:52:41.706+00:00"},"s":"I",  "c":"INDEX",    "id":20345,   "ctx":"TenantMigrationDonorService-0","msg":"Index build: done building","attr":{"buildUUID":null,"collectionUUID":{"uuid":{"$uuid":"e3d5657f-8d59-45c6-8472-1f021bb67792"}},"namespace":"config.external_validation_keys","index":"ExternalKeysTTLIndex","ident":"index-16-5189528299374886471","collectionIdent":"collection-12-5189528299374886471","commitTimestamp":{"$timestamp":{"t":1783511561,"i":14}}}}
{"t":{"$date":"2026-07-08T11:52:41.706+00:00"},"s":"I",  "c":"COMMAND",  "id":51803,   "ctx":"TenantMigrationDonorService-0","msg":"Slow query","attr":{"type":"command","ns":"config.external_validation_keys","command":{"createIndexes":"external_validation_keys","indexes":[{"key":{"ttlExpiresAt":1},"name":"ExternalKeysTTLIndex","expireAfterSeconds":0}],"$db":"config"},"totalOplogSlotDurationMicros":122239,"numYields":0,"reslen":271,"locks":{"ParallelBatchWriterMode":{"acquireCount":{"r":4}},"FeatureCompatibilityVersion":{"acquireCount":{"r":1,"w":3}},"ReplicationStateTransition":{"acquireCount":{"w":4}},"Global":{"acquireCount":{"r":1,"w":3}},"Database":{"acquireCount":{"r":1,"w":3}},"Collection":{"acquireCount":{"r":1,"w":3}},"Mutex":{"acquireCount":{"r":2}}},"flowControl":{"acquireCount":1},"storage":{},"cpuNanos":16384162,"protocol":"op_msg","durationMillis":100}}
{"t":{"$date":"2026-07-08T11:52:41.707+00:00"},"s":"I",  "c":"REPL",     "id":5123005, "ctx":"TenantMigrationDonorService-0","msg":"Rebuilding PrimaryOnlyService due to stepUp","attr":{"service":"TenantMigrationDonorService"}}
{"t":{"$date":"2026-07-08T11:52:41.741+00:00"},"s":"I",  "c":"REPL",     "id":7360103, "ctx":"QueryAnalysisWriter-0","msg":"Wrote oplog entry for create","attr":{"namespace":"config.$cmd","uuid":{"uuid":{"$uuid":"d6f3f63e-84fb-48ea-951b-f9788545d866"}},"opTime":{"ts":{"$timestamp":{"t":1783511561,"i":15}},"t":2},"object":{"create":"sampledQueriesDiff","idIndex":{"v":2,"key":{"_id":1},"name":"_id_"}}}}
{"t":{"$date":"2026-07-08T11:52:41.741+00:00"},"s":"I",  "c":"REPL",     "id":7360101, "ctx":"QueryAnalysisWriter-0","msg":"Wrote oplog entry for createIndexes","attr":{"namespace":"config.$cmd","uuid":{"uuid":{"$uuid":"d6f3f63e-84fb-48ea-951b-f9788545d866"}},"opTime":{"ts":{"$timestamp":{"t":1783511561,"i":16}},"t":2},"object":{"createIndexes":"sampledQueriesDiff","v":2,"key":{"expireAt":1},"name":"SampledQueriesDiffTTLIndex","expireAfterSeconds":0}}}
{"t":{"$date":"2026-07-08T11:52:41.762+00:00"},"s":"I",  "c":"INDEX",    "id":20345,   "ctx":"QueryAnalysisWriter-0","msg":"Index build: done building","attr":{"buildUUID":null,"collectionUUID":{"uuid":{"$uuid":"d6f3f63e-84fb-48ea-951b-f9788545d866"}},"namespace":"config.sampledQueriesDiff","index":"_id_","ident":"index-18-5189528299374886471","collectionIdent":"collection-17-5189528299374886471","commitTimestamp":{"$timestamp":{"t":1783511561,"i":16}}}}
{"t":{"$date":"2026-07-08T11:52:41.765+00:00"},"s":"I",  "c":"INDEX",    "id":20345,   "ctx":"QueryAnalysisWriter-0","msg":"Index build: done building","attr":{"buildUUID":null,"collectionUUID":{"uuid":{"$uuid":"d6f3f63e-84fb-48ea-951b-f9788545d866"}},"namespace":"config.sampledQueriesDiff","index":"SampledQueriesDiffTTLIndex","ident":"index-19-5189528299374886471","collectionIdent":"collection-17-5189528299374886471","commitTimestamp":{"$timestamp":{"t":1783511561,"i":16}}}}
{"t":{"$date":"2026-07-08T11:52:51.291+00:00"},"s":"I",  "c":"NETWORK",  "id":22943,   "ctx":"listener","msg":"Connection accepted","attr":{"remote":"127.0.0.1:41812","isLoadBalanced":false,"uuid":{"uuid":{"$uuid":"9b825cb9-2cda-4268-a0a7-48cb6e86e23c"}},"connectionId":3,"connectionCount":1}}
{"t":{"$date":"2026-07-08T11:52:51.296+00:00"},"s":"I",  "c":"NETWORK",  "id":51800,   "ctx":"conn3","msg":"client metadata","attr":{"remote":"127.0.0.1:41812","client":"conn3","negotiatedCompressors":[],"doc":{"application":{"name":"mongosh 2.8.3"},"driver":{"name":"nodejs|mongosh","version":"7.1.0|2.8.3"},"platform":"Node.js v24.15.0, LE","os":{"name":"linux","architecture":"x64","version":"3.10.0-327.22.2.el7.x86_64","type":"Linux"},"env":{"container":{"runtime":"docker"}}}}}
{"t":{"$date":"2026-07-08T11:52:51.297+00:00"},"s":"I",  "c":"ACCESS",   "id":10483900,"ctx":"conn3","msg":"Connection not authenticating","attr":{"client":"127.0.0.1:41812","doc":{"application":{"name":"mongosh 2.8.3"},"driver":{"name":"nodejs|mongosh","version":"7.1.0|2.8.3"},"platform":"Node.js v24.15.0, LE","os":{"name":"linux","architecture":"x64","version":"3.10.0-327.22.2.el7.x86_64","type":"Linux"},"env":{"container":{"runtime":"docker"}}}}}
{"t":{"$date":"2026-07-08T11:52:51.310+00:00"},"s":"I",  "c":"NETWORK",  "id":22943,   "ctx":"listener","msg":"Connection accepted","attr":{"remote":"127.0.0.1:41828","isLoadBalanced":false,"uuid":{"uuid":{"$uuid":"2ab1491a-c1e9-4a90-99d0-42d5c88a6d67"}},"connectionId":4,"connectionCount":2}}
{"t":{"$date":"2026-07-08T11:52:51.313+00:00"},"s":"I",  "c":"NETWORK",  "id":51800,   "ctx":"conn4","msg":"client metadata","attr":{"remote":"127.0.0.1:41828","client":"conn4","negotiatedCompressors":[],"doc":{"application":{"name":"mongosh 2.8.3"},"driver":{"name":"nodejs|mongosh","version":"7.1.0|2.8.3"},"platform":"Node.js v24.15.0, LE","os":{"name":"linux","architecture":"x64","version":"3.10.0-327.22.2.el7.x86_64","type":"Linux"},"env":{"container":{"runtime":"docker"}}}}}
{"t":{"$date":"2026-07-08T11:52:51.318+00:00"},"s":"I",  "c":"ACCESS",   "id":6788604, "ctx":"conn4","msg":"Auth metrics report","attr":{"metric":"acquireUser","micros":0}}
{"t":{"$date":"2026-07-08T11:52:51.339+00:00"},"s":"I",  "c":"ACCESS",   "id":5286306, "ctx":"conn4","msg":"Successfully authenticated","attr":{"client":"127.0.0.1:41828","isSpeculative":true,"isClusterMember":false,"mechanism":"SCRAM-SHA-256","user":"appsmith","db":"appsmith","result":0,"metrics":{"conversation_duration":{"micros":21941,"summary":{"0":{"step":1,"step_total":2,"duration_micros":315},"1":{"step":2,"step_total":2,"duration_micros":35}}}},"doc":{"application":{"name":"mongosh 2.8.3"},"driver":{"name":"nodejs|mongosh","version":"7.1.0|2.8.3"},"platform":"Node.js v24.15.0, LE","os":{"name":"linux","architecture":"x64","version":"3.10.0-327.22.2.el7.x86_64","type":"Linux"},"env":{"container":{"runtime":"docker"}}},"extraInfo":{}}}
{"t":{"$date":"2026-07-08T11:52:51.375+00:00"},"s":"I",  "c":"NETWORK",  "id":6788700, "ctx":"conn4","msg":"Received first command on ingress connection since session start or auth handshake","attr":{"elapsedMillis":35}}
{"t":{"$date":"2026-07-08T11:52:51.646+00:00"},"s":"I",  "c":"NETWORK",  "id":22943,   "ctx":"listener","msg":"Connection accepted","attr":{"remote":"127.0.0.1:41842","isLoadBalanced":false,"uuid":{"uuid":{"$uuid":"4c094911-4deb-4ee0-99fb-7a8b2fc8aad8"}},"connectionId":5,"connectionCount":3}}
{"t":{"$date":"2026-07-08T11:52:51.647+00:00"},"s":"I",  "c":"NETWORK",  "id":22943,   "ctx":"listener","msg":"Connection accepted","attr":{"remote":"127.0.0.1:41844","isLoadBalanced":false,"uuid":{"uuid":{"$uuid":"d7be79a7-433d-45c9-bf98-99d768efbdba"}},"connectionId":6,"connectionCount":4}}
{"t":{"$date":"2026-07-08T11:52:51.656+00:00"},"s":"I",  "c":"NETWORK",  "id":51800,   "ctx":"conn5","msg":"client metadata","attr":{"remote":"127.0.0.1:41842","client":"conn5","negotiatedCompressors":[],"doc":{"application":{"name":"mongosh 2.8.3"},"driver":{"name":"nodejs|mongosh","version":"7.1.0|2.8.3"},"platform":"Node.js v24.15.0, LE","os":{"name":"linux","architecture":"x64","version":"3.10.0-327.22.2.el7.x86_64","type":"Linux"},"env":{"container":{"runtime":"docker"}}}}}
{"t":{"$date":"2026-07-08T11:52:51.657+00:00"},"s":"I",  "c":"ACCESS",   "id":6788604, "ctx":"conn5","msg":"Auth metrics report","attr":{"metric":"acquireUser","micros":0}}
{"t":{"$date":"2026-07-08T11:52:51.663+00:00"},"s":"I",  "c":"NETWORK",  "id":51800,   "ctx":"conn6","msg":"client metadata","attr":{"remote":"127.0.0.1:41844","client":"conn6","negotiatedCompressors":[],"doc":{"application":{"name":"mongosh 2.8.3"},"driver":{"name":"nodejs|mongosh","version":"7.1.0|2.8.3"},"platform":"Node.js v24.15.0, LE","os":{"name":"linux","architecture":"x64","version":"3.10.0-327.22.2.el7.x86_64","type":"Linux"},"env":{"container":{"runtime":"docker"}}}}}
{"t":{"$date":"2026-07-08T11:52:51.663+00:00"},"s":"I",  "c":"ACCESS",   "id":6788604, "ctx":"conn6","msg":"Auth metrics report","attr":{"metric":"acquireUser","micros":0}}
{"t":{"$date":"2026-07-08T11:52:51.669+00:00"},"s":"I",  "c":"ACCESS",   "id":5286306, "ctx":"conn5","msg":"Successfully authenticated","attr":{"client":"127.0.0.1:41842","isSpeculative":true,"isClusterMember":false,"mechanism":"SCRAM-SHA-256","user":"appsmith","db":"appsmith","result":0,"metrics":{"conversation_duration":{"micros":11716,"summary":{"0":{"step":1,"step_total":2,"duration_micros":288},"1":{"step":2,"step_total":2,"duration_micros":45}}}},"doc":{"application":{"name":"mongosh 2.8.3"},"driver":{"name":"nodejs|mongosh","version":"7.1.0|2.8.3"},"platform":"Node.js v24.15.0, LE","os":{"name":"linux","architecture":"x64","version":"3.10.0-327.22.2.el7.x86_64","type":"Linux"},"env":{"container":{"runtime":"docker"}}},"extraInfo":{}}}
{"t":{"$date":"2026-07-08T11:52:51.672+00:00"},"s":"I",  "c":"ACCESS",   "id":5286306, "ctx":"conn6","msg":"Successfully authenticated","attr":{"client":"127.0.0.1:41844","isSpeculative":true,"isClusterMember":false,"mechanism":"SCRAM-SHA-256","user":"appsmith","db":"appsmith","result":0,"metrics":{"conversation_duration":{"micros":9158,"summary":{"0":{"step":1,"step_total":2,"duration_micros":1111},"1":{"step":2,"step_total":2,"duration_micros":37}}}},"doc":{"application":{"name":"mongosh 2.8.3"},"driver":{"name":"nodejs|mongosh","version":"7.1.0|2.8.3"},"platform":"Node.js v24.15.0, LE","os":{"name":"linux","architecture":"x64","version":"3.10.0-327.22.2.el7.x86_64","type":"Linux"},"env":{"container":{"runtime":"docker"}}},"extraInfo":{}}}
{"t":{"$date":"2026-07-08T11:52:51.681+00:00"},"s":"I",  "c":"NETWORK",  "id":22944,   "ctx":"conn5","msg":"Connection ended","attr":{"remote":"127.0.0.1:41842","isLoadBalanced":false,"uuid":{"uuid":{"$uuid":"4c094911-4deb-4ee0-99fb-7a8b2fc8aad8"}},"connectionId":5,"connectionCount":3}}
{"t":{"$date":"2026-07-08T11:52:51.688+00:00"},"s":"I",  "c":"NETWORK",  "id":22944,   "ctx":"conn3","msg":"Connection ended","attr":{"remote":"127.0.0.1:41812","isLoadBalanced":false,"uuid":{"uuid":{"$uuid":"9b825cb9-2cda-4268-a0a7-48cb6e86e23c"}},"connectionId":3,"connectionCount":2}}
{"t":{"$date":"2026-07-08T11:52:51.688+00:00"},"s":"I",  "c":"NETWORK",  "id":22944,   "ctx":"conn4","msg":"Connection ended","attr":{"remote":"127.0.0.1:41828","isLoadBalanced":false,"uuid":{"uuid":{"$uuid":"2ab1491a-c1e9-4a90-99d0-42d5c88a6d67"}},"connectionId":4,"connectionCount":1}}
{"t":{"$date":"2026-07-08T11:52:51.693+00:00"},"s":"I",  "c":"NETWORK",  "id":22944,   "ctx":"conn6","msg":"Connection ended","attr":{"remote":"127.0.0.1:41844","isLoadBalanced":false,"uuid":{"uuid":{"$uuid":"d7be79a7-433d-45c9-bf98-99d768efbdba"}},"connectionId":6,"connectionCount":0}}
{"t":{"$date":"2026-07-08T11:52:54.740+00:00"},"s":"I",  "c":"NETWORK",  "id":22943,   "ctx":"listener","msg":"Connection accepted","attr":{"remote":"127.0.0.1:41860","isLoadBalanced":false,"uuid":{"uuid":{"$uuid":"e3f8b5d6-7b1c-4175-afc2-9d98b6b262df"}},"connectionId":7,"connectionCount":1}}
{"t":{"$date":"2026-07-08T11:52:54.821+00:00"},"s":"I",  "c":"NETWORK",  "id":51800,   "ctx":"conn7","msg":"client metadata","attr":{"remote":"127.0.0.1:41860","client":"conn7","negotiatedCompressors":[],"doc":{"driver":{"name":"mongo-java-driver|reactive-streams|spring-boot","version":"5.5.2"},"os":{"type":"Linux","name":"Linux","architecture":"amd64","version":"6.10.14-linuxkit"},"platform":"Java/Eclipse Adoptium/25.0.3+9-LTS","env":{"container":{"runtime":"docker"}}}}}
{"t":{"$date":"2026-07-08T11:52:54.821+00:00"},"s":"I",  "c":"ACCESS",   "id":10483900,"ctx":"conn7","msg":"Connection not authenticating","attr":{"client":"127.0.0.1:41860","doc":{"driver":{"name":"mongo-java-driver|reactive-streams|spring-boot","version":"5.5.2"},"os":{"type":"Linux","name":"Linux","architecture":"amd64","version":"6.10.14-linuxkit"},"platform":"Java/Eclipse Adoptium/25.0.3+9-LTS","env":{"container":{"runtime":"docker"}}}}}
{"t":{"$date":"2026-07-08T11:52:54.880+00:00"},"s":"I",  "c":"NETWORK",  "id":22943,   "ctx":"listener","msg":"Connection accepted","attr":{"remote":"127.0.0.1:41870","isLoadBalanced":false,"uuid":{"uuid":{"$uuid":"4a1aca3d-0e74-452a-885f-80a73b3a2beb"}},"connectionId":8,"connectionCount":2}}
{"t":{"$date":"2026-07-08T11:52:54.890+00:00"},"s":"I",  "c":"NETWORK",  "id":51800,   "ctx":"conn8","msg":"client metadata","attr":{"remote":"127.0.0.1:41870","client":"conn8","negotiatedCompressors":[],"doc":{"driver":{"name":"mongo-java-driver|reactive-streams|spring-boot","version":"5.5.2"},"os":{"type":"Linux","name":"Linux","architecture":"amd64","version":"6.10.14-linuxkit"},"platform":"Java/Eclipse Adoptium/25.0.3+9-LTS","env":{"container":{"runtime":"docker"}}}}}
{"t":{"$date":"2026-07-08T11:52:54.892+00:00"},"s":"I",  "c":"ACCESS",   "id":10483900,"ctx":"conn8","msg":"Connection not authenticating","attr":{"client":"127.0.0.1:41870","doc":{"driver":{"name":"mongo-java-driver|reactive-streams|spring-boot","version":"5.5.2"},"os":{"type":"Linux","name":"Linux","architecture":"amd64","version":"6.10.14-linuxkit"},"platform":"Java/Eclipse Adoptium/25.0.3+9-LTS","env":{"container":{"runtime":"docker"}}}}}
{"t":{"$date":"2026-07-08T11:53:01.309+00:00"},"s":"I",  "c":"NETWORK",  "id":22943,   "ctx":"listener","msg":"Connection accepted","attr":{"remote":"127.0.0.1:50626","isLoadBalanced":false,"uuid":{"uuid":{"$uuid":"bee55ba3-9805-4859-bed9-a8e318d74236"}},"connectionId":9,"connectionCount":3}}
{"t":{"$date":"2026-07-08T11:53:01.314+00:00"},"s":"I",  "c":"NETWORK",  "id":51800,   "ctx":"conn9","msg":"client metadata","attr":{"remote":"127.0.0.1:50626","client":"conn9","negotiatedCompressors":[],"doc":{"driver":{"name":"mongo-java-driver|sync|spring-boot","version":"5.5.2"},"os":{"type":"Linux","name":"Linux","architecture":"amd64","version":"6.10.14-linuxkit"},"platform":"Java/Eclipse Adoptium/25.0.3+9-LTS","env":{"container":{"runtime":"docker"}}}}}
{"t":{"$date":"2026-07-08T11:53:01.314+00:00"},"s":"I",  "c":"ACCESS",   "id":10483900,"ctx":"conn9","msg":"Connection not authenticating","attr":{"client":"127.0.0.1:50626","doc":{"driver":{"name":"mongo-java-driver|sync|spring-boot","version":"5.5.2"},"os":{"type":"Linux","name":"Linux","architecture":"amd64","version":"6.10.14-linuxkit"},"platform":"Java/Eclipse Adoptium/25.0.3+9-LTS","env":{"container":{"runtime":"docker"}}}}}
{"t":{"$date":"2026-07-08T11:53:01.339+00:00"},"s":"I",  "c":"NETWORK",  "id":22943,   "ctx":"listener","msg":"Connection accepted","attr":{"remote":"127.0.0.1:50642","isLoadBalanced":false,"uuid":{"uuid":{"$uuid":"7a78a7f2-05f9-40d6-aa1a-be60a4aa3b51"}},"connectionId":10,"connectionCount":4}}
{"t":{"$date":"2026-07-08T11:53:01.342+00:00"},"s":"I",  "c":"NETWORK",  "id":51800,   "ctx":"conn10","msg":"client metadata","attr":{"remote":"127.0.0.1:50642","client":"conn10","negotiatedCompressors":[],"doc":{"driver":{"name":"mongo-java-driver|sync|spring-boot","version":"5.5.2"},"os":{"type":"Linux","name":"Linux","architecture":"amd64","version":"6.10.14-linuxkit"},"platform":"Java/Eclipse Adoptium/25.0.3+9-LTS","env":{"container":{"runtime":"docker"}}}}}
{"t":{"$date":"2026-07-08T11:53:01.342+00:00"},"s":"I",  "c":"ACCESS",   "id":10483900,"ctx":"conn10","msg":"Connection not authenticating","attr":{"client":"127.0.0.1:50642","doc":{"driver":{"name":"mongo-java-driver|sync|spring-boot","version":"5.5.2"},"os":{"type":"Linux","name":"Linux","architecture":"amd64","version":"6.10.14-linuxkit"},"platform":"Java/Eclipse Adoptium/25.0.3+9-LTS","env":{"container":{"runtime":"docker"}}}}}
{"t":{"$date":"2026-07-08T11:53:08.755+00:00"},"s":"I",  "c":"NETWORK",  "id":22943,   "ctx":"listener","msg":"Connection accepted","attr":{"remote":"127.0.0.1:58782","isLoadBalanced":false,"uuid":{"uuid":{"$uuid":"8ea7c556-c867-464a-84ae-c3fd4eb99e00"}},"connectionId":11,"connectionCount":5}}
{"t":{"$date":"2026-07-08T11:53:08.789+00:00"},"s":"I",  "c":"NETWORK",  "id":51800,   "ctx":"conn11","msg":"client metadata","attr":{"remote":"127.0.0.1:58782","client":"conn11","negotiatedCompressors":[],"doc":{"driver":{"name":"mongo-java-driver|reactive-streams|spring-boot","version":"5.5.2"},"os":{"type":"Linux","name":"Linux","architecture":"amd64","version":"6.10.14-linuxkit"},"platform":"Java/Eclipse Adoptium/25.0.3+9-LTS","env":{"container":{"runtime":"docker"}}}}}
{"t":{"$date":"2026-07-08T11:53:08.790+00:00"},"s":"I",  "c":"ACCESS",   "id":6788604, "ctx":"conn11","msg":"Auth metrics report","attr":{"metric":"acquireUser","micros":0}}
{"t":{"$date":"2026-07-08T11:53:08.921+00:00"},"s":"I",  "c":"ACCESS",   "id":5286306, "ctx":"conn11","msg":"Successfully authenticated","attr":{"client":"127.0.0.1:58782","isSpeculative":true,"isClusterMember":false,"mechanism":"SCRAM-SHA-256","user":"appsmith","db":"appsmith","result":0,"metrics":{"conversation_duration":{"micros":130664,"summary":{"0":{"step":1,"step_total":2,"duration_micros":327},"1":{"step":2,"step_total":2,"duration_micros":34}}}},"doc":{"driver":{"name":"mongo-java-driver|reactive-streams|spring-boot","version":"5.5.2"},"os":{"type":"Linux","name":"Linux","architecture":"amd64","version":"6.10.14-linuxkit"},"platform":"Java/Eclipse Adoptium/25.0.3+9-LTS","env":{"container":{"runtime":"docker"}}},"extraInfo":{}}}
{"t":{"$date":"2026-07-08T11:53:08.974+00:00"},"s":"I",  "c":"NETWORK",  "id":6788700, "ctx":"conn11","msg":"Received first command on ingress connection since session start or auth handshake","attr":{"elapsedMillis":53}}
{"t":{"$date":"2026-07-08T11:53:09.090+00:00"},"s":"I",  "c":"STORAGE",  "id":20320,   "ctx":"conn11","msg":"createCollection","attr":{"namespace":"appsmith.mongockLock","uuidDisposition":"generated","uuid":{"uuid":{"$uuid":"af8cd942-ca64-4dae-a745-618b1265156c"}},"options":{}}}
{"t":{"$date":"2026-07-08T11:53:09.137+00:00"},"s":"I",  "c":"REPL",     "id":7360103, "ctx":"conn11","msg":"Wrote oplog entry for create","attr":{"namespace":"appsmith.$cmd","uuid":{"uuid":{"$uuid":"af8cd942-ca64-4dae-a745-618b1265156c"}},"opTime":{"ts":{"$timestamp":{"t":1783511589,"i":1}},"t":2},"object":{"create":"mongockLock","idIndex":{"v":2,"key":{"_id":1},"name":"_id_"}}}}
{"t":{"$date":"2026-07-08T11:53:09.137+00:00"},"s":"I",  "c":"REPL",     "id":7360101, "ctx":"conn11","msg":"Wrote oplog entry for createIndexes","attr":{"namespace":"appsmith.$cmd","uuid":{"uuid":{"$uuid":"af8cd942-ca64-4dae-a745-618b1265156c"}},"opTime":{"ts":{"$timestamp":{"t":1783511589,"i":2}},"t":2},"object":{"createIndexes":"mongockLock","v":2,"unique":true,"key":{"key":1},"name":"key_1"}}}
{"t":{"$date":"2026-07-08T11:53:09.146+00:00"},"s":"I",  "c":"INDEX",    "id":20345,   "ctx":"conn11","msg":"Index build: done building","attr":{"buildUUID":null,"collectionUUID":{"uuid":{"$uuid":"af8cd942-ca64-4dae-a745-618b1265156c"}},"namespace":"appsmith.mongockLock","index":"_id_","ident":"index-21-5189528299374886471","collectionIdent":"collection-20-5189528299374886471","commitTimestamp":{"$timestamp":{"t":1783511589,"i":2}}}}
{"t":{"$date":"2026-07-08T11:53:09.146+00:00"},"s":"I",  "c":"INDEX",    "id":20345,   "ctx":"conn11","msg":"Index build: done building","attr":{"buildUUID":null,"collectionUUID":{"uuid":{"$uuid":"af8cd942-ca64-4dae-a745-618b1265156c"}},"namespace":"appsmith.mongockLock","index":"key_1","ident":"index-22-5189528299374886471","collectionIdent":"collection-20-5189528299374886471","commitTimestamp":{"$timestamp":{"t":1783511589,"i":2}}}}
{"t":{"$date":"2026-07-08T11:53:09.250+00:00"},"s":"I",  "c":"STORAGE",  "id":20320,   "ctx":"conn11","msg":"createCollection","attr":{"namespace":"appsmith.mongockChangeLog","uuidDisposition":"generated","uuid":{"uuid":{"$uuid":"6b991bd3-d58f-49c4-b50d-290f7c4a12d2"}},"options":{}}}
{"t":{"$date":"2026-07-08T11:53:09.293+00:00"},"s":"I",  "c":"REPL",     "id":7360103, "ctx":"conn11","msg":"Wrote oplog entry for create","attr":{"namespace":"appsmith.$cmd","uuid":{"uuid":{"$uuid":"6b991bd3-d58f-49c4-b50d-290f7c4a12d2"}},"opTime":{"ts":{"$timestamp":{"t":1783511589,"i":3}},"t":2},"object":{"create":"mongockChangeLog","idIndex":{"v":2,"key":{"_id":1},"name":"_id_"}}}}
{"t":{"$date":"2026-07-08T11:53:09.294+00:00"},"s":"I",  "c":"REPL",     "id":7360101, "ctx":"conn11","msg":"Wrote oplog entry for createIndexes","attr":{"namespace":"appsmith.$cmd","uuid":{"uuid":{"$uuid":"6b991bd3-d58f-49c4-b50d-290f7c4a12d2"}},"opTime":{"ts":{"$timestamp":{"t":1783511589,"i":4}},"t":2},"object":{"createIndexes":"mongockChangeLog","v":2,"unique":true,"key":{"executionId":1,"author":1,"changeId":1},"name":"executionId_1_author_1_changeId_1"}}}
{"t":{"$date":"2026-07-08T11:53:09.302+00:00"},"s":"I",  "c":"INDEX",    "id":20345,   "ctx":"conn11","msg":"Index build: done building","attr":{"buildUUID":null,"collectionUUID":{"uuid":{"$uuid":"6b991bd3-d58f-49c4-b50d-290f7c4a12d2"}},"namespace":"appsmith.mongockChangeLog","index":"_id_","ident":"index-24-5189528299374886471","collectionIdent":"collection-23-5189528299374886471","commitTimestamp":{"$timestamp":{"t":1783511589,"i":4}}}}
{"t":{"$date":"2026-07-08T11:53:09.302+00:00"},"s":"I",  "c":"INDEX",    "id":20345,   "ctx":"conn11","msg":"Index build: done building","attr":{"buildUUID":null,"collectionUUID":{"uuid":{"$uuid":"6b991bd3-d58f-49c4-b50d-290f7c4a12d2"}},"namespace":"appsmith.mongockChangeLog","index":"executionId_1_author_1_changeId_1","ident":"index-25-5189528299374886471","collectionIdent":"collection-23-5189528299374886471","commitTimestamp":{"$timestamp":{"t":1783511589,"i":4}}}}
{"t":{"$date":"2026-07-08T11:53:09.383+00:00"},"s":"I",  "c":"COMMAND",  "id":51803,   "ctx":"conn11","msg":"Slow query","attr":{"type":"command","ns":"appsmith.mongockChangeLog","command":{"createIndexes":"mongockChangeLog","indexes":[{"key":{"executionId":1,"author":1,"changeId":1},"name":"executionId_1_author_1_changeId_1","unique":true}],"writeConcern":{"j":false},"$db":"appsmith","$clusterTime":{"clusterTime":{"$timestamp":{"t":1783511589,"i":2}},"signature":{"hash":{"$binary":{"base64":"yAfI6356ECbJTs/1TyyAFZXG/48=","subType":"0"}},"keyId":7660123826532909058}},"lsid":{"id":{"$uuid":"9c9d1936-56c6-4adc-80b5-e9cdd2aee1e2"}},"$readPreference":{"mode":"primaryPreferred"}},"totalOplogSlotDurationMicros":60826,"numYields":0,"reslen":271,"locks":{"ParallelBatchWriterMode":{"acquireCount":{"r":4}},"FeatureCompatibilityVersion":{"acquireCount":{"r":1,"w":3}},"ReplicationStateTransition":{"acquireCount":{"w":4}},"Global":{"acquireCount":{"r":1,"w":3}},"Database":{"acquireCount":{"r":1,"w":3}},"Collection":{"acquireCount":{"r":1,"w":3}},"Mutex":{"acquireCount":{"r":2}}},"flowControl":{"acquireCount":1},"readConcern":{"level":"local","provenance":"implicitDefault"},"writeConcern":{"w":"majority","j":false,"wtimeout":0,"provenance":"implicitDefault"},"waitForWriteConcernDurationMillis":80,"storage":{},"cpuNanos":25365587,"remote":"127.0.0.1:58782","protocol":"op_msg","durationMillis":133}}
{"t":{"$date":"2026-07-08T11:53:09.498+00:00"},"s":"I",  "c":"NETWORK",  "id":22943,   "ctx":"listener","msg":"Connection accepted","attr":{"remote":"127.0.0.1:58796","isLoadBalanced":false,"uuid":{"uuid":{"$uuid":"ac547911-31e8-4bf0-8f1e-5fe93071daac"}},"connectionId":12,"connectionCount":6}}
{"t":{"$date":"2026-07-08T11:53:09.505+00:00"},"s":"I",  "c":"NETWORK",  "id":51800,   "ctx":"conn12","msg":"client metadata","attr":{"remote":"127.0.0.1:58796","client":"conn12","negotiatedCompressors":[],"doc":{"driver":{"name":"mongo-java-driver|reactive-streams|spring-boot","version":"5.5.2"},"os":{"type":"Linux","name":"Linux","architecture":"amd64","version":"6.10.14-linuxkit"},"platform":"Java/Eclipse Adoptium/25.0.3+9-LTS","env":{"container":{"runtime":"docker"}}}}}
{"t":{"$date":"2026-07-08T11:53:09.505+00:00"},"s":"I",  "c":"ACCESS",   "id":6788604, "ctx":"conn12","msg":"Auth metrics report","attr":{"metric":"acquireUser","micros":0}}
{"t":{"$date":"2026-07-08T11:53:09.647+00:00"},"s":"I",  "c":"ACCESS",   "id":5286306, "ctx":"conn12","msg":"Successfully authenticated","attr":{"client":"127.0.0.1:58796","isSpeculative":true,"isClusterMember":false,"mechanism":"SCRAM-SHA-256","user":"appsmith","db":"appsmith","result":0,"metrics":{"conversation_duration":{"micros":142350,"summary":{"0":{"step":1,"step_total":2,"duration_micros":278},"1":{"step":2,"step_total":2,"duration_micros":34}}}},"doc":{"driver":{"name":"mongo-java-driver|reactive-streams|spring-boot","version":"5.5.2"},"os":{"type":"Linux","name":"Linux","architecture":"amd64","version":"6.10.14-linuxkit"},"platform":"Java/Eclipse Adoptium/25.0.3+9-LTS","env":{"container":{"runtime":"docker"}}},"extraInfo":{}}}
{"t":{"$date":"2026-07-08T11:53:09.653+00:00"},"s":"I",  "c":"NETWORK",  "id":6788700, "ctx":"conn12","msg":"Received first command on ingress connection since session start or auth handshake","attr":{"elapsedMillis":5}}
{"t":{"$date":"2026-07-08T11:53:09.697+00:00"},"s":"I",  "c":"NETWORK",  "id":22943,   "ctx":"listener","msg":"Connection accepted","attr":{"remote":"127.0.0.1:58810","isLoadBalanced":false,"uuid":{"uuid":{"$uuid":"14a49875-3bbd-40cd-bd61-093a94feed6d"}},"connectionId":13,"connectionCount":7}}
{"t":{"$date":"2026-07-08T11:53:09.703+00:00"},"s":"I",  "c":"NETWORK",  "id":51800,   "ctx":"conn13","msg":"client metadata","attr":{"remote":"127.0.0.1:58810","client":"conn13","negotiatedCompressors":[],"doc":{"driver":{"name":"mongo-java-driver|sync|spring-boot","version":"5.5.2"},"os":{"type":"Linux","name":"Linux","architecture":"amd64","version":"6.10.14-linuxkit"},"platform":"Java/Eclipse Adoptium/25.0.3+9-LTS","env":{"container":{"runtime":"docker"}}}}}
{"t":{"$date":"2026-07-08T11:53:09.704+00:00"},"s":"I",  "c":"ACCESS",   "id":6788604, "ctx":"conn13","msg":"Auth metrics report","attr":{"metric":"acquireUser","micros":0}}
{"t":{"$date":"2026-07-08T11:53:09.743+00:00"},"s":"I",  "c":"ACCESS",   "id":5286306, "ctx":"conn13","msg":"Successfully authenticated","attr":{"client":"127.0.0.1:58810","isSpeculative":true,"isClusterMember":false,"mechanism":"SCRAM-SHA-256","user":"appsmith","db":"appsmith","result":0,"metrics":{"conversation_duration":{"micros":38991,"summary":{"0":{"step":1,"step_total":2,"duration_micros":460},"1":{"step":2,"step_total":2,"duration_micros":33}}}},"doc":{"driver":{"name":"mongo-java-driver|sync|spring-boot","version":"5.5.2"},"os":{"type":"Linux","name":"Linux","architecture":"amd64","version":"6.10.14-linuxkit"},"platform":"Java/Eclipse Adoptium/25.0.3+9-LTS","env":{"container":{"runtime":"docker"}}},"extraInfo":{}}}
{"t":{"$date":"2026-07-08T11:53:09.750+00:00"},"s":"I",  "c":"NETWORK",  "id":6788700, "ctx":"conn13","msg":"Received first command on ingress connection since session start or auth handshake","attr":{"elapsedMillis":7}}
{"t":{"$date":"2026-07-08T11:53:09.823+00:00"},"s":"I",  "c":"STORAGE",  "id":20320,   "ctx":"conn13","msg":"createCollection","attr":{"namespace":"appsmith.config","uuidDisposition":"generated","uuid":{"uuid":{"$uuid":"b4305b3a-8eab-4c7a-a9d8-d0ab56fb28d8"}},"options":{}}}
{"t":{"$date":"2026-07-08T11:53:09.838+00:00"},"s":"I",  "c":"REPL",     "id":7360103, "ctx":"conn13","msg":"Wrote oplog entry for create","attr":{"namespace":"appsmith.$cmd","uuid":{"uuid":{"$uuid":"b4305b3a-8eab-4c7a-a9d8-d0ab56fb28d8"}},"opTime":{"ts":{"$timestamp":{"t":1783511589,"i":7}},"t":2},"object":{"create":"config","idIndex":{"v":2,"key":{"_id":1},"name":"_id_"}}}}
{"t":{"$date":"2026-07-08T11:53:09.839+00:00"},"s":"I",  "c":"INDEX",    "id":20345,   "ctx":"conn13","msg":"Index build: done building","attr":{"buildUUID":null,"collectionUUID":{"uuid":{"$uuid":"b4305b3a-8eab-4c7a-a9d8-d0ab56fb28d8"}},"namespace":"appsmith.config","index":"_id_","ident":"index-27-5189528299374886471","collectionIdent":"collection-26-5189528299374886471","commitTimestamp":{"$timestamp":{"t":1783511589,"i":7}}}}
{"t":{"$date":"2026-07-08T11:53:09.973+00:00"},"s":"I",  "c":"STORAGE",  "id":20320,   "ctx":"conn13","msg":"createCollection","attr":{"namespace":"appsmith.plugin","uuidDisposition":"generated","uuid":{"uuid":{"$uuid":"9787f747-3153-4ba4-b960-a81b9ecb2f16"}},"options":{}}}
{"t":{"$date":"2026-07-08T11:53:09.986+00:00"},"s":"I",  "c":"REPL",     "id":7360103, "ctx":"conn13","msg":"Wrote oplog entry for create","attr":{"namespace":"appsmith.$cmd","uuid":{"uuid":{"$uuid":"9787f747-3153-4ba4-b960-a81b9ecb2f16"}},"opTime":{"ts":{"$timestamp":{"t":1783511589,"i":10}},"t":2},"object":{"create":"plugin","idIndex":{"v":2,"key":{"_id":1},"name":"_id_"}}}}
{"t":{"$date":"2026-07-08T11:53:09.987+00:00"},"s":"I",  "c":"INDEX",    "id":20345,   "ctx":"conn13","msg":"Index build: done building","attr":{"buildUUID":null,"collectionUUID":{"uuid":{"$uuid":"9787f747-3153-4ba4-b960-a81b9ecb2f16"}},"namespace":"appsmith.plugin","index":"_id_","ident":"index-29-5189528299374886471","collectionIdent":"collection-28-5189528299374886471","commitTimestamp":{"$timestamp":{"t":1783511589,"i":10}}}}
{"t":{"$date":"2026-07-08T11:53:10.046+00:00"},"s":"I",  "c":"STORAGE",  "id":20320,   "ctx":"conn13","msg":"createCollection","attr":{"namespace":"appsmith.application","uuidDisposition":"generated","uuid":{"uuid":{"$uuid":"108defb8-8b72-46a6-9da7-ecea6d39c43c"}},"options":{}}}
{"t":{"$date":"2026-07-08T11:53:10.061+00:00"},"s":"I",  "c":"REPL",     "id":7360103, "ctx":"conn13","msg":"Wrote oplog entry for create","attr":{"namespace":"appsmith.$cmd","uuid":{"uuid":{"$uuid":"108defb8-8b72-46a6-9da7-ecea6d39c43c"}},"opTime":{"ts":{"$timestamp":{"t":1783511590,"i":2}},"t":2},"object":{"create":"application","idIndex":{"v":2,"key":{"_id":1},"name":"_id_"}}}}
{"t":{"$date":"2026-07-08T11:53:10.061+00:00"},"s":"I",  "c":"REPL",     "id":7360101, "ctx":"conn13","msg":"Wrote oplog entry for createIndexes","attr":{"namespace":"appsmith.$cmd","uuid":{"uuid":{"$uuid":"108defb8-8b72-46a6-9da7-ecea6d39c43c"}},"opTime":{"ts":{"$timestamp":{"t":1783511590,"i":3}},"t":2},"object":{"createIndexes":"application","v":2,"key":{"createdAt":1},"name":"createdAt"}}}
{"t":{"$date":"2026-07-08T11:53:10.069+00:00"},"s":"I",  "c":"INDEX",    "id":20345,   "ctx":"conn13","msg":"Index build: done building","attr":{"buildUUID":null,"collectionUUID":{"uuid":{"$uuid":"108defb8-8b72-46a6-9da7-ecea6d39c43c"}},"namespace":"appsmith.application","index":"_id_","ident":"index-31-5189528299374886471","collectionIdent":"collection-30-5189528299374886471","commitTimestamp":{"$timestamp":{"t":1783511590,"i":3}}}}
{"t":{"$date":"2026-07-08T11:53:10.069+00:00"},"s":"I",  "c":"INDEX",    "id":20345,   "ctx":"conn13","msg":"Index build: done building","attr":{"buildUUID":null,"collectionUUID":{"uuid":{"$uuid":"108defb8-8b72-46a6-9da7-ecea6d39c43c"}},"namespace":"appsmith.application","index":"createdAt","ident":"index-32-5189528299374886471","collectionIdent":"collection-30-5189528299374886471","commitTimestamp":{"$timestamp":{"t":1783511590,"i":3}}}}
{"t":{"$date":"2026-07-08T11:53:10.077+00:00"},"s":"I",  "c":"STORAGE",  "id":20320,   "ctx":"conn13","msg":"createCollection","attr":{"namespace":"appsmith.collection","uuidDisposition":"generated","uuid":{"uuid":{"$uuid":"0918e272-1f43-4348-bd05-7cbe11e4afe0"}},"options":{}}}
{"t":{"$date":"2026-07-08T11:53:10.098+00:00"},"s":"I",  "c":"REPL",     "id":7360103, "ctx":"conn13","msg":"Wrote oplog entry for create","attr":{"namespace":"appsmith.$cmd","uuid":{"uuid":{"$uuid":"0918e272-1f43-4348-bd05-7cbe11e4afe0"}},"opTime":{"ts":{"$timestamp":{"t":1783511590,"i":4}},"t":2},"object":{"create":"collection","idIndex":{"v":2,"key":{"_id":1},"name":"_id_"}}}}
{"t":{"$date":"2026-07-08T11:53:10.099+00:00"},"s":"I",  "c":"REPL",     "id":7360101, "ctx":"conn13","msg":"Wrote oplog entry for createIndexes","attr":{"namespace":"appsmith.$cmd","uuid":{"uuid":{"$uuid":"0918e272-1f43-4348-bd05-7cbe11e4afe0"}},"opTime":{"ts":{"$timestamp":{"t":1783511590,"i":5}},"t":2},"object":{"createIndexes":"collection","v":2,"key":{"createdAt":1},"name":"createdAt"}}}
{"t":{"$date":"2026-07-08T11:53:10.106+00:00"},"s":"I",  "c":"INDEX",    "id":20345,   "ctx":"conn13","msg":"Index build: done building","attr":{"buildUUID":null,"collectionUUID":{"uuid":{"$uuid":"0918e272-1f43-4348-bd05-7cbe11e4afe0"}},"namespace":"appsmith.collection","index":"_id_","ident":"index-34-5189528299374886471","collectionIdent":"collection-33-5189528299374886471","commitTimestamp":{"$timestamp":{"t":1783511590,"i":5}}}}
{"t":{"$date":"2026-07-08T11:53:10.106+00:00"},"s":"I",  "c":"INDEX",    "id":20345,   "ctx":"conn13","msg":"Index build: done building","attr":{"buildUUID":null,"collectionUUID":{"uuid":{"$uuid":"0918e272-1f43-4348-bd05-7cbe11e4afe0"}},"namespace":"appsmith.collection","index":"createdAt","ident":"index-35-5189528299374886471","collectionIdent":"collection-33-5189528299374886471","commitTimestamp":{"$timestamp":{"t":1783511590,"i":5}}}}
{"t":{"$date":"2026-07-08T11:53:10.115+00:00"},"s":"I",  "c":"INDEX",    "id":20438,   "ctx":"conn13","msg":"Index build: registering","attr":{"buildUUID":{"uuid":{"$uuid":"71dbd325-00a8-483a-94a4-15a9554421e6"}},"namespace":"appsmith.config","collectionUUID":{"uuid":{"$uuid":"b4305b3a-8eab-4c7a-a9d8-d0ab56fb28d8"}},"indexes":1,"firstIndex":{"name":"createdAt"},"command":{"createIndexes":"config","v":2,"indexes":[{"key":{"createdAt":1},"name":"createdAt"}],"ignoreUnknownIndexOptions":false}}}
{"t":{"$date":"2026-07-08T11:53:10.133+00:00"},"s":"I",  "c":"INDEX",    "id":20384,   "ctx":"IndexBuildsCoordinatorMongod-0","msg":"Index build: starting","attr":{"buildUUID":{"uuid":{"$uuid":"71dbd325-00a8-483a-94a4-15a9554421e6"}},"collectionUUID":{"uuid":{"$uuid":"b4305b3a-8eab-4c7a-a9d8-d0ab56fb28d8"}},"namespace":"appsmith.config","properties":{"v":2,"key":{"createdAt":1},"name":"createdAt"},"specIndex":0,"numSpecs":1,"method":"Hybrid","ident":"index-36-5189528299374886471","collectionIdent":"collection-26-5189528299374886471","maxTemporaryMemoryUsageMB":200}}
{"t":{"$date":"2026-07-08T11:53:10.133+00:00"},"s":"I",  "c":"INDEX",    "id":20346,   "ctx":"IndexBuildsCoordinatorMongod-0","msg":"Index build: initialized","attr":{"buildUUID":{"uuid":{"$uuid":"71dbd325-00a8-483a-94a4-15a9554421e6"}},"collectionUUID":{"uuid":{"$uuid":"b4305b3a-8eab-4c7a-a9d8-d0ab56fb28d8"}},"namespace":"appsmith.config","initializationTimestamp":{"$timestamp":{"t":1783511590,"i":7}}}}
{"t":{"$date":"2026-07-08T11:53:10.134+00:00"},"s":"I",  "c":"STORAGE",  "id":4847600, "ctx":"IndexBuildsCoordinatorMongod-0","msg":"Index build: waiting for last optime before interceptors to be majority committed","attr":{"buildUUID":{"uuid":{"$uuid":"71dbd325-00a8-483a-94a4-15a9554421e6"}},"collectionUUID":{"uuid":{"$uuid":"b4305b3a-8eab-4c7a-a9d8-d0ab56fb28d8"}},"deadline":{"$date":"2026-07-08T11:53:20.133Z"},"timeoutMillis":10000,"lastOpTime":{"ts":{"$timestamp":{"t":1783511590,"i":7}},"t":2}}}
{"t":{"$date":"2026-07-08T11:53:10.134+00:00"},"s":"I",  "c":"INDEX",    "id":20440,   "ctx":"conn13","msg":"Index build: waiting for index build to complete","attr":{"buildUUID":{"uuid":{"$uuid":"71dbd325-00a8-483a-94a4-15a9554421e6"}},"deadline":{"$date":{"$numberLong":"9223372036854775807"}}}}
{"t":{"$date":"2026-07-08T11:53:10.209+00:00"},"s":"I",  "c":"INDEX",    "id":20391,   "ctx":"IndexBuildsCoordinatorMongod-0","msg":"Index build: collection scan done","attr":{"buildUUID":{"uuid":{"$uuid":"71dbd325-00a8-483a-94a4-15a9554421e6"}},"collectionUUID":{"uuid":{"$uuid":"b4305b3a-8eab-4c7a-a9d8-d0ab56fb28d8"}},"namespace":"appsmith.config","totalRecords":1,"readSource":"kMajorityCommitted","durationMillis":0}}
{"t":{"$date":"2026-07-08T11:53:10.212+00:00"},"s":"I",  "c":"COMMAND",  "id":20685,   "ctx":"IndexBuildsCoordinatorMongod-0","msg":"Index build: inserted keys from external sorter into index","attr":{"namespace":"appsmith.config","index":"createdAt","keysInserted":1,"durationMillis":2}}
{"t":{"$date":"2026-07-08T11:53:10.215+00:00"},"s":"I",  "c":"STORAGE",  "id":7568000, "ctx":"IndexBuildsCoordinatorMongod-0","msg":"Index build: vote for commit readiness","attr":{"buildUUID":{"uuid":{"$uuid":"71dbd325-00a8-483a-94a4-15a9554421e6"}},"db":"appsmith","collectionUUID":{"uuid":{"$uuid":"b4305b3a-8eab-4c7a-a9d8-d0ab56fb28d8"}}}}
{"t":{"$date":"2026-07-08T11:53:10.217+00:00"},"s":"I",  "c":"CONNPOOL", "id":22576,   "ctx":"ReplNetwork","msg":"Connecting","attr":{"hostAndPort":"localhost:27017"}}
{"t":{"$date":"2026-07-08T11:53:10.219+00:00"},"s":"I",  "c":"NETWORK",  "id":22943,   "ctx":"listener","msg":"Connection accepted","attr":{"remote":"127.0.0.1:58824","isLoadBalanced":false,"uuid":{"uuid":{"$uuid":"c02696dd-2041-4fcc-90e2-92fc19ae3391"}},"connectionId":15,"connectionCount":8}}
{"t":{"$date":"2026-07-08T11:53:10.219+00:00"},"s":"I",  "c":"NETWORK",  "id":51800,   "ctx":"conn15","msg":"client metadata","attr":{"remote":"127.0.0.1:58824","client":"conn15","negotiatedCompressors":["snappy","zstd","zlib"],"doc":{"driver":{"name":"NetworkInterfaceTL-ReplNetwork","version":"7.0.34"},"os":{"type":"Linux","name":"Ubuntu","architecture":"x86_64","version":"24.04"}}}}
{"t":{"$date":"2026-07-08T11:53:10.220+00:00"},"s":"I",  "c":"ACCESS",   "id":6788604, "ctx":"conn15","msg":"Auth metrics report","attr":{"metric":"acquireUser","micros":0}}
{"t":{"$date":"2026-07-08T11:53:10.221+00:00"},"s":"I",  "c":"ACCESS",   "id":5286306, "ctx":"conn15","msg":"Successfully authenticated","attr":{"client":"127.0.0.1:58824","isSpeculative":true,"isClusterMember":true,"mechanism":"SCRAM-SHA-256","user":"__system","db":"local","result":0,"metrics":{"conversation_duration":{"micros":1363,"summary":{"0":{"step":1,"step_total":3,"duration_micros":365},"1":{"step":2,"step_total":3,"duration_micros":18},"2":{"step":3,"step_total":3,"duration_micros":0}}}},"doc":{"driver":{"name":"NetworkInterfaceTL-ReplNetwork","version":"7.0.34"},"os":{"type":"Linux","name":"Ubuntu","architecture":"x86_64","version":"24.04"}},"extraInfo":{}}}
{"t":{"$date":"2026-07-08T11:53:10.222+00:00"},"s":"I",  "c":"NETWORK",  "id":6788700, "ctx":"conn15","msg":"Received first command on ingress connection since session start or auth handshake","attr":{"elapsedMillis":0}}
{"t":{"$date":"2026-07-08T11:53:10.223+00:00"},"s":"I",  "c":"STORAGE",  "id":3856201, "ctx":"conn15","msg":"Index build: commit quorum satisfied","attr":{"indexBuildEntry":{"_id":{"$uuid":"71dbd325-00a8-483a-94a4-15a9554421e6"},"collectionUUID":{"$uuid":"b4305b3a-8eab-4c7a-a9d8-d0ab56fb28d8"},"commitQuorum":"votingMembers","indexNames":["createdAt"],"commitReadyMembers":["localhost:27017"]}}}
{"t":{"$date":"2026-07-08T11:53:10.223+00:00"},"s":"I",  "c":"CONNPOOL", "id":22566,   "ctx":"ReplNetwork","msg":"Ending connection due to bad connection status","attr":{"hostAndPort":"localhost:27017","error":"CallbackCanceled: onInvoke :: caused by :: Callback was canceled","numOpenConns":0}}
{"t":{"$date":"2026-07-08T11:53:10.224+00:00"},"s":"I",  "c":"STORAGE",  "id":3856203, "ctx":"IndexBuildsCoordinatorMongod-0","msg":"Index build: waiting for next action before completing final phase","attr":{"buildUUID":{"uuid":{"$uuid":"71dbd325-00a8-483a-94a4-15a9554421e6"}}}}
{"t":{"$date":"2026-07-08T11:53:10.224+00:00"},"s":"I",  "c":"STORAGE",  "id":3856204, "ctx":"IndexBuildsCoordinatorMongod-0","msg":"Index build: received signal","attr":{"buildUUID":{"uuid":{"$uuid":"71dbd325-00a8-483a-94a4-15a9554421e6"}},"action":"Commit quorum Satisfied"}}
{"t":{"$date":"2026-07-08T11:53:10.225+00:00"},"s":"I",  "c":"NETWORK",  "id":22943,   "ctx":"listener","msg":"Connection accepted","attr":{"remote":"127.0.0.1:58836","isLoadBalanced":false,"uuid":{"uuid":{"$uuid":"7e936987-9780-4bd4-a892-1c977cdfd97b"}},"connectionId":17,"connectionCount":9}}
{"t":{"$date":"2026-07-08T11:53:10.226+00:00"},"s":"I",  "c":"NETWORK",  "id":22944,   "ctx":"conn15","msg":"Connection ended","attr":{"remote":"127.0.0.1:58824","isLoadBalanced":false,"uuid":{"uuid":{"$uuid":"c02696dd-2041-4fcc-90e2-92fc19ae3391"}},"connectionId":15,"connectionCount":8}}
{"t":{"$date":"2026-07-08T11:53:10.226+00:00"},"s":"I",  "c":"INDEX",    "id":20345,   "ctx":"IndexBuildsCoordinatorMongod-0","msg":"Index build: done building","attr":{"buildUUID":{"uuid":{"$uuid":"71dbd325-00a8-483a-94a4-15a9554421e6"}},"collectionUUID":{"uuid":{"$uuid":"b4305b3a-8eab-4c7a-a9d8-d0ab56fb28d8"}},"namespace":"appsmith.config","index":"createdAt","ident":"index-36-5189528299374886471","collectionIdent":"collection-26-5189528299374886471","commitTimestamp":{"$timestamp":{"t":1783511590,"i":9}}}}
{"t":{"$date":"2026-07-08T11:53:10.226+00:00"},"s":"I",  "c":"NETWORK",  "id":51800,   "ctx":"conn17","msg":"client metadata","attr":{"remote":"127.0.0.1:58836","client":"conn17","negotiatedCompressors":["snappy","zstd","zlib"],"doc":{"driver":{"name":"NetworkInterfaceTL-ReplNetwork","version":"7.0.34"},"os":{"type":"Linux","name":"Ubuntu","architecture":"x86_64","version":"24.04"}}}}
{"t":{"$date":"2026-07-08T11:53:10.227+00:00"},"s":"I",  "c":"ACCESS",   "id":6788604, "ctx":"conn17","msg":"Auth metrics report","attr":{"metric":"acquireUser","micros":0}}
{"t":{"$date":"2026-07-08T11:53:10.227+00:00"},"s":"I",  "c":"STORAGE",  "id":20663,   "ctx":"IndexBuildsCoordinatorMongod-0","msg":"Index build: completed successfully","attr":{"buildUUID":{"uuid":{"$uuid":"71dbd325-00a8-483a-94a4-15a9554421e6"}},"collectionUUID":{"uuid":{"$uuid":"b4305b3a-8eab-4c7a-a9d8-d0ab56fb28d8"}},"namespace":"appsmith.config","indexesBuilt":["createdAt"],"numIndexesBefore":1,"numIndexesAfter":2}}
{"t":{"$date":"2026-07-08T11:53:10.228+00:00"},"s":"I",  "c":"INDEX",    "id":20447,   "ctx":"conn13","msg":"Index build: completed","attr":{"buildUUID":{"uuid":{"$uuid":"71dbd325-00a8-483a-94a4-15a9554421e6"}}}}
{"t":{"$date":"2026-07-08T11:53:10.228+00:00"},"s":"I",  "c":"STORAGE",  "id":51803,   "ctx":"IndexBuildsCoordinatorMongod-0","msg":"Slow query","attr":{"type":"none","ns":"appsmith.config","command":{"createIndexes":"config","indexes":[{"v":2,"key":{"createdAt":1},"name":"createdAt"}],"$db":"appsmith","$clusterTime":{"clusterTime":{"$timestamp":{"t":1783511590,"i":5}},"signature":{"hash":{"$binary":{"base64":"nwJNQNGdon3rN6xnL9rwgjQQoas=","subType":"0"}},"keyId":7660123826532909058}},"lsid":{"id":{"$uuid":"bf0b1e99-2238-40bb-9de9-5db2b9be2d37"}},"$readPreference":{"mode":"primaryPreferred"}},"totalOplogSlotDurationMicros":32768,"numYields":0,"queryHash":"869CED4F","planCacheKey":"333C0A17","queryFramework":"classic","locks":{"FeatureCompatibilityVersion":{"acquireCount":{"r":3,"w":6}},"ReplicationStateTransition":{"acquireCount":{"w":9}},"Global":{"acquireCount":{"r":3,"w":6}},"Database":{"acquireCount":{"r":2,"w":6}},"Collection":{"acquireCount":{"r":1,"w":4,"R":1,"W":2}},"Mutex":{"acquireCount":{"r":1}}},"flowControl":{"acquireCount":4},"storage":{},"cpuNanos":15927529,"durationMillis":112}}
{"t":{"$date":"2026-07-08T11:53:10.229+00:00"},"s":"I",  "c":"ACCESS",   "id":5286306, "ctx":"conn17","msg":"Successfully authenticated","attr":{"client":"127.0.0.1:58836","isSpeculative":true,"isClusterMember":true,"mechanism":"SCRAM-SHA-256","user":"__system","db":"local","result":0,"metrics":{"conversation_duration":{"micros":1508,"summary":{"0":{"step":1,"step_total":3,"duration_micros":259},"1":{"step":2,"step_total":3,"duration_micros":39},"2":{"step":3,"step_total":3,"duration_micros":0}}}},"doc":{"driver":{"name":"NetworkInterfaceTL-ReplNetwork","version":"7.0.34"},"os":{"type":"Linux","name":"Ubuntu","architecture":"x86_64","version":"24.04"}},"extraInfo":{}}}
{"t":{"$date":"2026-07-08T11:53:10.230+00:00"},"s":"I",  "c":"COMMAND",  "id":51803,   "ctx":"conn13","msg":"Slow query","attr":{"type":"command","ns":"appsmith.config","command":{"createIndexes":"config","indexes":[{"key":{"createdAt":1},"name":"createdAt"}],"$db":"appsmith","$clusterTime":{"clusterTime":{"$timestamp":{"t":1783511590,"i":5}},"signature":{"hash":{"$binary":{"base64":"nwJNQNGdon3rN6xnL9rwgjQQoas=","subType":"0"}},"keyId":7660123826532909058}},"lsid":{"id":{"$uuid":"bf0b1e99-2238-40bb-9de9-5db2b9be2d37"}},"$readPreference":{"mode":"primaryPreferred"}},"numYields":0,"reslen":271,"locks":{"ParallelBatchWriterMode":{"acquireCount":{"r":4}},"FeatureCompatibilityVersion":{"acquireCount":{"r":3,"w":4}},"ReplicationStateTransition":{"acquireCount":{"w":7}},"Global":{"acquireCount":{"r":3,"w":4}},"Database":{"acquireCount":{"r":1,"w":3}},"Collection":{"acquireCount":{"r":1,"w":2,"W":1}},"Mutex":{"acquireCount":{"r":1}}},"flowControl":{"acquireCount":3},"readConcern":{"level":"local","provenance":"implicitDefault"},"writeConcern":{"w":"majority","wtimeout":0,"provenance":"implicitDefault"},"waitForWriteConcernDurationMillis":2,"storage":{},"cpuNanos":1165837,"remote":"127.0.0.1:58810","protocol":"op_msg","durationMillis":115}}
{"t":{"$date":"2026-07-08T11:53:10.237+00:00"},"s":"I",  "c":"INDEX",    "id":20438,   "ctx":"conn13","msg":"Index build: registering","attr":{"buildUUID":{"uuid":{"$uuid":"3e205e75-5a4b-471a-808b-db3382e9969a"}},"namespace":"appsmith.config","collectionUUID":{"uuid":{"$uuid":"b4305b3a-8eab-4c7a-a9d8-d0ab56fb28d8"}},"indexes":1,"firstIndex":{"name":"name"},"command":{"createIndexes":"config","v":2,"indexes":[{"key":{"name":1},"name":"name","unique":true}],"ignoreUnknownIndexOptions":false}}}
{"t":{"$date":"2026-07-08T11:53:10.256+00:00"},"s":"I",  "c":"INDEX",    "id":20384,   "ctx":"IndexBuildsCoordinatorMongod-0","msg":"Index build: starting","attr":{"buildUUID":{"uuid":{"$uuid":"3e205e75-5a4b-471a-808b-db3382e9969a"}},"collectionUUID":{"uuid":{"$uuid":"b4305b3a-8eab-4c7a-a9d8-d0ab56fb28d8"}},"namespace":"appsmith.config","properties":{"v":2,"unique":true,"key":{"name":1},"name":"name"},"specIndex":0,"numSpecs":1,"method":"Hybrid","ident":"index-38-5189528299374886471","collectionIdent":"collection-26-5189528299374886471","maxTemporaryMemoryUsageMB":200}}
{"t":{"$date":"2026-07-08T11:53:10.256+00:00"},"s":"I",  "c":"INDEX",    "id":20346,   "ctx":"IndexBuildsCoordinatorMongod-0","msg":"Index build: initialized","attr":{"buildUUID":{"uuid":{"$uuid":"3e205e75-5a4b-471a-808b-db3382e9969a"}},"collectionUUID":{"uuid":{"$uuid":"b4305b3a-8eab-4c7a-a9d8-d0ab56fb28d8"}},"namespace":"appsmith.config","initializationTimestamp":{"$timestamp":{"t":1783511590,"i":12}}}}
{"t":{"$date":"2026-07-08T11:53:10.257+00:00"},"s":"I",  "c":"STORAGE",  "id":4847600, "ctx":"IndexBuildsCoordinatorMongod-0","msg":"Index build: waiting for last optime before interceptors to be majority committed","attr":{"buildUUID":{"uuid":{"$uuid":"3e205e75-5a4b-471a-808b-db3382e9969a"}},"collectionUUID":{"uuid":{"$uuid":"b4305b3a-8eab-4c7a-a9d8-d0ab56fb28d8"}},"deadline":{"$date":"2026-07-08T11:53:20.256Z"},"timeoutMillis":10000,"lastOpTime":{"ts":{"$timestamp":{"t":1783511590,"i":12}},"t":2}}}
{"t":{"$date":"2026-07-08T11:53:10.257+00:00"},"s":"I",  "c":"INDEX",    "id":20440,   "ctx":"conn13","msg":"Index build: waiting for index build to complete","attr":{"buildUUID":{"uuid":{"$uuid":"3e205e75-5a4b-471a-808b-db3382e9969a"}},"deadline":{"$date":{"$numberLong":"9223372036854775807"}}}}
{"t":{"$date":"2026-07-08T11:53:10.328+00:00"},"s":"I",  "c":"STORAGE",  "id":22260,   "ctx":"TimestampMonitor","msg":"Removing drop-pending idents with drop timestamps before timestamp","attr":{"timestamp":{"$timestamp":{"t":1783511546,"i":1}}}}
{"t":{"$date":"2026-07-08T11:53:10.329+00:00"},"s":"I",  "c":"STORAGE",  "id":22237,   "ctx":"TimestampMonitor","msg":"Completing drop for ident","attr":{"ident":"internal-37-5189528299374886471","dropTimestamp":{"$timestamp":{"t":0,"i":0}}}}
{"t":{"$date":"2026-07-08T11:53:10.331+00:00"},"s":"I",  "c":"STORAGE",  "id":6776600, "ctx":"TimestampMonitor","msg":"The ident was successfully dropped","attr":{"ident":"internal-37-5189528299374886471","dropTimestamp":{"$timestamp":{"t":0,"i":0}}}}
{"t":{"$date":"2026-07-08T11:53:10.332+00:00"},"s":"I",  "c":"INDEX",    "id":20391,   "ctx":"IndexBuildsCoordinatorMongod-0","msg":"Index build: collection scan done","attr":{"buildUUID":{"uuid":{"$uuid":"3e205e75-5a4b-471a-808b-db3382e9969a"}},"collectionUUID":{"uuid":{"$uuid":"b4305b3a-8eab-4c7a-a9d8-d0ab56fb28d8"}},"namespace":"appsmith.config","totalRecords":1,"readSource":"kMajorityCommitted","durationMillis":0}}
{"t":{"$date":"2026-07-08T11:53:10.334+00:00"},"s":"I",  "c":"COMMAND",  "id":20685,   "ctx":"IndexBuildsCoordinatorMongod-0","msg":"Index build: inserted keys from external sorter into index","attr":{"namespace":"appsmith.config","index":"name","keysInserted":1,"durationMillis":2}}
{"t":{"$date":"2026-07-08T11:53:10.336+00:00"},"s":"I",  "c":"STORAGE",  "id":7568000, "ctx":"IndexBuildsCoordinatorMongod-0","msg":"Index build: vote for commit readiness","attr":{"buildUUID":{"uuid":{"$uuid":"3e205e75-5a4b-471a-808b-db3382e9969a"}},"db":"appsmith","collectionUUID":{"uuid":{"$uuid":"b4305b3a-8eab-4c7a-a9d8-d0ab56fb28d8"}}}}
{"t":{"$date":"2026-07-08T11:53:10.339+00:00"},"s":"I",  "c":"NETWORK",  "id":6788700, "ctx":"conn17","msg":"Received first command on ingress connection since session start or auth handshake","attr":{"elapsedMillis":109}}
{"t":{"$date":"2026-07-08T11:53:10.339+00:00"},"s":"I",  "c":"STORAGE",  "id":3856201, "ctx":"conn17","msg":"Index build: commit quorum satisfied","attr":{"indexBuildEntry":{"_id":{"$uuid":"3e205e75-5a4b-471a-808b-db3382e9969a"},"collectionUUID":{"$uuid":"b4305b3a-8eab-4c7a-a9d8-d0ab56fb28d8"},"commitQuorum":"votingMembers","indexNames":["name"],"commitReadyMembers":["localhost:27017"]}}}
{"t":{"$date":"2026-07-08T11:53:10.340+00:00"},"s":"I",  "c":"CONNPOOL", "id":22566,   "ctx":"ReplNetwork","msg":"Ending connection due to bad connection status","attr":{"hostAndPort":"localhost:27017","error":"CallbackCanceled: onInvoke :: caused by :: Callback was canceled","numOpenConns":0}}
{"t":{"$date":"2026-07-08T11:53:10.340+00:00"},"s":"I",  "c":"STORAGE",  "id":3856203, "ctx":"IndexBuildsCoordinatorMongod-0","msg":"Index build: waiting for next action before completing final phase","attr":{"buildUUID":{"uuid":{"$uuid":"3e205e75-5a4b-471a-808b-db3382e9969a"}}}}
{"t":{"$date":"2026-07-08T11:53:10.340+00:00"},"s":"I",  "c":"STORAGE",  "id":3856204, "ctx":"IndexBuildsCoordinatorMongod-0","msg":"Index build: received signal","attr":{"buildUUID":{"uuid":{"$uuid":"3e205e75-5a4b-471a-808b-db3382e9969a"}},"action":"Commit quorum Satisfied"}}
{"t":{"$date":"2026-07-08T11:53:10.341+00:00"},"s":"I",  "c":"INDEX",    "id":20345,   "ctx":"IndexBuildsCoordinatorMongod-0","msg":"Index build: done building","attr":{"buildUUID":{"uuid":{"$uuid":"3e205e75-5a4b-471a-808b-db3382e9969a"}},"collectionUUID":{"uuid":{"$uuid":"b4305b3a-8eab-4c7a-a9d8-d0ab56fb28d8"}},"namespace":"appsmith.config","index":"name","ident":"index-38-5189528299374886471","collectionIdent":"collection-26-5189528299374886471","commitTimestamp":{"$timestamp":{"t":1783511590,"i":14}}}}
{"t":{"$date":"2026-07-08T11:53:10.341+00:00"},"s":"I",  "c":"NETWORK",  "id":22943,   "ctx":"listener","msg":"Connection accepted","attr":{"remote":"127.0.0.1:58848","isLoadBalanced":false,"uuid":{"uuid":{"$uuid":"ea0c90d2-5f45-487c-aebd-5587a455763f"}},"connectionId":19,"connectionCount":9}}
{"t":{"$date":"2026-07-08T11:53:10.341+00:00"},"s":"I",  "c":"STORAGE",  "id":20663,   "ctx":"IndexBuildsCoordinatorMongod-0","msg":"Index build: completed successfully","attr":{"buildUUID":{"uuid":{"$uuid":"3e205e75-5a4b-471a-808b-db3382e9969a"}},"collectionUUID":{"uuid":{"$uuid":"b4305b3a-8eab-4c7a-a9d8-d0ab56fb28d8"}},"namespace":"appsmith.config","indexesBuilt":["name"],"numIndexesBefore":2,"numIndexesAfter":3}}
{"t":{"$date":"2026-07-08T11:53:10.342+00:00"},"s":"I",  "c":"NETWORK",  "id":22944,   "ctx":"conn17","msg":"Connection ended","attr":{"remote":"127.0.0.1:58836","isLoadBalanced":false,"uuid":{"uuid":{"$uuid":"7e936987-9780-4bd4-a892-1c977cdfd97b"}},"connectionId":17,"connectionCount":8}}
{"t":{"$date":"2026-07-08T11:53:10.342+00:00"},"s":"I",  "c":"NETWORK",  "id":51800,   "ctx":"conn19","msg":"client metadata","attr":{"remote":"127.0.0.1:58848","client":"conn19","negotiatedCompressors":["snappy","zstd","zlib"],"doc":{"driver":{"name":"NetworkInterfaceTL-ReplNetwork","version":"7.0.34"},"os":{"type":"Linux","name":"Ubuntu","architecture":"x86_64","version":"24.04"}}}}
{"t":{"$date":"2026-07-08T11:53:10.342+00:00"},"s":"I",  "c":"ACCESS",   "id":6788604, "ctx":"conn19","msg":"Auth metrics report","attr":{"metric":"acquireUser","micros":0}}
{"t":{"$date":"2026-07-08T11:53:10.342+00:00"},"s":"I",  "c":"STORAGE",  "id":51803,   "ctx":"IndexBuildsCoordinatorMongod-0","msg":"Slow query","attr":{"type":"none","ns":"appsmith.config","command":{"createIndexes":"config","indexes":[{"v":2,"unique":true,"key":{"name":1},"name":"name"}],"$db":"appsmith","$clusterTime":{"clusterTime":{"$timestamp":{"t":1783511590,"i":10}},"signature":{"hash":{"$binary":{"base64":"nwJNQNGdon3rN6xnL9rwgjQQoas=","subType":"0"}},"keyId":7660123826532909058}},"lsid":{"id":{"$uuid":"bf0b1e99-2238-40bb-9de9-5db2b9be2d37"}},"$readPreference":{"mode":"primaryPreferred"}},"totalOplogSlotDurationMicros":39237,"numYields":0,"queryHash":"869CED4F","planCacheKey":"333C0A17","queryFramework":"classic","locks":{"FeatureCompatibilityVersion":{"acquireCount":{"r":3,"w":6}},"ReplicationStateTransition":{"acquireCount":{"w":9}},"Global":{"acquireCount":{"r":3,"w":6}},"Database":{"acquireCount":{"r":2,"w":6}},"Collection":{"acquireCount":{"r":1,"w":4,"R":1,"W":2}},"Mutex":{"acquireCount":{"r":1}}},"flowControl":{"acquireCount":4},"storage":{},"cpuNanos":14204420,"durationMillis":104}}
{"t":{"$date":"2026-07-08T11:53:10.342+00:00"},"s":"I",  "c":"INDEX",    "id":20447,   "ctx":"conn13","msg":"Index build: completed","attr":{"buildUUID":{"uuid":{"$uuid":"3e205e75-5a4b-471a-808b-db3382e9969a"}}}}
{"t":{"$date":"2026-07-08T11:53:10.344+00:00"},"s":"I",  "c":"ACCESS",   "id":5286306, "ctx":"conn19","msg":"Successfully authenticated","attr":{"client":"127.0.0.1:58848","isSpeculative":true,"isClusterMember":true,"mechanism":"SCRAM-SHA-256","user":"__system","db":"local","result":0,"metrics":{"conversation_duration":{"micros":1230,"summary":{"0":{"step":1,"step_total":3,"duration_micros":271},"1":{"step":2,"step_total":3,"duration_micros":16},"2":{"step":3,"step_total":3,"duration_micros":0}}}},"doc":{"driver":{"name":"NetworkInterfaceTL-ReplNetwork","version":"7.0.34"},"os":{"type":"Linux","name":"Ubuntu","architecture":"x86_64","version":"24.04"}},"extraInfo":{}}}
{"t":{"$date":"2026-07-08T11:53:10.345+00:00"},"s":"I",  "c":"COMMAND",  "id":51803,   "ctx":"conn13","msg":"Slow query","attr":{"type":"command","ns":"appsmith.config","command":{"createIndexes":"config","indexes":[{"key":{"name":1},"name":"name","unique":true}],"$db":"appsmith","$clusterTime":{"clusterTime":{"$timestamp":{"t":1783511590,"i":10}},"signature":{"hash":{"$binary":{"base64":"nwJNQNGdon3rN6xnL9rwgjQQoas=","subType":"0"}},"keyId":7660123826532909058}},"lsid":{"id":{"$uuid":"bf0b1e99-2238-40bb-9de9-5db2b9be2d37"}},"$readPreference":{"mode":"primaryPreferred"}},"numYields":0,"reslen":271,"locks":{"ParallelBatchWriterMode":{"acquireCount":{"r":4}},"FeatureCompatibilityVersion":{"acquireCount":{"r":3,"w":4}},"ReplicationStateTransition":{"acquireCount":{"w":7}},"Global":{"acquireCount":{"r":3,"w":4}},"Database":{"acquireCount":{"r":1,"w":3}},"Collection":{"acquireCount":{"r":1,"w":2,"W":1}},"Mutex":{"acquireCount":{"r":1}}},"flowControl":{"acquireCount":3},"readConcern":{"level":"local","provenance":"implicitDefault"},"writeConcern":{"w":"majority","wtimeout":0,"provenance":"implicitDefault"},"waitForWriteConcernDurationMillis":2,"storage":{},"cpuNanos":877315,"remote":"127.0.0.1:58810","protocol":"op_msg","durationMillis":108}}
{"t":{"$date":"2026-07-08T11:53:10.350+00:00"},"s":"I",  "c":"STORAGE",  "id":20320,   "ctx":"conn13","msg":"createCollection","attr":{"namespace":"appsmith.datasource","uuidDisposition":"generated","uuid":{"uuid":{"$uuid":"083b7272-ec3d-406a-8666-ec36f693b8ec"}},"options":{}}}
{"t":{"$date":"2026-07-08T11:53:10.372+00:00"},"s":"I",  "c":"REPL",     "id":7360103, "ctx":"conn13","msg":"Wrote oplog entry for create","attr":{"namespace":"appsmith.$cmd","uuid":{"uuid":{"$uuid":"083b7272-ec3d-406a-8666-ec36f693b8ec"}},"opTime":{"ts":{"$timestamp":{"t":1783511590,"i":16}},"t":2},"object":{"create":"datasource","idIndex":{"v":2,"key":{"_id":1},"name":"_id_"}}}}
{"t":{"$date":"2026-07-08T11:53:10.372+00:00"},"s":"I",  "c":"REPL",     "id":7360101, "ctx":"conn13","msg":"Wrote oplog entry for createIndexes","attr":{"namespace":"appsmith.$cmd","uuid":{"uuid":{"$uuid":"083b7272-ec3d-406a-8666-ec36f693b8ec"}},"opTime":{"ts":{"$timestamp":{"t":1783511590,"i":17}},"t":2},"object":{"createIndexes":"datasource","v":2,"key":{"createdAt":1},"name":"createdAt"}}}
{"t":{"$date":"2026-07-08T11:53:10.382+00:00"},"s":"I",  "c":"INDEX",    "id":20345,   "ctx":"conn13","msg":"Index build: done building","attr":{"buildUUID":null,"collectionUUID":{"uuid":{"$uuid":"083b7272-ec3d-406a-8666-ec36f693b8ec"}},"namespace":"appsmith.datasource","index":"_id_","ident":"index-42-5189528299374886471","collectionIdent":"collection-41-5189528299374886471","commitTimestamp":{"$timestamp":{"t":1783511590,"i":17}}}}
{"t":{"$date":"2026-07-08T11:53:10.382+00:00"},"s":"I",  "c":"INDEX",    "id":20345,   "ctx":"conn13","msg":"Index build: done building","attr":{"buildUUID":null,"collectionUUID":{"uuid":{"$uuid":"083b7272-ec3d-406a-8666-ec36f693b8ec"}},"namespace":"appsmith.datasource","index":"createdAt","ident":"index-43-5189528299374886471","collectionIdent":"collection-41-5189528299374886471","commitTimestamp":{"$timestamp":{"t":1783511590,"i":17}}}}
{"t":{"$date":"2026-07-08T11:53:10.391+00:00"},"s":"I",  "c":"STORAGE",  "id":20320,   "ctx":"conn13","msg":"createCollection","attr":{"namespace":"appsmith.passwordResetToken","uuidDisposition":"generated","uuid":{"uuid":{"$uuid":"a4c486bd-eb34-4bce-b8ae-5b36423aad2d"}},"options":{}}}
{"t":{"$date":"2026-07-08T11:53:10.405+00:00"},"s":"I",  "c":"REPL",     "id":7360103, "ctx":"conn13","msg":"Wrote oplog entry for create","attr":{"namespace":"appsmith.$cmd","uuid":{"uuid":{"$uuid":"a4c486bd-eb34-4bce-b8ae-5b36423aad2d"}},"opTime":{"ts":{"$timestamp":{"t":1783511590,"i":18}},"t":2},"object":{"create":"passwordResetToken","idIndex":{"v":2,"key":{"_id":1},"name":"_id_"}}}}
{"t":{"$date":"2026-07-08T11:53:10.406+00:00"},"s":"I",  "c":"REPL",     "id":7360101, "ctx":"conn13","msg":"Wrote oplog entry for createIndexes","attr":{"namespace":"appsmith.$cmd","uuid":{"uuid":{"$uuid":"a4c486bd-eb34-4bce-b8ae-5b36423aad2d"}},"opTime":{"ts":{"$timestamp":{"t":1783511590,"i":19}},"t":2},"object":{"createIndexes":"passwordResetToken","v":2,"key":{"createdAt":1},"name":"createdAt"}}}
{"t":{"$date":"2026-07-08T11:53:10.414+00:00"},"s":"I",  "c":"INDEX",    "id":20345,   "ctx":"conn13","msg":"Index build: done building","attr":{"buildUUID":null,"collectionUUID":{"uuid":{"$uuid":"a4c486bd-eb34-4bce-b8ae-5b36423aad2d"}},"namespace":"appsmith.passwordResetToken","index":"_id_","ident":"index-45-5189528299374886471","collectionIdent":"collection-44-5189528299374886471","commitTimestamp":{"$timestamp":{"t":1783511590,"i":19}}}}
{"t":{"$date":"2026-07-08T11:53:10.414+00:00"},"s":"I",  "c":"INDEX",    "id":20345,   "ctx":"conn13","msg":"Index build: done building","attr":{"buildUUID":null,"collectionUUID":{"uuid":{"$uuid":"a4c486bd-eb34-4bce-b8ae-5b36423aad2d"}},"namespace":"appsmith.passwordResetToken","index":"createdAt","ident":"index-46-5189528299374886471","collectionIdent":"collection-44-5189528299374886471","commitTimestamp":{"$timestamp":{"t":1783511590,"i":19}}}}
{"t":{"$date":"2026-07-08T11:53:10.419+00:00"},"s":"I",  "c":"INDEX",    "id":20438,   "ctx":"conn13","msg":"Index build: registering","attr":{"buildUUID":{"uuid":{"$uuid":"3f2a71f4-4054-4bfe-a34c-34d56862b2fe"}},"namespace":"appsmith.passwordResetToken","collectionUUID":{"uuid":{"$uuid":"a4c486bd-eb34-4bce-b8ae-5b36423aad2d"}},"indexes":1,"firstIndex":{"name":"email"},"command":{"createIndexes":"passwordResetToken","v":2,"indexes":[{"key":{"email":1},"name":"email","unique":true,"expireAfterSeconds":3600}],"ignoreUnknownIndexOptions":false}}}
{"t":{"$date":"2026-07-08T11:53:10.420+00:00"},"s":"I",  "c":"REPL",     "id":7360101, "ctx":"conn13","msg":"Wrote oplog entry for createIndexes","attr":{"namespace":"appsmith.$cmd","uuid":{"uuid":{"$uuid":"a4c486bd-eb34-4bce-b8ae-5b36423aad2d"}},"opTime":{"ts":{"$timestamp":{"t":1783511590,"i":20}},"t":2},"object":{"createIndexes":"passwordResetToken","v":2,"unique":true,"key":{"email":1},"name":"email","expireAfterSeconds":3600}}}
{"t":{"$date":"2026-07-08T11:53:10.429+00:00"},"s":"I",  "c":"INDEX",    "id":20345,   "ctx":"conn13","msg":"Index build: done building","attr":{"buildUUID":null,"collectionUUID":{"uuid":{"$uuid":"a4c486bd-eb34-4bce-b8ae-5b36423aad2d"}},"namespace":"appsmith.passwordResetToken","index":"email","ident":"index-47-5189528299374886471","collectionIdent":"collection-44-5189528299374886471","commitTimestamp":{"$timestamp":{"t":1783511590,"i":20}}}}
{"t":{"$date":"2026-07-08T11:53:10.430+00:00"},"s":"I",  "c":"INDEX",    "id":20440,   "ctx":"conn13","msg":"Index build: waiting for index build to complete","attr":{"buildUUID":{"uuid":{"$uuid":"3f2a71f4-4054-4bfe-a34c-34d56862b2fe"}},"deadline":{"$date":{"$numberLong":"9223372036854775807"}}}}
{"t":{"$date":"2026-07-08T11:53:10.430+00:00"},"s":"I",  "c":"INDEX",    "id":20447,   "ctx":"conn13","msg":"Index build: completed","attr":{"buildUUID":{"uuid":{"$uuid":"3f2a71f4-4054-4bfe-a34c-34d56862b2fe"}}}}
{"t":{"$date":"2026-07-08T11:53:10.437+00:00"},"s":"I",  "c":"INDEX",    "id":20438,   "ctx":"conn13","msg":"Index build: registering","attr":{"buildUUID":{"uuid":{"$uuid":"dcdd911f-cb91-4e60-9f50-44f611192138"}},"namespace":"appsmith.plugin","collectionUUID":{"uuid":{"$uuid":"9787f747-3153-4ba4-b960-a81b9ecb2f16"}},"indexes":1,"firstIndex":{"name":"createdAt"},"command":{"createIndexes":"plugin","v":2,"indexes":[{"key":{"createdAt":1},"name":"createdAt"}],"ignoreUnknownIndexOptions":false}}}
{"t":{"$date":"2026-07-08T11:53:10.452+00:00"},"s":"I",  "c":"INDEX",    "id":20384,   "ctx":"IndexBuildsCoordinatorMongod-0","msg":"Index build: starting","attr":{"buildUUID":{"uuid":{"$uuid":"dcdd911f-cb91-4e60-9f50-44f611192138"}},"collectionUUID":{"uuid":{"$uuid":"9787f747-3153-4ba4-b960-a81b9ecb2f16"}},"namespace":"appsmith.plugin","properties":{"v":2,"key":{"createdAt":1},"name":"createdAt"},"specIndex":0,"numSpecs":1,"method":"Hybrid","ident":"index-48-5189528299374886471","collectionIdent":"collection-28-5189528299374886471","maxTemporaryMemoryUsageMB":200}}
{"t":{"$date":"2026-07-08T11:53:10.453+00:00"},"s":"I",  "c":"INDEX",    "id":20346,   "ctx":"IndexBuildsCoordinatorMongod-0","msg":"Index build: initialized","attr":{"buildUUID":{"uuid":{"$uuid":"dcdd911f-cb91-4e60-9f50-44f611192138"}},"collectionUUID":{"uuid":{"$uuid":"9787f747-3153-4ba4-b960-a81b9ecb2f16"}},"namespace":"appsmith.plugin","initializationTimestamp":{"$timestamp":{"t":1783511590,"i":22}}}}
{"t":{"$date":"2026-07-08T11:53:10.453+00:00"},"s":"I",  "c":"STORAGE",  "id":4847600, "ctx":"IndexBuildsCoordinatorMongod-0","msg":"Index build: waiting for last optime before interceptors to be majority committed","attr":{"buildUUID":{"uuid":{"$uuid":"dcdd911f-cb91-4e60-9f50-44f611192138"}},"collectionUUID":{"uuid":{"$uuid":"9787f747-3153-4ba4-b960-a81b9ecb2f16"}},"deadline":{"$date":"2026-07-08T11:53:20.453Z"},"timeoutMillis":10000,"lastOpTime":{"ts":{"$timestamp":{"t":1783511590,"i":22}},"t":2}}}
{"t":{"$date":"2026-07-08T11:53:10.453+00:00"},"s":"I",  "c":"INDEX",    "id":20440,   "ctx":"conn13","msg":"Index build: waiting for index build to complete","attr":{"buildUUID":{"uuid":{"$uuid":"dcdd911f-cb91-4e60-9f50-44f611192138"}},"deadline":{"$date":{"$numberLong":"9223372036854775807"}}}}
{"t":{"$date":"2026-07-08T11:53:10.534+00:00"},"s":"I",  "c":"INDEX",    "id":20391,   "ctx":"IndexBuildsCoordinatorMongod-0","msg":"Index build: collection scan done","attr":{"buildUUID":{"uuid":{"$uuid":"dcdd911f-cb91-4e60-9f50-44f611192138"}},"collectionUUID":{"uuid":{"$uuid":"9787f747-3153-4ba4-b960-a81b9ecb2f16"}},"namespace":"appsmith.plugin","totalRecords":3,"readSource":"kMajorityCommitted","durationMillis":0}}
{"t":{"$date":"2026-07-08T11:53:10.536+00:00"},"s":"I",  "c":"COMMAND",  "id":20685,   "ctx":"IndexBuildsCoordinatorMongod-0","msg":"Index build: inserted keys from external sorter into index","attr":{"namespace":"appsmith.plugin","index":"createdAt","keysInserted":3,"durationMillis":2}}
{"t":{"$date":"2026-07-08T11:53:10.539+00:00"},"s":"I",  "c":"STORAGE",  "id":7568000, "ctx":"IndexBuildsCoordinatorMongod-0","msg":"Index build: vote for commit readiness","attr":{"buildUUID":{"uuid":{"$uuid":"dcdd911f-cb91-4e60-9f50-44f611192138"}},"db":"appsmith","collectionUUID":{"uuid":{"$uuid":"9787f747-3153-4ba4-b960-a81b9ecb2f16"}}}}
{"t":{"$date":"2026-07-08T11:53:10.541+00:00"},"s":"I",  "c":"NETWORK",  "id":6788700, "ctx":"conn19","msg":"Received first command on ingress connection since session start or auth handshake","attr":{"elapsedMillis":196}}
{"t":{"$date":"2026-07-08T11:53:10.541+00:00"},"s":"I",  "c":"STORAGE",  "id":3856201, "ctx":"conn19","msg":"Index build: commit quorum satisfied","attr":{"indexBuildEntry":{"_id":{"$uuid":"dcdd911f-cb91-4e60-9f50-44f611192138"},"collectionUUID":{"$uuid":"9787f747-3153-4ba4-b960-a81b9ecb2f16"},"commitQuorum":"votingMembers","indexNames":["createdAt"],"commitReadyMembers":["localhost:27017"]}}}
{"t":{"$date":"2026-07-08T11:53:10.542+00:00"},"s":"I",  "c":"CONNPOOL", "id":22566,   "ctx":"ReplNetwork","msg":"Ending connection due to bad connection status","attr":{"hostAndPort":"localhost:27017","error":"CallbackCanceled: onInvoke :: caused by :: Callback was canceled","numOpenConns":0}}
{"t":{"$date":"2026-07-08T11:53:10.542+00:00"},"s":"I",  "c":"STORAGE",  "id":3856203, "ctx":"IndexBuildsCoordinatorMongod-0","msg":"Index build: waiting for next action before completing final phase","attr":{"buildUUID":{"uuid":{"$uuid":"dcdd911f-cb91-4e60-9f50-44f611192138"}}}}
{"t":{"$date":"2026-07-08T11:53:10.542+00:00"},"s":"I",  "c":"STORAGE",  "id":3856204, "ctx":"IndexBuildsCoordinatorMongod-0","msg":"Index build: received signal","attr":{"buildUUID":{"uuid":{"$uuid":"dcdd911f-cb91-4e60-9f50-44f611192138"}},"action":"Commit quorum Satisfied"}}
{"t":{"$date":"2026-07-08T11:53:10.543+00:00"},"s":"I",  "c":"INDEX",    "id":20345,   "ctx":"IndexBuildsCoordinatorMongod-0","msg":"Index build: done building","attr":{"buildUUID":{"uuid":{"$uuid":"dcdd911f-cb91-4e60-9f50-44f611192138"}},"collectionUUID":{"uuid":{"$uuid":"9787f747-3153-4ba4-b960-a81b9ecb2f16"}},"namespace":"appsmith.plugin","index":"createdAt","ident":"index-48-5189528299374886471","collectionIdent":"collection-28-5189528299374886471","commitTimestamp":{"$timestamp":{"t":1783511590,"i":24}}}}
{"t":{"$date":"2026-07-08T11:53:10.543+00:00"},"s":"I",  "c":"NETWORK",  "id":22943,   "ctx":"listener","msg":"Connection accepted","attr":{"remote":"127.0.0.1:58858","isLoadBalanced":false,"uuid":{"uuid":{"$uuid":"4110dd12-e0c9-489d-bf5d-91273cc19825"}},"connectionId":20,"connectionCount":9}}
{"t":{"$date":"2026-07-08T11:53:10.543+00:00"},"s":"I",  "c":"STORAGE",  "id":20663,   "ctx":"IndexBuildsCoordinatorMongod-0","msg":"Index build: completed successfully","attr":{"buildUUID":{"uuid":{"$uuid":"dcdd911f-cb91-4e60-9f50-44f611192138"}},"collectionUUID":{"uuid":{"$uuid":"9787f747-3153-4ba4-b960-a81b9ecb2f16"}},"namespace":"appsmith.plugin","indexesBuilt":["createdAt"],"numIndexesBefore":1,"numIndexesAfter":2}}
{"t":{"$date":"2026-07-08T11:53:10.544+00:00"},"s":"I",  "c":"NETWORK",  "id":22944,   "ctx":"conn19","msg":"Connection ended","attr":{"remote":"127.0.0.1:58848","isLoadBalanced":false,"uuid":{"uuid":{"$uuid":"ea0c90d2-5f45-487c-aebd-5587a455763f"}},"connectionId":19,"connectionCount":8}}
{"t":{"$date":"2026-07-08T11:53:10.544+00:00"},"s":"I",  "c":"NETWORK",  "id":51800,   "ctx":"conn20","msg":"client metadata","attr":{"remote":"127.0.0.1:58858","client":"conn20","negotiatedCompressors":["snappy","zstd","zlib"],"doc":{"driver":{"name":"NetworkInterfaceTL-ReplNetwork","version":"7.0.34"},"os":{"type":"Linux","name":"Ubuntu","architecture":"x86_64","version":"24.04"}}}}
{"t":{"$date":"2026-07-08T11:53:10.544+00:00"},"s":"I",  "c":"STORAGE",  "id":51803,   "ctx":"IndexBuildsCoordinatorMongod-0","msg":"Slow query","attr":{"type":"none","ns":"appsmith.plugin","command":{"createIndexes":"plugin","indexes":[{"v":2,"key":{"createdAt":1},"name":"createdAt"}],"$db":"appsmith","$clusterTime":{"clusterTime":{"$timestamp":{"t":1783511590,"i":20}},"signature":{"hash":{"$binary":{"base64":"nwJNQNGdon3rN6xnL9rwgjQQoas=","subType":"0"}},"keyId":7660123826532909058}},"lsid":{"id":{"$uuid":"bf0b1e99-2238-40bb-9de9-5db2b9be2d37"}},"$readPreference":{"mode":"primaryPreferred"}},"totalOplogSlotDurationMicros":30005,"numYields":0,"queryHash":"869CED4F","planCacheKey":"333C0A17","queryFramework":"classic","locks":{"FeatureCompatibilityVersion":{"acquireCount":{"r":3,"w":6}},"ReplicationStateTransition":{"acquireCount":{"w":9}},"Global":{"acquireCount":{"r":3,"w":6}},"Database":{"acquireCount":{"r":2,"w":6}},"Collection":{"acquireCount":{"r":1,"w":4,"R":1,"W":2}},"Mutex":{"acquireCount":{"r":1}}},"flowControl":{"acquireCount":4},"storage":{},"cpuNanos":12066088,"durationMillis":106}}
{"t":{"$date":"2026-07-08T11:53:10.544+00:00"},"s":"I",  "c":"INDEX",    "id":20447,   "ctx":"conn13","msg":"Index build: completed","attr":{"buildUUID":{"uuid":{"$uuid":"dcdd911f-cb91-4e60-9f50-44f611192138"}}}}
{"t":{"$date":"2026-07-08T11:53:10.545+00:00"},"s":"I",  "c":"ACCESS",   "id":6788604, "ctx":"conn20","msg":"Auth metrics report","attr":{"metric":"acquireUser","micros":0}}
{"t":{"$date":"2026-07-08T11:53:10.546+00:00"},"s":"I",  "c":"ACCESS",   "id":5286306, "ctx":"conn20","msg":"Successfully authenticated","attr":{"client":"127.0.0.1:58858","isSpeculative":true,"isClusterMember":true,"mechanism":"SCRAM-SHA-256","user":"__system","db":"local","result":0,"metrics":{"conversation_duration":{"micros":1731,"summary":{"0":{"step":1,"step_total":3,"duration_micros":650},"1":{"step":2,"step_total":3,"duration_micros":24},"2":{"step":3,"step_total":3,"duration_micros":0}}}},"doc":{"driver":{"name":"NetworkInterfaceTL-ReplNetwork","version":"7.0.34"},"os":{"type":"Linux","name":"Ubuntu","architecture":"x86_64","version":"24.04"}},"extraInfo":{}}}
{"t":{"$date":"2026-07-08T11:53:10.548+00:00"},"s":"I",  "c":"COMMAND",  "id":51803,   "ctx":"conn13","msg":"Slow query","attr":{"type":"command","ns":"appsmith.plugin","command":{"createIndexes":"plugin","indexes":[{"key":{"createdAt":1},"name":"createdAt"}],"$db":"appsmith","$clusterTime":{"clusterTime":{"$timestamp":{"t":1783511590,"i":20}},"signature":{"hash":{"$binary":{"base64":"nwJNQNGdon3rN6xnL9rwgjQQoas=","subType":"0"}},"keyId":7660123826532909058}},"lsid":{"id":{"$uuid":"bf0b1e99-2238-40bb-9de9-5db2b9be2d37"}},"$readPreference":{"mode":"primaryPreferred"}},"numYields":0,"reslen":271,"locks":{"ParallelBatchWriterMode":{"acquireCount":{"r":4}},"FeatureCompatibilityVersion":{"acquireCount":{"r":3,"w":4}},"ReplicationStateTransition":{"acquireCount":{"w":7}},"Global":{"acquireCount":{"r":3,"w":4}},"Database":{"acquireCount":{"r":1,"w":3}},"Collection":{"acquireCount":{"r":1,"w":2,"W":1}},"Mutex":{"acquireCount":{"r":1}}},"flowControl":{"acquireCount":3},"readConcern":{"level":"local","provenance":"implicitDefault"},"writeConcern":{"w":"majority","wtimeout":0,"provenance":"implicitDefault"},"waitForWriteConcernDurationMillis":2,"storage":{},"cpuNanos":1081096,"remote":"127.0.0.1:58810","protocol":"op_msg","durationMillis":110}}
{"t":{"$date":"2026-07-08T11:53:10.553+00:00"},"s":"I",  "c":"INDEX",    "id":20438,   "ctx":"conn13","msg":"Index build: registering","attr":{"buildUUID":{"uuid":{"$uuid":"afb6dd56-df5a-4cb1-83bc-9d0d5e4e0b19"}},"namespace":"appsmith.plugin","collectionUUID":{"uuid":{"$uuid":"9787f747-3153-4ba4-b960-a81b9ecb2f16"}},"indexes":1,"firstIndex":{"name":"type"},"command":{"createIndexes":"plugin","v":2,"indexes":[{"key":{"type":1},"name":"type"}],"ignoreUnknownIndexOptions":false}}}
{"t":{"$date":"2026-07-08T11:53:10.567+00:00"},"s":"I",  "c":"INDEX",    "id":20384,   "ctx":"IndexBuildsCoordinatorMongod-0","msg":"Index build: starting","attr":{"buildUUID":{"uuid":{"$uuid":"afb6dd56-df5a-4cb1-83bc-9d0d5e4e0b19"}},"collectionUUID":{"uuid":{"$uuid":"9787f747-3153-4ba4-b960-a81b9ecb2f16"}},"namespace":"appsmith.plugin","properties":{"v":2,"key":{"type":1},"name":"type"},"specIndex":0,"numSpecs":1,"method":"Hybrid","ident":"index-50-5189528299374886471","collectionIdent":"collection-28-5189528299374886471","maxTemporaryMemoryUsageMB":200}}
{"t":{"$date":"2026-07-08T11:53:10.571+00:00"},"s":"I",  "c":"INDEX",    "id":20346,   "ctx":"IndexBuildsCoordinatorMongod-0","msg":"Index build: initialized","attr":{"buildUUID":{"uuid":{"$uuid":"afb6dd56-df5a-4cb1-83bc-9d0d5e4e0b19"}},"collectionUUID":{"uuid":{"$uuid":"9787f747-3153-4ba4-b960-a81b9ecb2f16"}},"namespace":"appsmith.plugin","initializationTimestamp":{"$timestamp":{"t":1783511590,"i":27}}}}
{"t":{"$date":"2026-07-08T11:53:10.572+00:00"},"s":"I",  "c":"STORAGE",  "id":4847600, "ctx":"IndexBuildsCoordinatorMongod-0","msg":"Index build: waiting for last optime before interceptors to be majority committed","attr":{"buildUUID":{"uuid":{"$uuid":"afb6dd56-df5a-4cb1-83bc-9d0d5e4e0b19"}},"collectionUUID":{"uuid":{"$uuid":"9787f747-3153-4ba4-b960-a81b9ecb2f16"}},"deadline":{"$date":"2026-07-08T11:53:20.572Z"},"timeoutMillis":10000,"lastOpTime":{"ts":{"$timestamp":{"t":1783511590,"i":27}},"t":2}}}
{"t":{"$date":"2026-07-08T11:53:10.572+00:00"},"s":"I",  "c":"INDEX",    "id":20440,   "ctx":"conn13","msg":"Index build: waiting for index build to complete","attr":{"buildUUID":{"uuid":{"$uuid":"afb6dd56-df5a-4cb1-83bc-9d0d5e4e0b19"}},"deadline":{"$date":{"$numberLong":"9223372036854775807"}}}}
{"t":{"$date":"2026-07-08T11:53:10.648+00:00"},"s":"I",  "c":"INDEX",    "id":20391,   "ctx":"IndexBuildsCoordinatorMongod-0","msg":"Index build: collection scan done","attr":{"buildUUID":{"uuid":{"$uuid":"afb6dd56-df5a-4cb1-83bc-9d0d5e4e0b19"}},"collectionUUID":{"uuid":{"$uuid":"9787f747-3153-4ba4-b960-a81b9ecb2f16"}},"namespace":"appsmith.plugin","totalRecords":3,"readSource":"kMajorityCommitted","durationMillis":0}}
{"t":{"$date":"2026-07-08T11:53:10.651+00:00"},"s":"I",  "c":"COMMAND",  "id":20685,   "ctx":"IndexBuildsCoordinatorMongod-0","msg":"Index build: inserted keys from external sorter into index","attr":{"namespace":"appsmith.plugin","index":"type","keysInserted":3,"durationMillis":2}}
{"t":{"$date":"2026-07-08T11:53:10.653+00:00"},"s":"I",  "c":"STORAGE",  "id":7568000, "ctx":"IndexBuildsCoordinatorMongod-0","msg":"Index build: vote for commit readiness","attr":{"buildUUID":{"uuid":{"$uuid":"afb6dd56-df5a-4cb1-83bc-9d0d5e4e0b19"}},"db":"appsmith","collectionUUID":{"uuid":{"$uuid":"9787f747-3153-4ba4-b960-a81b9ecb2f16"}}}}
{"t":{"$date":"2026-07-08T11:53:10.656+00:00"},"s":"I",  "c":"NETWORK",  "id":6788700, "ctx":"conn20","msg":"Received first command on ingress connection since session start or auth handshake","attr":{"elapsedMillis":109}}
{"t":{"$date":"2026-07-08T11:53:10.656+00:00"},"s":"I",  "c":"STORAGE",  "id":3856201, "ctx":"conn20","msg":"Index build: commit quorum satisfied","attr":{"indexBuildEntry":{"_id":{"$uuid":"afb6dd56-df5a-4cb1-83bc-9d0d5e4e0b19"},"collectionUUID":{"$uuid":"9787f747-3153-4ba4-b960-a81b9ecb2f16"},"commitQuorum":"votingMembers","indexNames":["type"],"commitReadyMembers":["localhost:27017"]}}}
{"t":{"$date":"2026-07-08T11:53:10.657+00:00"},"s":"I",  "c":"CONNPOOL", "id":22566,   "ctx":"ReplNetwork","msg":"Ending connection due to bad connection status","attr":{"hostAndPort":"localhost:27017","error":"CallbackCanceled: onInvoke :: caused by :: Callback was canceled","numOpenConns":0}}
{"t":{"$date":"2026-07-08T11:53:10.657+00:00"},"s":"I",  "c":"STORAGE",  "id":3856203, "ctx":"IndexBuildsCoordinatorMongod-0","msg":"Index build: waiting for next action before completing final phase","attr":{"buildUUID":{"uuid":{"$uuid":"afb6dd56-df5a-4cb1-83bc-9d0d5e4e0b19"}}}}
{"t":{"$date":"2026-07-08T11:53:10.657+00:00"},"s":"I",  "c":"STORAGE",  "id":3856204, "ctx":"IndexBuildsCoordinatorMongod-0","msg":"Index build: received signal","attr":{"buildUUID":{"uuid":{"$uuid":"afb6dd56-df5a-4cb1-83bc-9d0d5e4e0b19"}},"action":"Commit quorum Satisfied"}}
{"t":{"$date":"2026-07-08T11:53:10.658+00:00"},"s":"I",  "c":"INDEX",    "id":20345,   "ctx":"IndexBuildsCoordinatorMongod-0","msg":"Index build: done building","attr":{"buildUUID":{"uuid":{"$uuid":"afb6dd56-df5a-4cb1-83bc-9d0d5e4e0b19"}},"collectionUUID":{"uuid":{"$uuid":"9787f747-3153-4ba4-b960-a81b9ecb2f16"}},"namespace":"appsmith.plugin","index":"type","ident":"index-50-5189528299374886471","collectionIdent":"collection-28-5189528299374886471","commitTimestamp":{"$timestamp":{"t":1783511590,"i":29}}}}
{"t":{"$date":"2026-07-08T11:53:10.658+00:00"},"s":"I",  "c":"NETWORK",  "id":22943,   "ctx":"listener","msg":"Connection accepted","attr":{"remote":"127.0.0.1:58874","isLoadBalanced":false,"uuid":{"uuid":{"$uuid":"3ce6ce5c-c6cf-4ff2-b7b4-de274b7029fd"}},"connectionId":23,"connectionCount":9}}
{"t":{"$date":"2026-07-08T11:53:10.658+00:00"},"s":"I",  "c":"STORAGE",  "id":20663,   "ctx":"IndexBuildsCoordinatorMongod-0","msg":"Index build: completed successfully","attr":{"buildUUID":{"uuid":{"$uuid":"afb6dd56-df5a-4cb1-83bc-9d0d5e4e0b19"}},"collectionUUID":{"uuid":{"$uuid":"9787f747-3153-4ba4-b960-a81b9ecb2f16"}},"namespace":"appsmith.plugin","indexesBuilt":["type"],"numIndexesBefore":2,"numIndexesAfter":3}}
{"t":{"$date":"2026-07-08T11:53:10.659+00:00"},"s":"I",  "c":"NETWORK",  "id":51800,   "ctx":"conn23","msg":"client metadata","attr":{"remote":"127.0.0.1:58874","client":"conn23","negotiatedCompressors":["snappy","zstd","zlib"],"doc":{"driver":{"name":"NetworkInterfaceTL-ReplNetwork","version":"7.0.34"},"os":{"type":"Linux","name":"Ubuntu","architecture":"x86_64","version":"24.04"}}}}
{"t":{"$date":"2026-07-08T11:53:10.659+00:00"},"s":"I",  "c":"NETWORK",  "id":22944,   "ctx":"conn20","msg":"Connection ended","attr":{"remote":"127.0.0.1:58858","isLoadBalanced":false,"uuid":{"uuid":{"$uuid":"4110dd12-e0c9-489d-bf5d-91273cc19825"}},"connectionId":20,"connectionCount":8}}
{"t":{"$date":"2026-07-08T11:53:10.659+00:00"},"s":"I",  "c":"ACCESS",   "id":6788604, "ctx":"conn23","msg":"Auth metrics report","attr":{"metric":"acquireUser","micros":0}}
{"t":{"$date":"2026-07-08T11:53:10.659+00:00"},"s":"I",  "c":"STORAGE",  "id":51803,   "ctx":"IndexBuildsCoordinatorMongod-0","msg":"Slow query","attr":{"type":"none","ns":"appsmith.plugin","command":{"createIndexes":"plugin","indexes":[{"v":2,"key":{"type":1},"name":"type"}],"$db":"appsmith","$clusterTime":{"clusterTime":{"$timestamp":{"t":1783511590,"i":25}},"signature":{"hash":{"$binary":{"base64":"nwJNQNGdon3rN6xnL9rwgjQQoas=","subType":"0"}},"keyId":7660123826532909058}},"lsid":{"id":{"$uuid":"bf0b1e99-2238-40bb-9de9-5db2b9be2d37"}},"$readPreference":{"mode":"primaryPreferred"}},"totalOplogSlotDurationMicros":36629,"numYields":0,"queryHash":"869CED4F","planCacheKey":"333C0A17","queryFramework":"classic","locks":{"FeatureCompatibilityVersion":{"acquireCount":{"r":3,"w":6}},"ReplicationStateTransition":{"acquireCount":{"w":9}},"Global":{"acquireCount":{"r":3,"w":6}},"Database":{"acquireCount":{"r":2,"w":6}},"Collection":{"acquireCount":{"r":1,"w":4,"R":1,"W":2}},"Mutex":{"acquireCount":{"r":1}}},"flowControl":{"acquireCount":4},"storage":{},"cpuNanos":16359046,"durationMillis":105}}
{"t":{"$date":"2026-07-08T11:53:10.659+00:00"},"s":"I",  "c":"INDEX",    "id":20447,   "ctx":"conn13","msg":"Index build: completed","attr":{"buildUUID":{"uuid":{"$uuid":"afb6dd56-df5a-4cb1-83bc-9d0d5e4e0b19"}}}}
{"t":{"$date":"2026-07-08T11:53:10.660+00:00"},"s":"I",  "c":"ACCESS",   "id":5286306, "ctx":"conn23","msg":"Successfully authenticated","attr":{"client":"127.0.0.1:58874","isSpeculative":true,"isClusterMember":true,"mechanism":"SCRAM-SHA-256","user":"__system","db":"local","result":0,"metrics":{"conversation_duration":{"micros":1256,"summary":{"0":{"step":1,"step_total":3,"duration_micros":388},"1":{"step":2,"step_total":3,"duration_micros":17},"2":{"step":3,"step_total":3,"duration_micros":0}}}},"doc":{"driver":{"name":"NetworkInterfaceTL-ReplNetwork","version":"7.0.34"},"os":{"type":"Linux","name":"Ubuntu","architecture":"x86_64","version":"24.04"}},"extraInfo":{}}}
{"t":{"$date":"2026-07-08T11:53:10.661+00:00"},"s":"I",  "c":"COMMAND",  "id":51803,   "ctx":"conn13","msg":"Slow query","attr":{"type":"command","ns":"appsmith.plugin","command":{"createIndexes":"plugin","indexes":[{"key":{"type":1},"name":"type"}],"$db":"appsmith","$clusterTime":{"clusterTime":{"$timestamp":{"t":1783511590,"i":25}},"signature":{"hash":{"$binary":{"base64":"nwJNQNGdon3rN6xnL9rwgjQQoas=","subType":"0"}},"keyId":7660123826532909058}},"lsid":{"id":{"$uuid":"bf0b1e99-2238-40bb-9de9-5db2b9be2d37"}},"$readPreference":{"mode":"primaryPreferred"}},"numYields":0,"reslen":271,"locks":{"ParallelBatchWriterMode":{"acquireCount":{"r":4}},"FeatureCompatibilityVersion":{"acquireCount":{"r":3,"w":4}},"ReplicationStateTransition":{"acquireCount":{"w":7}},"Global":{"acquireCount":{"r":3,"w":4}},"Database":{"acquireCount":{"r":1,"w":3}},"Collection":{"acquireCount":{"r":1,"w":2,"W":1}},"Mutex":{"acquireCount":{"r":1}}},"flowControl":{"acquireCount":3},"readConcern":{"level":"local","provenance":"implicitDefault"},"writeConcern":{"w":"majority","wtimeout":0,"provenance":"implicitDefault"},"waitForWriteConcernDurationMillis":1,"storage":{},"cpuNanos":958907,"remote":"127.0.0.1:58810","protocol":"op_msg","durationMillis":108}}
{"t":{"$date":"2026-07-08T11:53:10.665+00:00"},"s":"I",  "c":"INDEX",    "id":20438,   "ctx":"conn13","msg":"Index build: registering","attr":{"buildUUID":{"uuid":{"$uuid":"2f7fed57-e66a-4bab-b87a-56cca5616488"}},"namespace":"appsmith.plugin","collectionUUID":{"uuid":{"$uuid":"9787f747-3153-4ba4-b960-a81b9ecb2f16"}},"indexes":1,"firstIndex":{"name":"packageName"},"command":{"createIndexes":"plugin","v":2,"indexes":[{"key":{"packageName":1},"name":"packageName","unique":true}],"ignoreUnknownIndexOptions":false}}}
{"t":{"$date":"2026-07-08T11:53:10.683+00:00"},"s":"I",  "c":"INDEX",    "id":20384,   "ctx":"IndexBuildsCoordinatorMongod-0","msg":"Index build: starting","attr":{"buildUUID":{"uuid":{"$uuid":"2f7fed57-e66a-4bab-b87a-56cca5616488"}},"collectionUUID":{"uuid":{"$uuid":"9787f747-3153-4ba4-b960-a81b9ecb2f16"}},"namespace":"appsmith.plugin","properties":{"v":2,"unique":true,"key":{"packageName":1},"name":"packageName"},"specIndex":0,"numSpecs":1,"method":"Hybrid","ident":"index-52-5189528299374886471","collectionIdent":"collection-28-5189528299374886471","maxTemporaryMemoryUsageMB":200}}
{"t":{"$date":"2026-07-08T11:53:10.683+00:00"},"s":"I",  "c":"INDEX",    "id":20346,   "ctx":"IndexBuildsCoordinatorMongod-0","msg":"Index build: initialized","attr":{"buildUUID":{"uuid":{"$uuid":"2f7fed57-e66a-4bab-b87a-56cca5616488"}},"collectionUUID":{"uuid":{"$uuid":"9787f747-3153-4ba4-b960-a81b9ecb2f16"}},"namespace":"appsmith.plugin","initializationTimestamp":{"$timestamp":{"t":1783511590,"i":32}}}}
{"t":{"$date":"2026-07-08T11:53:10.683+00:00"},"s":"I",  "c":"STORAGE",  "id":4847600, "ctx":"IndexBuildsCoordinatorMongod-0","msg":"Index build: waiting for last optime before interceptors to be majority committed","attr":{"buildUUID":{"uuid":{"$uuid":"2f7fed57-e66a-4bab-b87a-56cca5616488"}},"collectionUUID":{"uuid":{"$uuid":"9787f747-3153-4ba4-b960-a81b9ecb2f16"}},"deadline":{"$date":"2026-07-08T11:53:20.683Z"},"timeoutMillis":10000,"lastOpTime":{"ts":{"$timestamp":{"t":1783511590,"i":32}},"t":2}}}
{"t":{"$date":"2026-07-08T11:53:10.684+00:00"},"s":"I",  "c":"INDEX",    "id":20440,   "ctx":"conn13","msg":"Index build: waiting for index build to complete","attr":{"buildUUID":{"uuid":{"$uuid":"2f7fed57-e66a-4bab-b87a-56cca5616488"}},"deadline":{"$date":{"$numberLong":"9223372036854775807"}}}}
{"t":{"$date":"2026-07-08T11:53:10.762+00:00"},"s":"I",  "c":"INDEX",    "id":20391,   "ctx":"IndexBuildsCoordinatorMongod-0","msg":"Index build: collection scan done","attr":{"buildUUID":{"uuid":{"$uuid":"2f7fed57-e66a-4bab-b87a-56cca5616488"}},"collectionUUID":{"uuid":{"$uuid":"9787f747-3153-4ba4-b960-a81b9ecb2f16"}},"namespace":"appsmith.plugin","totalRecords":3,"readSource":"kMajorityCommitted","durationMillis":0}}
{"t":{"$date":"2026-07-08T11:53:10.765+00:00"},"s":"I",  "c":"COMMAND",  "id":20685,   "ctx":"IndexBuildsCoordinatorMongod-0","msg":"Index build: inserted keys from external sorter into index","attr":{"namespace":"appsmith.plugin","index":"packageName","keysInserted":3,"durationMillis":2}}
{"t":{"$date":"2026-07-08T11:53:10.767+00:00"},"s":"I",  "c":"STORAGE",  "id":7568000, "ctx":"IndexBuildsCoordinatorMongod-0","msg":"Index build: vote for commit readiness","attr":{"buildUUID":{"uuid":{"$uuid":"2f7fed57-e66a-4bab-b87a-56cca5616488"}},"db":"appsmith","collectionUUID":{"uuid":{"$uuid":"9787f747-3153-4ba4-b960-a81b9ecb2f16"}}}}
{"t":{"$date":"2026-07-08T11:53:10.770+00:00"},"s":"I",  "c":"NETWORK",  "id":6788700, "ctx":"conn23","msg":"Received first command on ingress connection since session start or auth handshake","attr":{"elapsedMillis":109}}
{"t":{"$date":"2026-07-08T11:53:10.770+00:00"},"s":"I",  "c":"STORAGE",  "id":3856201, "ctx":"conn23","msg":"Index build: commit quorum satisfied","attr":{"indexBuildEntry":{"_id":{"$uuid":"2f7fed57-e66a-4bab-b87a-56cca5616488"},"collectionUUID":{"$uuid":"9787f747-3153-4ba4-b960-a81b9ecb2f16"},"commitQuorum":"votingMembers","indexNames":["packageName"],"commitReadyMembers":["localhost:27017"]}}}
{"t":{"$date":"2026-07-08T11:53:10.771+00:00"},"s":"I",  "c":"CONNPOOL", "id":22566,   "ctx":"ReplNetwork","msg":"Ending connection due to bad connection status","attr":{"hostAndPort":"localhost:27017","error":"CallbackCanceled: onInvoke :: caused by :: Callback was canceled","numOpenConns":0}}
{"t":{"$date":"2026-07-08T11:53:10.771+00:00"},"s":"I",  "c":"STORAGE",  "id":3856203, "ctx":"IndexBuildsCoordinatorMongod-0","msg":"Index build: waiting for next action before completing final phase","attr":{"buildUUID":{"uuid":{"$uuid":"2f7fed57-e66a-4bab-b87a-56cca5616488"}}}}
{"t":{"$date":"2026-07-08T11:53:10.771+00:00"},"s":"I",  "c":"STORAGE",  "id":3856204, "ctx":"IndexBuildsCoordinatorMongod-0","msg":"Index build: received signal","attr":{"buildUUID":{"uuid":{"$uuid":"2f7fed57-e66a-4bab-b87a-56cca5616488"}},"action":"Commit quorum Satisfied"}}
{"t":{"$date":"2026-07-08T11:53:10.772+00:00"},"s":"I",  "c":"NETWORK",  "id":22943,   "ctx":"listener","msg":"Connection accepted","attr":{"remote":"127.0.0.1:58888","isLoadBalanced":false,"uuid":{"uuid":{"$uuid":"776d387b-8594-4432-8b8e-fa8b5116a534"}},"connectionId":25,"connectionCount":9}}
{"t":{"$date":"2026-07-08T11:53:10.772+00:00"},"s":"I",  "c":"NETWORK",  "id":51800,   "ctx":"conn25","msg":"client metadata","attr":{"remote":"127.0.0.1:58888","client":"conn25","negotiatedCompressors":["snappy","zstd","zlib"],"doc":{"driver":{"name":"NetworkInterfaceTL-ReplNetwork","version":"7.0.34"},"os":{"type":"Linux","name":"Ubuntu","architecture":"x86_64","version":"24.04"}}}}
{"t":{"$date":"2026-07-08T11:53:10.773+00:00"},"s":"I",  "c":"NETWORK",  "id":22944,   "ctx":"conn23","msg":"Connection ended","attr":{"remote":"127.0.0.1:58874","isLoadBalanced":false,"uuid":{"uuid":{"$uuid":"3ce6ce5c-c6cf-4ff2-b7b4-de274b7029fd"}},"connectionId":23,"connectionCount":8}}
{"t":{"$date":"2026-07-08T11:53:10.773+00:00"},"s":"I",  "c":"ACCESS",   "id":6788604, "ctx":"conn25","msg":"Auth metrics report","attr":{"metric":"acquireUser","micros":0}}
{"t":{"$date":"2026-07-08T11:53:10.774+00:00"},"s":"I",  "c":"ACCESS",   "id":5286306, "ctx":"conn25","msg":"Successfully authenticated","attr":{"client":"127.0.0.1:58888","isSpeculative":true,"isClusterMember":true,"mechanism":"SCRAM-SHA-256","user":"__system","db":"local","result":0,"metrics":{"conversation_duration":{"micros":1404,"summary":{"0":{"step":1,"step_total":3,"duration_micros":502},"1":{"step":2,"step_total":3,"duration_micros":22},"2":{"step":3,"step_total":3,"duration_micros":1}}}},"doc":{"driver":{"name":"NetworkInterfaceTL-ReplNetwork","version":"7.0.34"},"os":{"type":"Linux","name":"Ubuntu","architecture":"x86_64","version":"24.04"}},"extraInfo":{}}}
{"t":{"$date":"2026-07-08T11:53:10.776+00:00"},"s":"I",  "c":"INDEX",    "id":20345,   "ctx":"IndexBuildsCoordinatorMongod-0","msg":"Index build: done building","attr":{"buildUUID":{"uuid":{"$uuid":"2f7fed57-e66a-4bab-b87a-56cca5616488"}},"collectionUUID":{"uuid":{"$uuid":"9787f747-3153-4ba4-b960-a81b9ecb2f16"}},"namespace":"appsmith.plugin","index":"packageName","ident":"index-52-5189528299374886471","collectionIdent":"collection-28-5189528299374886471","commitTimestamp":{"$timestamp":{"t":1783511590,"i":34}}}}
{"t":{"$date":"2026-07-08T11:53:10.776+00:00"},"s":"I",  "c":"STORAGE",  "id":20663,   "ctx":"IndexBuildsCoordinatorMongod-0","msg":"Index build: completed successfully","attr":{"buildUUID":{"uuid":{"$uuid":"2f7fed57-e66a-4bab-b87a-56cca5616488"}},"collectionUUID":{"uuid":{"$uuid":"9787f747-3153-4ba4-b960-a81b9ecb2f16"}},"namespace":"appsmith.plugin","indexesBuilt":["packageName"],"numIndexesBefore":3,"numIndexesAfter":4}}
{"t":{"$date":"2026-07-08T11:53:10.777+00:00"},"s":"I",  "c":"INDEX",    "id":20447,   "ctx":"conn13","msg":"Index build: completed","attr":{"buildUUID":{"uuid":{"$uuid":"2f7fed57-e66a-4bab-b87a-56cca5616488"}}}}
{"t":{"$date":"2026-07-08T11:53:10.777+00:00"},"s":"I",  "c":"STORAGE",  "id":51803,   "ctx":"IndexBuildsCoordinatorMongod-0","msg":"Slow query","attr":{"type":"none","ns":"appsmith.plugin","command":{"createIndexes":"plugin","indexes":[{"v":2,"unique":true,"key":{"packageName":1},"name":"packageName"}],"$db":"appsmith","$clusterTime":{"clusterTime":{"$timestamp":{"t":1783511590,"i":30}},"signature":{"hash":{"$binary":{"base64":"nwJNQNGdon3rN6xnL9rwgjQQoas=","subType":"0"}},"keyId":7660123826532909058}},"lsid":{"id":{"$uuid":"bf0b1e99-2238-40bb-9de9-5db2b9be2d37"}},"$readPreference":{"mode":"primaryPreferred"}},"totalOplogSlotDurationMicros":40145,"numYields":0,"queryHash":"869CED4F","planCacheKey":"333C0A17","queryFramework":"classic","locks":{"FeatureCompatibilityVersion":{"acquireCount":{"r":3,"w":6}},"ReplicationStateTransition":{"acquireCount":{"w":9}},"Global":{"acquireCount":{"r":3,"w":6}},"Database":{"acquireCount":{"r":2,"w":6}},"Collection":{"acquireCount":{"r":1,"w":4,"R":1,"W":2}},"Mutex":{"acquireCount":{"r":1}}},"flowControl":{"acquireCount":4},"storage":{},"cpuNanos":17529529,"durationMillis":111}}
{"t":{"$date":"2026-07-08T11:53:10.778+00:00"},"s":"I",  "c":"COMMAND",  "id":51803,   "ctx":"conn13","msg":"Slow query","attr":{"type":"command","ns":"appsmith.plugin","command":{"createIndexes":"plugin","indexes":[{"key":{"packageName":1},"name":"packageName","unique":true}],"$db":"appsmith","$clusterTime":{"clusterTime":{"$timestamp":{"t":1783511590,"i":30}},"signature":{"hash":{"$binary":{"base64":"nwJNQNGdon3rN6xnL9rwgjQQoas=","subType":"0"}},"keyId":7660123826532909058}},"lsid":{"id":{"$uuid":"bf0b1e99-2238-40bb-9de9-5db2b9be2d37"}},"$readPreference":{"mode":"primaryPreferred"}},"numYields":0,"reslen":271,"locks":{"ParallelBatchWriterMode":{"acquireCount":{"r":4}},"FeatureCompatibilityVersion":{"acquireCount":{"r":3,"w":4}},"ReplicationStateTransition":{"acquireCount":{"w":7}},"Global":{"acquireCount":{"r":3,"w":4}},"Database":{"acquireCount":{"r":1,"w":3}},"Collection":{"acquireCount":{"r":1,"w":2,"W":1}},"Mutex":{"acquireCount":{"r":1}}},"flowControl":{"acquireCount":3},"readConcern":{"level":"local","provenance":"implicitDefault"},"writeConcern":{"w":"majority","wtimeout":0,"provenance":"implicitDefault"},"waitForWriteConcernDurationMillis":1,"storage":{},"cpuNanos":1000888,"remote":"127.0.0.1:58810","protocol":"op_msg","durationMillis":113}}
{"t":{"$date":"2026-07-08T11:53:10.783+00:00"},"s":"I",  "c":"STORAGE",  "id":20320,   "ctx":"conn13","msg":"createCollection","attr":{"namespace":"appsmith.user","uuidDisposition":"generated","uuid":{"uuid":{"$uuid":"0e0827c6-4036-4a02-be4a-47647fd17b05"}},"options":{}}}
{"t":{"$date":"2026-07-08T11:53:10.796+00:00"},"s":"I",  "c":"REPL",     "id":7360103, "ctx":"conn13","msg":"Wrote oplog entry for create","attr":{"namespace":"appsmith.$cmd","uuid":{"uuid":{"$uuid":"0e0827c6-4036-4a02-be4a-47647fd17b05"}},"opTime":{"ts":{"$timestamp":{"t":1783511590,"i":36}},"t":2},"object":{"create":"user","idIndex":{"v":2,"key":{"_id":1},"name":"_id_"}}}}
{"t":{"$date":"2026-07-08T11:53:10.796+00:00"},"s":"I",  "c":"REPL",     "id":7360101, "ctx":"conn13","msg":"Wrote oplog entry for createIndexes","attr":{"namespace":"appsmith.$cmd","uuid":{"uuid":{"$uuid":"0e0827c6-4036-4a02-be4a-47647fd17b05"}},"opTime":{"ts":{"$timestamp":{"t":1783511590,"i":37}},"t":2},"object":{"createIndexes":"user","v":2,"key":{"createdAt":1},"name":"createdAt"}}}
{"t":{"$date":"2026-07-08T11:53:10.803+00:00"},"s":"I",  "c":"INDEX",    "id":20345,   "ctx":"conn13","msg":"Index build: done building","attr":{"buildUUID":null,"collectionUUID":{"uuid":{"$uuid":"0e0827c6-4036-4a02-be4a-47647fd17b05"}},"namespace":"appsmith.user","index":"_id_","ident":"index-56-5189528299374886471","collectionIdent":"collection-55-5189528299374886471","commitTimestamp":{"$timestamp":{"t":1783511590,"i":37}}}}
{"t":{"$date":"2026-07-08T11:53:10.803+00:00"},"s":"I",  "c":"INDEX",    "id":20345,   "ctx":"conn13","msg":"Index build: done building","attr":{"buildUUID":null,"collectionUUID":{"uuid":{"$uuid":"0e0827c6-4036-4a02-be4a-47647fd17b05"}},"namespace":"appsmith.user","index":"createdAt","ident":"index-57-5189528299374886471","collectionIdent":"collection-55-5189528299374886471","commitTimestamp":{"$timestamp":{"t":1783511590,"i":37}}}}
{"t":{"$date":"2026-07-08T11:53:10.808+00:00"},"s":"I",  "c":"INDEX",    "id":20438,   "ctx":"conn13","msg":"Index build: registering","attr":{"buildUUID":{"uuid":{"$uuid":"7240dda6-9747-4c45-9b26-ea18fc579a1c"}},"namespace":"appsmith.user","collectionUUID":{"uuid":{"$uuid":"0e0827c6-4036-4a02-be4a-47647fd17b05"}},"indexes":1,"firstIndex":{"name":"email"},"command":{"createIndexes":"user","v":2,"indexes":[{"key":{"email":1},"name":"email","unique":true}],"ignoreUnknownIndexOptions":false}}}
{"t":{"$date":"2026-07-08T11:53:10.808+00:00"},"s":"I",  "c":"REPL",     "id":7360101, "ctx":"conn13","msg":"Wrote oplog entry for createIndexes","attr":{"namespace":"appsmith.$cmd","uuid":{"uuid":{"$uuid":"0e0827c6-4036-4a02-be4a-47647fd17b05"}},"opTime":{"ts":{"$timestamp":{"t":1783511590,"i":38}},"t":2},"object":{"createIndexes":"user","v":2,"unique":true,"key":{"email":1},"name":"email"}}}
{"t":{"$date":"2026-07-08T11:53:10.815+00:00"},"s":"I",  "c":"INDEX",    "id":20345,   "ctx":"conn13","msg":"Index build: done building","attr":{"buildUUID":null,"collectionUUID":{"uuid":{"$uuid":"0e0827c6-4036-4a02-be4a-47647fd17b05"}},"namespace":"appsmith.user","index":"email","ident":"index-58-5189528299374886471","collectionIdent":"collection-55-5189528299374886471","commitTimestamp":{"$timestamp":{"t":1783511590,"i":38}}}}
{"t":{"$date":"2026-07-08T11:53:10.815+00:00"},"s":"I",  "c":"INDEX",    "id":20440,   "ctx":"conn13","msg":"Index build: waiting for index build to complete","attr":{"buildUUID":{"uuid":{"$uuid":"7240dda6-9747-4c45-9b26-ea18fc579a1c"}},"deadline":{"$date":{"$numberLong":"9223372036854775807"}}}}
{"t":{"$date":"2026-07-08T11:53:10.815+00:00"},"s":"I",  "c":"INDEX",    "id":20447,   "ctx":"conn13","msg":"Index build: completed","attr":{"buildUUID":{"uuid":{"$uuid":"7240dda6-9747-4c45-9b26-ea18fc579a1c"}}}}
{"t":{"$date":"2026-07-08T11:53:10.823+00:00"},"s":"I",  "c":"STORAGE",  "id":20320,   "ctx":"conn13","msg":"createCollection","attr":{"namespace":"appsmith.sequence","uuidDisposition":"generated","uuid":{"uuid":{"$uuid":"53e9c80d-958b-4978-aca5-7b473a5245fa"}},"options":{}}}
{"t":{"$date":"2026-07-08T11:53:10.840+00:00"},"s":"I",  "c":"REPL",     "id":7360103, "ctx":"conn13","msg":"Wrote oplog entry for create","attr":{"namespace":"appsmith.$cmd","uuid":{"uuid":{"$uuid":"53e9c80d-958b-4978-aca5-7b473a5245fa"}},"opTime":{"ts":{"$timestamp":{"t":1783511590,"i":39}},"t":2},"object":{"create":"sequence","idIndex":{"v":2,"key":{"_id":1},"name":"_id_"}}}}
{"t":{"$date":"2026-07-08T11:53:10.841+00:00"},"s":"I",  "c":"REPL",     "id":7360101, "ctx":"conn13","msg":"Wrote oplog entry for createIndexes","attr":{"namespace":"appsmith.$cmd","uuid":{"uuid":{"$uuid":"53e9c80d-958b-4978-aca5-7b473a5245fa"}},"opTime":{"ts":{"$timestamp":{"t":1783511590,"i":40}},"t":2},"object":{"createIndexes":"sequence","v":2,"unique":true,"key":{"name":1},"name":"name"}}}
{"t":{"$date":"2026-07-08T11:53:10.852+00:00"},"s":"I",  "c":"INDEX",    "id":20345,   "ctx":"conn13","msg":"Index build: done building","attr":{"buildUUID":null,"collectionUUID":{"uuid":{"$uuid":"53e9c80d-958b-4978-aca5-7b473a5245fa"}},"namespace":"appsmith.sequence","index":"_id_","ident":"index-60-5189528299374886471","collectionIdent":"collection-59-5189528299374886471","commitTimestamp":{"$timestamp":{"t":1783511590,"i":40}}}}
{"t":{"$date":"2026-07-08T11:53:10.853+00:00"},"s":"I",  "c":"INDEX",    "id":20345,   "ctx":"conn13","msg":"Index build: done building","attr":{"buildUUID":null,"collectionUUID":{"uuid":{"$uuid":"53e9c80d-958b-4978-aca5-7b473a5245fa"}},"namespace":"appsmith.sequence","index":"name","ident":"index-61-5189528299374886471","collectionIdent":"collection-59-5189528299374886471","commitTimestamp":{"$timestamp":{"t":1783511590,"i":40}}}}
{"t":{"$date":"2026-07-08T11:53:11.230+00:00"},"s":"I",  "c":"COMMAND",  "id":51806,   "ctx":"conn13","msg":"CMD: dropIndexes","attr":{"namespace":"appsmith.passwordResetToken","uuid":{"uuid":{"$uuid":"a4c486bd-eb34-4bce-b8ae-5b36423aad2d"}},"indexes":"createdAt"}}
{"t":{"$date":"2026-07-08T11:53:11.231+00:00"},"s":"I",  "c":"REPL",     "id":7360107, "ctx":"conn13","msg":"Wrote oplog entry for dropIndexes","attr":{"namespace":"appsmith.$cmd","uuid":{"uuid":{"$uuid":"a4c486bd-eb34-4bce-b8ae-5b36423aad2d"}},"opTime":{"ts":{"$timestamp":{"t":1783511591,"i":8}},"t":2},"object":{"dropIndexes":"passwordResetToken","index":"createdAt"}}}
{"t":{"$date":"2026-07-08T11:53:11.232+00:00"},"s":"I",  "c":"STORAGE",  "id":22206,   "ctx":"conn13","msg":"Deferring table drop for index","attr":{"index":"createdAt","namespace":"appsmith.passwordResetToken","uuid":{"uuid":{"$uuid":"a4c486bd-eb34-4bce-b8ae-5b36423aad2d"}},"ident":"index-46-5189528299374886471","dropTime":{"":{"$timestamp":{"t":1783511591,"i":8}}}}}
{"t":{"$date":"2026-07-08T11:53:11.242+00:00"},"s":"I",  "c":"COMMAND",  "id":51806,   "ctx":"conn13","msg":"CMD: dropIndexes","attr":{"namespace":"appsmith.passwordResetToken","uuid":{"uuid":{"$uuid":"a4c486bd-eb34-4bce-b8ae-5b36423aad2d"}},"indexes":"email"}}
{"t":{"$date":"2026-07-08T11:53:11.242+00:00"},"s":"I",  "c":"REPL",     "id":7360107, "ctx":"conn13","msg":"Wrote oplog entry for dropIndexes","attr":{"namespace":"appsmith.$cmd","uuid":{"uuid":{"$uuid":"a4c486bd-eb34-4bce-b8ae-5b36423aad2d"}},"opTime":{"ts":{"$timestamp":{"t":1783511591,"i":9}},"t":2},"object":{"dropIndexes":"passwordResetToken","index":"email"}}}
{"t":{"$date":"2026-07-08T11:53:11.243+00:00"},"s":"I",  "c":"STORAGE",  "id":22206,   "ctx":"conn13","msg":"Deferring table drop for index","attr":{"index":"email","namespace":"appsmith.passwordResetToken","uuid":{"uuid":{"$uuid":"a4c486bd-eb34-4bce-b8ae-5b36423aad2d"}},"ident":"index-47-5189528299374886471","dropTime":{"":{"$timestamp":{"t":1783511591,"i":9}}}}}
{"t":{"$date":"2026-07-08T11:53:11.252+00:00"},"s":"I",  "c":"INDEX",    "id":20438,   "ctx":"conn13","msg":"Index build: registering","attr":{"buildUUID":{"uuid":{"$uuid":"ce5f8a4e-31d7-467e-8ed3-a04adaa368bb"}},"namespace":"appsmith.passwordResetToken","collectionUUID":{"uuid":{"$uuid":"a4c486bd-eb34-4bce-b8ae-5b36423aad2d"}},"indexes":1,"firstIndex":{"name":"createdAt"},"command":{"createIndexes":"passwordResetToken","v":2,"indexes":[{"key":{"createdAt":1},"name":"createdAt","expireAfterSeconds":172800}],"ignoreUnknownIndexOptions":false}}}
{"t":{"$date":"2026-07-08T11:53:11.253+00:00"},"s":"I",  "c":"REPL",     "id":7360101, "ctx":"conn13","msg":"Wrote oplog entry for createIndexes","attr":{"namespace":"appsmith.$cmd","uuid":{"uuid":{"$uuid":"a4c486bd-eb34-4bce-b8ae-5b36423aad2d"}},"opTime":{"ts":{"$timestamp":{"t":1783511591,"i":10}},"t":2},"object":{"createIndexes":"passwordResetToken","v":2,"key":{"createdAt":1},"name":"createdAt","expireAfterSeconds":172800}}}
{"t":{"$date":"2026-07-08T11:53:11.287+00:00"},"s":"I",  "c":"INDEX",    "id":20345,   "ctx":"conn13","msg":"Index build: done building","attr":{"buildUUID":null,"collectionUUID":{"uuid":{"$uuid":"a4c486bd-eb34-4bce-b8ae-5b36423aad2d"}},"namespace":"appsmith.passwordResetToken","index":"createdAt","ident":"index-62-5189528299374886471","collectionIdent":"collection-44-5189528299374886471","commitTimestamp":{"$timestamp":{"t":1783511591,"i":10}}}}
{"t":{"$date":"2026-07-08T11:53:11.289+00:00"},"s":"I",  "c":"INDEX",    "id":20440,   "ctx":"conn13","msg":"Index build: waiting for index build to complete","attr":{"buildUUID":{"uuid":{"$uuid":"ce5f8a4e-31d7-467e-8ed3-a04adaa368bb"}},"deadline":{"$date":{"$numberLong":"9223372036854775807"}}}}
{"t":{"$date":"2026-07-08T11:53:11.290+00:00"},"s":"I",  "c":"INDEX",    "id":20447,   "ctx":"conn13","msg":"Index build: completed","attr":{"buildUUID":{"uuid":{"$uuid":"ce5f8a4e-31d7-467e-8ed3-a04adaa368bb"}}}}
{"t":{"$date":"2026-07-08T11:53:11.299+00:00"},"s":"I",  "c":"INDEX",    "id":20438,   "ctx":"conn13","msg":"Index build: registering","attr":{"buildUUID":{"uuid":{"$uuid":"cd079d72-ee02-439b-8634-fabf1ff2e947"}},"namespace":"appsmith.passwordResetToken","collectionUUID":{"uuid":{"$uuid":"a4c486bd-eb34-4bce-b8ae-5b36423aad2d"}},"indexes":1,"firstIndex":{"name":"email"},"command":{"createIndexes":"passwordResetToken","v":2,"indexes":[{"key":{"email":1},"name":"email","unique":true}],"ignoreUnknownIndexOptions":false}}}
{"t":{"$date":"2026-07-08T11:53:11.300+00:00"},"s":"I",  "c":"REPL",     "id":7360101, "ctx":"conn13","msg":"Wrote oplog entry for createIndexes","attr":{"namespace":"appsmith.$cmd","uuid":{"uuid":{"$uuid":"a4c486bd-eb34-4bce-b8ae-5b36423aad2d"}},"opTime":{"ts":{"$timestamp":{"t":1783511591,"i":11}},"t":2},"object":{"createIndexes":"passwordResetToken","v":2,"unique":true,"key":{"email":1},"name":"email"}}}
{"t":{"$date":"2026-07-08T11:53:11.334+00:00"},"s":"I",  "c":"STORAGE",  "id":22260,   "ctx":"TimestampMonitor","msg":"Removing drop-pending idents with drop timestamps before timestamp","attr":{"timestamp":{"$timestamp":{"t":1783511546,"i":1}}}}
{"t":{"$date":"2026-07-08T11:53:11.334+00:00"},"s":"I",  "c":"STORAGE",  "id":22237,   "ctx":"TimestampMonitor","msg":"Completing drop for ident","attr":{"ident":"internal-40-5189528299374886471","dropTimestamp":{"$timestamp":{"t":0,"i":0}}}}
{"t":{"$date":"2026-07-08T11:53:11.601+00:00"},"s":"I",  "c":"INDEX",    "id":20345,   "ctx":"conn13","msg":"Index build: done building","attr":{"buildUUID":null,"collectionUUID":{"uuid":{"$uuid":"a4c486bd-eb34-4bce-b8ae-5b36423aad2d"}},"namespace":"appsmith.passwordResetToken","index":"email","ident":"index-63-5189528299374886471","collectionIdent":"collection-44-5189528299374886471","commitTimestamp":{"$timestamp":{"t":1783511591,"i":11}}}}
{"t":{"$date":"2026-07-08T11:53:11.603+00:00"},"s":"I",  "c":"INDEX",    "id":20440,   "ctx":"conn13","msg":"Index build: waiting for index build to complete","attr":{"buildUUID":{"uuid":{"$uuid":"cd079d72-ee02-439b-8634-fabf1ff2e947"}},"deadline":{"$date":{"$numberLong":"9223372036854775807"}}}}
{"t":{"$date":"2026-07-08T11:53:11.603+00:00"},"s":"I",  "c":"INDEX",    "id":20447,   "ctx":"conn13","msg":"Index build: completed","attr":{"buildUUID":{"uuid":{"$uuid":"cd079d72-ee02-439b-8634-fabf1ff2e947"}}}}
{"t":{"$date":"2026-07-08T11:53:11.602+00:00"},"s":"I",  "c":"STORAGE",  "id":6776600, "ctx":"TimestampMonitor","msg":"The ident was successfully dropped","attr":{"ident":"internal-40-5189528299374886471","dropTimestamp":{"$timestamp":{"t":0,"i":0}}}}
{"t":{"$date":"2026-07-08T11:53:11.604+00:00"},"s":"I",  "c":"STORAGE",  "id":22237,   "ctx":"TimestampMonitor","msg":"Completing drop for ident","attr":{"ident":"internal-39-5189528299374886471","dropTimestamp":{"$timestamp":{"t":0,"i":0}}}}
{"t":{"$date":"2026-07-08T11:53:11.608+00:00"},"s":"I",  "c":"STORAGE",  "id":6776600, "ctx":"TimestampMonitor","msg":"The ident was successfully dropped","attr":{"ident":"internal-39-5189528299374886471","dropTimestamp":{"$timestamp":{"t":0,"i":0}}}}
{"t":{"$date":"2026-07-08T11:53:11.609+00:00"},"s":"I",  "c":"STORAGE",  "id":22237,   "ctx":"TimestampMonitor","msg":"Completing drop for ident","attr":{"ident":"internal-49-5189528299374886471","dropTimestamp":{"$timestamp":{"t":0,"i":0}}}}
{"t":{"$date":"2026-07-08T11:53:11.610+00:00"},"s":"I",  "c":"COMMAND",  "id":51803,   "ctx":"conn13","msg":"Slow query","attr":{"type":"command","ns":"appsmith.passwordResetToken","command":{"createIndexes":"passwordResetToken","indexes":[{"key":{"email":1},"name":"email","unique":true}],"$db":"appsmith","$clusterTime":{"clusterTime":{"$timestamp":{"t":1783511591,"i":10}},"signature":{"hash":{"$binary":{"base64":"EbqKr/c4QWrN5cySYmi+WpT/kb8=","subType":"0"}},"keyId":7660123826532909058}},"lsid":{"id":{"$uuid":"bf0b1e99-2238-40bb-9de9-5db2b9be2d37"}},"$readPreference":{"mode":"primaryPreferred"}},"totalOplogSlotDurationMicros":300930,"numYields":0,"reslen":271,"locks":{"ParallelBatchWriterMode":{"acquireCount":{"r":4}},"FeatureCompatibilityVersion":{"acquireCount":{"r":3,"w":4}},"ReplicationStateTransition":{"acquireCount":{"w":7}},"Global":{"acquireCount":{"r":3,"w":4}},"Database":{"acquireCount":{"r":1,"w":3}},"Collection":{"acquireCount":{"r":1,"w":2,"W":1}},"Mutex":{"acquireCount":{"r":1}}},"flowControl":{"acquireCount":3},"readConcern":{"level":"local","provenance":"implicitDefault"},"writeConcern":{"w":"majority","wtimeout":0,"provenance":"implicitDefault"},"waitForWriteConcernDurationMillis":5,"storage":{},"cpuNanos":294688238,"remote":"127.0.0.1:58810","protocol":"op_msg","durationMillis":310}}
{"t":{"$date":"2026-07-08T11:53:11.613+00:00"},"s":"I",  "c":"STORAGE",  "id":6776600, "ctx":"TimestampMonitor","msg":"The ident was successfully dropped","attr":{"ident":"internal-49-5189528299374886471","dropTimestamp":{"$timestamp":{"t":0,"i":0}}}}
{"t":{"$date":"2026-07-08T11:53:11.614+00:00"},"s":"I",  "c":"STORAGE",  "id":22237,   "ctx":"TimestampMonitor","msg":"Completing drop for ident","attr":{"ident":"internal-51-5189528299374886471","dropTimestamp":{"$timestamp":{"t":0,"i":0}}}}
{"t":{"$date":"2026-07-08T11:53:11.622+00:00"},"s":"I",  "c":"STORAGE",  "id":6776600, "ctx":"TimestampMonitor","msg":"The ident was successfully dropped","attr":{"ident":"internal-51-5189528299374886471","dropTimestamp":{"$timestamp":{"t":0,"i":0}}}}
{"t":{"$date":"2026-07-08T11:53:11.623+00:00"},"s":"I",  "c":"STORAGE",  "id":22237,   "ctx":"TimestampMonitor","msg":"Completing drop for ident","attr":{"ident":"internal-54-5189528299374886471","dropTimestamp":{"$timestamp":{"t":0,"i":0}}}}
{"t":{"$date":"2026-07-08T11:53:11.626+00:00"},"s":"I",  "c":"STORAGE",  "id":6776600, "ctx":"TimestampMonitor","msg":"The ident was successfully dropped","attr":{"ident":"internal-54-5189528299374886471","dropTimestamp":{"$timestamp":{"t":0,"i":0}}}}
{"t":{"$date":"2026-07-08T11:53:11.627+00:00"},"s":"I",  "c":"STORAGE",  "id":22237,   "ctx":"TimestampMonitor","msg":"Completing drop for ident","attr":{"ident":"internal-53-5189528299374886471","dropTimestamp":{"$timestamp":{"t":0,"i":0}}}}
{"t":{"$date":"2026-07-08T11:53:11.633+00:00"},"s":"I",  "c":"STORAGE",  "id":6776600, "ctx":"TimestampMonitor","msg":"The ident was successfully dropped","attr":{"ident":"internal-53-5189528299374886471","dropTimestamp":{"$timestamp":{"t":0,"i":0}}}}
{"t":{"$date":"2026-07-08T11:53:11.816+00:00"},"s":"I",  "c":"COMMAND",  "id":518070,  "ctx":"conn13","msg":"CMD: drop","attr":{"namespace":"appsmith.newPage"}}
{"t":{"$date":"2026-07-08T11:53:11.826+00:00"},"s":"I",  "c":"STORAGE",  "id":20320,   "ctx":"conn13","msg":"createCollection","attr":{"namespace":"appsmith.newPage","uuidDisposition":"generated","uuid":{"uuid":{"$uuid":"0b57f3a7-169b-4aba-98d4-7ce427e47d80"}},"options":{}}}
{"t":{"$date":"2026-07-08T11:53:11.850+00:00"},"s":"I",  "c":"REPL",     "id":7360103, "ctx":"conn13","msg":"Wrote oplog entry for create","attr":{"namespace":"appsmith.$cmd","uuid":{"uuid":{"$uuid":"0b57f3a7-169b-4aba-98d4-7ce427e47d80"}},"opTime":{"ts":{"$timestamp":{"t":1783511591,"i":17}},"t":2},"object":{"create":"newPage","idIndex":{"v":2,"key":{"_id":1},"name":"_id_"}}}}
{"t":{"$date":"2026-07-08T11:53:11.851+00:00"},"s":"I",  "c":"REPL",     "id":7360101, "ctx":"conn13","msg":"Wrote oplog entry for createIndexes","attr":{"namespace":"appsmith.$cmd","uuid":{"uuid":{"$uuid":"0b57f3a7-169b-4aba-98d4-7ce427e47d80"}},"opTime":{"ts":{"$timestamp":{"t":1783511591,"i":18}},"t":2},"object":{"createIndexes":"newPage","v":2,"key":{"createdAt":1},"name":"createdAt"}}}
{"t":{"$date":"2026-07-08T11:53:11.862+00:00"},"s":"I",  "c":"INDEX",    "id":20345,   "ctx":"conn13","msg":"Index build: done building","attr":{"buildUUID":null,"collectionUUID":{"uuid":{"$uuid":"0b57f3a7-169b-4aba-98d4-7ce427e47d80"}},"namespace":"appsmith.newPage","index":"_id_","ident":"index-65-5189528299374886471","collectionIdent":"collection-64-5189528299374886471","commitTimestamp":{"$timestamp":{"t":1783511591,"i":18}}}}
{"t":{"$date":"2026-07-08T11:53:11.862+00:00"},"s":"I",  "c":"INDEX",    "id":20345,   "ctx":"conn13","msg":"Index build: done building","attr":{"buildUUID":null,"collectionUUID":{"uuid":{"$uuid":"0b57f3a7-169b-4aba-98d4-7ce427e47d80"}},"namespace":"appsmith.newPage","index":"createdAt","ident":"index-66-5189528299374886471","collectionIdent":"collection-64-5189528299374886471","commitTimestamp":{"$timestamp":{"t":1783511591,"i":18}}}}
{"t":{"$date":"2026-07-08T11:53:11.893+00:00"},"s":"I",  "c":"COMMAND",  "id":518070,  "ctx":"conn13","msg":"CMD: drop","attr":{"namespace":"appsmith.newAction"}}
{"t":{"$date":"2026-07-08T11:53:11.901+00:00"},"s":"I",  "c":"STORAGE",  "id":20320,   "ctx":"conn13","msg":"createCollection","attr":{"namespace":"appsmith.newAction","uuidDisposition":"generated","uuid":{"uuid":{"$uuid":"54ef3b44-9986-4f29-88db-5a3cbb6014ec"}},"options":{}}}
{"t":{"$date":"2026-07-08T11:53:11.927+00:00"},"s":"I",  "c":"REPL",     "id":7360103, "ctx":"conn13","msg":"Wrote oplog entry for create","attr":{"namespace":"appsmith.$cmd","uuid":{"uuid":{"$uuid":"54ef3b44-9986-4f29-88db-5a3cbb6014ec"}},"opTime":{"ts":{"$timestamp":{"t":1783511591,"i":19}},"t":2},"object":{"create":"newAction","idIndex":{"v":2,"key":{"_id":1},"name":"_id_"}}}}
{"t":{"$date":"2026-07-08T11:53:11.927+00:00"},"s":"I",  "c":"REPL",     "id":7360101, "ctx":"conn13","msg":"Wrote oplog entry for createIndexes","attr":{"namespace":"appsmith.$cmd","uuid":{"uuid":{"$uuid":"54ef3b44-9986-4f29-88db-5a3cbb6014ec"}},"opTime":{"ts":{"$timestamp":{"t":1783511591,"i":20}},"t":2},"object":{"createIndexes":"newAction","v":2,"key":{"createdAt":1},"name":"createdAt"}}}
{"t":{"$date":"2026-07-08T11:53:11.938+00:00"},"s":"I",  "c":"INDEX",    "id":20345,   "ctx":"conn13","msg":"Index build: done building","attr":{"buildUUID":null,"collectionUUID":{"uuid":{"$uuid":"54ef3b44-9986-4f29-88db-5a3cbb6014ec"}},"namespace":"appsmith.newAction","index":"_id_","ident":"index-68-5189528299374886471","collectionIdent":"collection-67-5189528299374886471","commitTimestamp":{"$timestamp":{"t":1783511591,"i":20}}}}
{"t":{"$date":"2026-07-08T11:53:11.938+00:00"},"s":"I",  "c":"INDEX",    "id":20345,   "ctx":"conn13","msg":"Index build: done building","attr":{"buildUUID":null,"collectionUUID":{"uuid":{"$uuid":"54ef3b44-9986-4f29-88db-5a3cbb6014ec"}},"namespace":"appsmith.newAction","index":"createdAt","ident":"index-69-5189528299374886471","collectionIdent":"collection-67-5189528299374886471","commitTimestamp":{"$timestamp":{"t":1783511591,"i":20}}}}
{"t":{"$date":"2026-07-08T11:53:11.958+00:00"},"s":"I",  "c":"COMMAND",  "id":51806,   "ctx":"conn13","msg":"CMD: dropIndexes","attr":{"namespace":"appsmith.newAction","uuid":{"uuid":{"$uuid":"54ef3b44-9986-4f29-88db-5a3cbb6014ec"}},"indexes":"createdAt"}}
{"t":{"$date":"2026-07-08T11:53:11.958+00:00"},"s":"I",  "c":"REPL",     "id":7360107, "ctx":"conn13","msg":"Wrote oplog entry for dropIndexes","attr":{"namespace":"appsmith.$cmd","uuid":{"uuid":{"$uuid":"54ef3b44-9986-4f29-88db-5a3cbb6014ec"}},"opTime":{"ts":{"$timestamp":{"t":1783511591,"i":21}},"t":2},"object":{"dropIndexes":"newAction","index":"createdAt"}}}
{"t":{"$date":"2026-07-08T11:53:11.959+00:00"},"s":"I",  "c":"STORAGE",  "id":22206,   "ctx":"conn13","msg":"Deferring table drop for index","attr":{"index":"createdAt","namespace":"appsmith.newAction","uuid":{"uuid":{"$uuid":"54ef3b44-9986-4f29-88db-5a3cbb6014ec"}},"ident":"index-69-5189528299374886471","dropTime":{"":{"$timestamp":{"t":1783511591,"i":21}}}}}
{"t":{"$date":"2026-07-08T11:53:11.969+00:00"},"s":"I",  "c":"COMMAND",  "id":51806,   "ctx":"conn13","msg":"CMD: dropIndexes","attr":{"namespace":"appsmith.newPage","uuid":{"uuid":{"$uuid":"0b57f3a7-169b-4aba-98d4-7ce427e47d80"}},"indexes":"createdAt"}}
{"t":{"$date":"2026-07-08T11:53:11.970+00:00"},"s":"I",  "c":"REPL",     "id":7360107, "ctx":"conn13","msg":"Wrote oplog entry for dropIndexes","attr":{"namespace":"appsmith.$cmd","uuid":{"uuid":{"$uuid":"0b57f3a7-169b-4aba-98d4-7ce427e47d80"}},"opTime":{"ts":{"$timestamp":{"t":1783511591,"i":22}},"t":2},"object":{"dropIndexes":"newPage","index":"createdAt"}}}
{"t":{"$date":"2026-07-08T11:53:11.970+00:00"},"s":"I",  "c":"STORAGE",  "id":22206,   "ctx":"conn13","msg":"Deferring table drop for index","attr":{"index":"createdAt","namespace":"appsmith.newPage","uuid":{"uuid":{"$uuid":"0b57f3a7-169b-4aba-98d4-7ce427e47d80"}},"ident":"index-66-5189528299374886471","dropTime":{"":{"$timestamp":{"t":1783511591,"i":22}}}}}
{"t":{"$date":"2026-07-08T11:53:11.981+00:00"},"s":"I",  "c":"INDEX",    "id":20438,   "ctx":"conn13","msg":"Index build: registering","attr":{"buildUUID":{"uuid":{"$uuid":"26d2b28e-fcbe-4571-97a8-515ba9c38372"}},"namespace":"appsmith.newPage","collectionUUID":{"uuid":{"$uuid":"0b57f3a7-169b-4aba-98d4-7ce427e47d80"}},"indexes":1,"firstIndex":{"name":"applicationId_deleted_compound_index"},"command":{"createIndexes":"newPage","v":2,"indexes":[{"key":{"applicationId":1,"deleted":1},"name":"applicationId_deleted_compound_index"}],"ignoreUnknownIndexOptions":false}}}
{"t":{"$date":"2026-07-08T11:53:11.981+00:00"},"s":"I",  "c":"REPL",     "id":7360101, "ctx":"conn13","msg":"Wrote oplog entry for createIndexes","attr":{"namespace":"appsmith.$cmd","uuid":{"uuid":{"$uuid":"0b57f3a7-169b-4aba-98d4-7ce427e47d80"}},"opTime":{"ts":{"$timestamp":{"t":1783511591,"i":23}},"t":2},"object":{"createIndexes":"newPage","v":2,"key":{"applicationId":1,"deleted":1},"name":"applicationId_deleted_compound_index"}}}
{"t":{"$date":"2026-07-08T11:53:11.998+00:00"},"s":"I",  "c":"INDEX",    "id":20345,   "ctx":"conn13","msg":"Index build: done building","attr":{"buildUUID":null,"collectionUUID":{"uuid":{"$uuid":"0b57f3a7-169b-4aba-98d4-7ce427e47d80"}},"namespace":"appsmith.newPage","index":"applicationId_deleted_compound_index","ident":"index-70-5189528299374886471","collectionIdent":"collection-64-5189528299374886471","commitTimestamp":{"$timestamp":{"t":1783511591,"i":23}}}}
{"t":{"$date":"2026-07-08T11:53:11.999+00:00"},"s":"I",  "c":"INDEX",    "id":20440,   "ctx":"conn13","msg":"Index build: waiting for index build to complete","attr":{"buildUUID":{"uuid":{"$uuid":"26d2b28e-fcbe-4571-97a8-515ba9c38372"}},"deadline":{"$date":{"$numberLong":"9223372036854775807"}}}}
{"t":{"$date":"2026-07-08T11:53:11.999+00:00"},"s":"I",  "c":"INDEX",    "id":20447,   "ctx":"conn13","msg":"Index build: completed","attr":{"buildUUID":{"uuid":{"$uuid":"26d2b28e-fcbe-4571-97a8-515ba9c38372"}}}}
{"t":{"$date":"2026-07-08T11:53:12.024+00:00"},"s":"I",  "c":"INDEX",    "id":20438,   "ctx":"conn13","msg":"Index build: registering","attr":{"buildUUID":{"uuid":{"$uuid":"2c7a76ea-a531-4420-8fa8-b422399f9780"}},"namespace":"appsmith.newAction","collectionUUID":{"uuid":{"$uuid":"54ef3b44-9986-4f29-88db-5a3cbb6014ec"}},"indexes":1,"firstIndex":{"name":"applicationId"},"command":{"createIndexes":"newAction","v":2,"indexes":[{"key":{"applicationId":1},"name":"applicationId"}],"ignoreUnknownIndexOptions":false}}}
{"t":{"$date":"2026-07-08T11:53:12.025+00:00"},"s":"I",  "c":"REPL",     "id":7360101, "ctx":"conn13","msg":"Wrote oplog entry for createIndexes","attr":{"namespace":"appsmith.$cmd","uuid":{"uuid":{"$uuid":"54ef3b44-9986-4f29-88db-5a3cbb6014ec"}},"opTime":{"ts":{"$timestamp":{"t":1783511592,"i":1}},"t":2},"object":{"createIndexes":"newAction","v":2,"key":{"applicationId":1},"name":"applicationId"}}}
{"t":{"$date":"2026-07-08T11:53:12.043+00:00"},"s":"I",  "c":"INDEX",    "id":20345,   "ctx":"conn13","msg":"Index build: done building","attr":{"buildUUID":null,"collectionUUID":{"uuid":{"$uuid":"54ef3b44-9986-4f29-88db-5a3cbb6014ec"}},"namespace":"appsmith.newAction","index":"applicationId","ident":"index-71-5189528299374886471","collectionIdent":"collection-67-5189528299374886471","commitTimestamp":{"$timestamp":{"t":1783511592,"i":1}}}}
{"t":{"$date":"2026-07-08T11:53:12.043+00:00"},"s":"I",  "c":"INDEX",    "id":20440,   "ctx":"conn13","msg":"Index build: waiting for index build to complete","attr":{"buildUUID":{"uuid":{"$uuid":"2c7a76ea-a531-4420-8fa8-b422399f9780"}},"deadline":{"$date":{"$numberLong":"9223372036854775807"}}}}
{"t":{"$date":"2026-07-08T11:53:12.044+00:00"},"s":"I",  "c":"INDEX",    "id":20447,   "ctx":"conn13","msg":"Index build: completed","attr":{"buildUUID":{"uuid":{"$uuid":"2c7a76ea-a531-4420-8fa8-b422399f9780"}}}}
{"t":{"$date":"2026-07-08T11:53:12.056+00:00"},"s":"I",  "c":"INDEX",    "id":20438,   "ctx":"conn13","msg":"Index build: registering","attr":{"buildUUID":{"uuid":{"$uuid":"bc207f01-65aa-447c-a6a2-1675ef0b0943"}},"namespace":"appsmith.newAction","collectionUUID":{"uuid":{"$uuid":"54ef3b44-9986-4f29-88db-5a3cbb6014ec"}},"indexes":1,"firstIndex":{"name":"deleted"},"command":{"createIndexes":"newAction","v":2,"indexes":[{"key":{"deleted":1},"name":"deleted"}],"ignoreUnknownIndexOptions":false}}}
{"t":{"$date":"2026-07-08T11:53:12.057+00:00"},"s":"I",  "c":"REPL",     "id":7360101, "ctx":"conn13","msg":"Wrote oplog entry for createIndexes","attr":{"namespace":"appsmith.$cmd","uuid":{"uuid":{"$uuid":"54ef3b44-9986-4f29-88db-5a3cbb6014ec"}},"opTime":{"ts":{"$timestamp":{"t":1783511592,"i":2}},"t":2},"object":{"createIndexes":"newAction","v":2,"key":{"deleted":1},"name":"deleted"}}}
{"t":{"$date":"2026-07-08T11:53:12.070+00:00"},"s":"I",  "c":"INDEX",    "id":20345,   "ctx":"conn13","msg":"Index build: done building","attr":{"buildUUID":null,"collectionUUID":{"uuid":{"$uuid":"54ef3b44-9986-4f29-88db-5a3cbb6014ec"}},"namespace":"appsmith.newAction","index":"deleted","ident":"index-72-5189528299374886471","collectionIdent":"collection-67-5189528299374886471","commitTimestamp":{"$timestamp":{"t":1783511592,"i":2}}}}
{"t":{"$date":"2026-07-08T11:53:12.071+00:00"},"s":"I",  "c":"INDEX",    "id":20440,   "ctx":"conn13","msg":"Index build: waiting for index build to complete","attr":{"buildUUID":{"uuid":{"$uuid":"bc207f01-65aa-447c-a6a2-1675ef0b0943"}},"deadline":{"$date":{"$numberLong":"9223372036854775807"}}}}
{"t":{"$date":"2026-07-08T11:53:12.072+00:00"},"s":"I",  "c":"INDEX",    "id":20447,   "ctx":"conn13","msg":"Index build: completed","attr":{"buildUUID":{"uuid":{"$uuid":"bc207f01-65aa-447c-a6a2-1675ef0b0943"}}}}
{"t":{"$date":"2026-07-08T11:53:12.151+00:00"},"s":"I",  "c":"COMMAND",  "id":518070,  "ctx":"conn13","msg":"CMD: drop","attr":{"namespace":"appsmith.userData"}}
{"t":{"$date":"2026-07-08T11:53:12.996+00:00"},"s":"I",  "c":"COMMAND",  "id":51806,   "ctx":"conn13","msg":"CMD: dropIndexes","attr":{"namespace":"appsmith.plugin","uuid":{"uuid":{"$uuid":"9787f747-3153-4ba4-b960-a81b9ecb2f16"}},"indexes":"packageName"}}
{"t":{"$date":"2026-07-08T11:53:12.997+00:00"},"s":"I",  "c":"REPL",     "id":7360107, "ctx":"conn13","msg":"Wrote oplog entry for dropIndexes","attr":{"namespace":"appsmith.$cmd","uuid":{"uuid":{"$uuid":"9787f747-3153-4ba4-b960-a81b9ecb2f16"}},"opTime":{"ts":{"$timestamp":{"t":1783511592,"i":45}},"t":2},"object":{"dropIndexes":"plugin","index":"packageName"}}}
{"t":{"$date":"2026-07-08T11:53:12.997+00:00"},"s":"I",  "c":"STORAGE",  "id":22206,   "ctx":"conn13","msg":"Deferring table drop for index","attr":{"index":"packageName","namespace":"appsmith.plugin","uuid":{"uuid":{"$uuid":"9787f747-3153-4ba4-b960-a81b9ecb2f16"}},"ident":"index-52-5189528299374886471","dropTime":{"":{"$timestamp":{"t":1783511592,"i":45}}}}}
{"t":{"$date":"2026-07-08T11:53:13.006+00:00"},"s":"I",  "c":"INDEX",    "id":20438,   "ctx":"conn13","msg":"Index build: registering","attr":{"buildUUID":{"uuid":{"$uuid":"e07dc940-1119-436c-a29c-6db575bceaaa"}},"namespace":"appsmith.plugin","collectionUUID":{"uuid":{"$uuid":"9787f747-3153-4ba4-b960-a81b9ecb2f16"}},"indexes":1,"firstIndex":{"name":"plugin_name_package_name_version_index"},"command":{"createIndexes":"plugin","v":2,"indexes":[{"key":{"pluginName":1,"packageName":1,"version":1},"name":"plugin_name_package_name_version_index","unique":true}],"ignoreUnknownIndexOptions":false}}}
{"t":{"$date":"2026-07-08T11:53:13.035+00:00"},"s":"I",  "c":"INDEX",    "id":20384,   "ctx":"IndexBuildsCoordinatorMongod-0","msg":"Index build: starting","attr":{"buildUUID":{"uuid":{"$uuid":"e07dc940-1119-436c-a29c-6db575bceaaa"}},"collectionUUID":{"uuid":{"$uuid":"9787f747-3153-4ba4-b960-a81b9ecb2f16"}},"namespace":"appsmith.plugin","properties":{"v":2,"unique":true,"key":{"pluginName":1,"packageName":1,"version":1},"name":"plugin_name_package_name_version_index"},"specIndex":0,"numSpecs":1,"method":"Hybrid","ident":"index-73-5189528299374886471","collectionIdent":"collection-28-5189528299374886471","maxTemporaryMemoryUsageMB":200}}
{"t":{"$date":"2026-07-08T11:53:13.036+00:00"},"s":"I",  "c":"INDEX",    "id":20346,   "ctx":"IndexBuildsCoordinatorMongod-0","msg":"Index build: initialized","attr":{"buildUUID":{"uuid":{"$uuid":"e07dc940-1119-436c-a29c-6db575bceaaa"}},"collectionUUID":{"uuid":{"$uuid":"9787f747-3153-4ba4-b960-a81b9ecb2f16"}},"namespace":"appsmith.plugin","initializationTimestamp":{"$timestamp":{"t":1783511593,"i":2}}}}
{"t":{"$date":"2026-07-08T11:53:13.036+00:00"},"s":"I",  "c":"STORAGE",  "id":4847600, "ctx":"IndexBuildsCoordinatorMongod-0","msg":"Index build: waiting for last optime before interceptors to be majority committed","attr":{"buildUUID":{"uuid":{"$uuid":"e07dc940-1119-436c-a29c-6db575bceaaa"}},"collectionUUID":{"uuid":{"$uuid":"9787f747-3153-4ba4-b960-a81b9ecb2f16"}},"deadline":{"$date":"2026-07-08T11:53:23.036Z"},"timeoutMillis":10000,"lastOpTime":{"ts":{"$timestamp":{"t":1783511593,"i":2}},"t":2}}}
{"t":{"$date":"2026-07-08T11:53:13.036+00:00"},"s":"I",  "c":"INDEX",    "id":20440,   "ctx":"conn13","msg":"Index build: waiting for index build to complete","attr":{"buildUUID":{"uuid":{"$uuid":"e07dc940-1119-436c-a29c-6db575bceaaa"}},"deadline":{"$date":{"$numberLong":"9223372036854775807"}}}}
{"t":{"$date":"2026-07-08T11:53:13.102+00:00"},"s":"I",  "c":"INDEX",    "id":20391,   "ctx":"IndexBuildsCoordinatorMongod-0","msg":"Index build: collection scan done","attr":{"buildUUID":{"uuid":{"$uuid":"e07dc940-1119-436c-a29c-6db575bceaaa"}},"collectionUUID":{"uuid":{"$uuid":"9787f747-3153-4ba4-b960-a81b9ecb2f16"}},"namespace":"appsmith.plugin","totalRecords":15,"readSource":"kMajorityCommitted","durationMillis":0}}
{"t":{"$date":"2026-07-08T11:53:13.105+00:00"},"s":"I",  "c":"COMMAND",  "id":20685,   "ctx":"IndexBuildsCoordinatorMongod-0","msg":"Index build: inserted keys from external sorter into index","attr":{"namespace":"appsmith.plugin","index":"plugin_name_package_name_version_index","keysInserted":15,"durationMillis":3}}
{"t":{"$date":"2026-07-08T11:53:13.108+00:00"},"s":"I",  "c":"STORAGE",  "id":7568000, "ctx":"IndexBuildsCoordinatorMongod-0","msg":"Index build: vote for commit readiness","attr":{"buildUUID":{"uuid":{"$uuid":"e07dc940-1119-436c-a29c-6db575bceaaa"}},"db":"appsmith","collectionUUID":{"uuid":{"$uuid":"9787f747-3153-4ba4-b960-a81b9ecb2f16"}}}}
{"t":{"$date":"2026-07-08T11:53:13.111+00:00"},"s":"I",  "c":"NETWORK",  "id":6788700, "ctx":"conn25","msg":"Received first command on ingress connection since session start or auth handshake","attr":{"elapsedMillis":2337}}
{"t":{"$date":"2026-07-08T11:53:13.112+00:00"},"s":"I",  "c":"STORAGE",  "id":3856201, "ctx":"conn25","msg":"Index build: commit quorum satisfied","attr":{"indexBuildEntry":{"_id":{"$uuid":"e07dc940-1119-436c-a29c-6db575bceaaa"},"collectionUUID":{"$uuid":"9787f747-3153-4ba4-b960-a81b9ecb2f16"},"commitQuorum":"votingMembers","indexNames":["plugin_name_package_name_version_index"],"commitReadyMembers":["localhost:27017"]}}}
{"t":{"$date":"2026-07-08T11:53:13.113+00:00"},"s":"I",  "c":"CONNPOOL", "id":22566,   "ctx":"ReplNetwork","msg":"Ending connection due to bad connection status","attr":{"hostAndPort":"localhost:27017","error":"CallbackCanceled: onInvoke :: caused by :: Callback was canceled","numOpenConns":0}}
{"t":{"$date":"2026-07-08T11:53:13.114+00:00"},"s":"I",  "c":"STORAGE",  "id":3856203, "ctx":"IndexBuildsCoordinatorMongod-0","msg":"Index build: waiting for next action before completing final phase","attr":{"buildUUID":{"uuid":{"$uuid":"e07dc940-1119-436c-a29c-6db575bceaaa"}}}}
{"t":{"$date":"2026-07-08T11:53:13.114+00:00"},"s":"I",  "c":"CONNPOOL", "id":22576,   "ctx":"ReplNetwork","msg":"Connecting","attr":{"hostAndPort":"localhost:27017"}}
{"t":{"$date":"2026-07-08T11:53:13.114+00:00"},"s":"I",  "c":"STORAGE",  "id":3856204, "ctx":"IndexBuildsCoordinatorMongod-0","msg":"Index build: received signal","attr":{"buildUUID":{"uuid":{"$uuid":"e07dc940-1119-436c-a29c-6db575bceaaa"}},"action":"Commit quorum Satisfied"}}
{"t":{"$date":"2026-07-08T11:53:13.115+00:00"},"s":"I",  "c":"NETWORK",  "id":22944,   "ctx":"conn25","msg":"Connection ended","attr":{"remote":"127.0.0.1:58888","isLoadBalanced":false,"uuid":{"uuid":{"$uuid":"776d387b-8594-4432-8b8e-fa8b5116a534"}},"connectionId":25,"connectionCount":7}}
{"t":{"$date":"2026-07-08T11:53:13.115+00:00"},"s":"I",  "c":"INDEX",    "id":20345,   "ctx":"IndexBuildsCoordinatorMongod-0","msg":"Index build: done building","attr":{"buildUUID":{"uuid":{"$uuid":"e07dc940-1119-436c-a29c-6db575bceaaa"}},"collectionUUID":{"uuid":{"$uuid":"9787f747-3153-4ba4-b960-a81b9ecb2f16"}},"namespace":"appsmith.plugin","index":"plugin_name_package_name_version_index","ident":"index-73-5189528299374886471","collectionIdent":"collection-28-5189528299374886471","commitTimestamp":{"$timestamp":{"t":1783511593,"i":4}}}}
{"t":{"$date":"2026-07-08T11:53:13.116+00:00"},"s":"I",  "c":"STORAGE",  "id":20663,   "ctx":"IndexBuildsCoordinatorMongod-0","msg":"Index build: completed successfully","attr":{"buildUUID":{"uuid":{"$uuid":"e07dc940-1119-436c-a29c-6db575bceaaa"}},"collectionUUID":{"uuid":{"$uuid":"9787f747-3153-4ba4-b960-a81b9ecb2f16"}},"namespace":"appsmith.plugin","indexesBuilt":["plugin_name_package_name_version_index"],"numIndexesBefore":3,"numIndexesAfter":4}}
{"t":{"$date":"2026-07-08T11:53:13.116+00:00"},"s":"I",  "c":"NETWORK",  "id":22943,   "ctx":"listener","msg":"Connection accepted","attr":{"remote":"127.0.0.1:58892","isLoadBalanced":false,"uuid":{"uuid":{"$uuid":"cf2a602f-9b5f-41bb-a34c-3b825b9f966f"}},"connectionId":27,"connectionCount":8}}
{"t":{"$date":"2026-07-08T11:53:13.117+00:00"},"s":"I",  "c":"INDEX",    "id":20447,   "ctx":"conn13","msg":"Index build: completed","attr":{"buildUUID":{"uuid":{"$uuid":"e07dc940-1119-436c-a29c-6db575bceaaa"}}}}
{"t":{"$date":"2026-07-08T11:53:13.117+00:00"},"s":"I",  "c":"STORAGE",  "id":51803,   "ctx":"IndexBuildsCoordinatorMongod-0","msg":"Slow query","attr":{"type":"none","ns":"appsmith.plugin","command":{"createIndexes":"plugin","indexes":[{"v":2,"unique":true,"key":{"pluginName":1,"packageName":1,"version":1},"name":"plugin_name_package_name_version_index"}],"$db":"appsmith","$clusterTime":{"clusterTime":{"$timestamp":{"t":1783511592,"i":45}},"signature":{"hash":{"$binary":{"base64":"hG4LpFfpzw78E86TFM9STkRdAJw=","subType":"0"}},"keyId":7660123826532909058}},"lsid":{"id":{"$uuid":"bf0b1e99-2238-40bb-9de9-5db2b9be2d37"}},"$readPreference":{"mode":"primaryPreferred"}},"totalOplogSlotDurationMicros":58365,"numYields":0,"queryHash":"869CED4F","planCacheKey":"333C0A17","queryFramework":"classic","locks":{"FeatureCompatibilityVersion":{"acquireCount":{"r":3,"w":6}},"ReplicationStateTransition":{"acquireCount":{"w":9}},"Global":{"acquireCount":{"r":3,"w":6}},"Database":{"acquireCount":{"r":2,"w":6}},"Collection":{"acquireCount":{"r":1,"w":4,"R":1,"W":2}},"Mutex":{"acquireCount":{"r":1}}},"flowControl":{"acquireCount":4},"storage":{},"cpuNanos":23315145,"durationMillis":110}}
{"t":{"$date":"2026-07-08T11:53:13.117+00:00"},"s":"I",  "c":"NETWORK",  "id":51800,   "ctx":"conn27","msg":"client metadata","attr":{"remote":"127.0.0.1:58892","client":"conn27","negotiatedCompressors":["snappy","zstd","zlib"],"doc":{"driver":{"name":"NetworkInterfaceTL-ReplNetwork","version":"7.0.34"},"os":{"type":"Linux","name":"Ubuntu","architecture":"x86_64","version":"24.04"}}}}
{"t":{"$date":"2026-07-08T11:53:13.118+00:00"},"s":"I",  "c":"ACCESS",   "id":6788604, "ctx":"conn27","msg":"Auth metrics report","attr":{"metric":"acquireUser","micros":0}}
{"t":{"$date":"2026-07-08T11:53:13.120+00:00"},"s":"I",  "c":"COMMAND",  "id":51803,   "ctx":"conn13","msg":"Slow query","attr":{"type":"command","ns":"appsmith.plugin","command":{"createIndexes":"plugin","indexes":[{"key":{"pluginName":1,"packageName":1,"version":1},"name":"plugin_name_package_name_version_index","unique":true}],"$db":"appsmith","$clusterTime":{"clusterTime":{"$timestamp":{"t":1783511592,"i":45}},"signature":{"hash":{"$binary":{"base64":"hG4LpFfpzw78E86TFM9STkRdAJw=","subType":"0"}},"keyId":7660123826532909058}},"lsid":{"id":{"$uuid":"bf0b1e99-2238-40bb-9de9-5db2b9be2d37"}},"$readPreference":{"mode":"primaryPreferred"}},"numYields":0,"reslen":271,"locks":{"ParallelBatchWriterMode":{"acquireCount":{"r":4}},"FeatureCompatibilityVersion":{"acquireCount":{"r":3,"w":4}},"ReplicationStateTransition":{"acquireCount":{"w":7}},"Global":{"acquireCount":{"r":3,"w":4}},"Database":{"acquireCount":{"r":1,"w":3}},"Collection":{"acquireCount":{"r":1,"w":2,"W":1}},"Mutex":{"acquireCount":{"r":1}}},"flowControl":{"acquireCount":3},"readConcern":{"level":"local","provenance":"implicitDefault"},"writeConcern":{"w":"majority","wtimeout":0,"provenance":"implicitDefault"},"waitForWriteConcernDurationMillis":2,"storage":{},"cpuNanos":1208683,"remote":"127.0.0.1:58810","protocol":"op_msg","durationMillis":114}}
{"t":{"$date":"2026-07-08T11:53:13.120+00:00"},"s":"I",  "c":"ACCESS",   "id":5286306, "ctx":"conn27","msg":"Successfully authenticated","attr":{"client":"127.0.0.1:58892","isSpeculative":true,"isClusterMember":true,"mechanism":"SCRAM-SHA-256","user":"__system","db":"local","result":0,"metrics":{"conversation_duration":{"micros":2048,"summary":{"0":{"step":1,"step_total":3,"duration_micros":301},"1":{"step":2,"step_total":3,"duration_micros":50},"2":{"step":3,"step_total":3,"duration_micros":0}}}},"doc":{"driver":{"name":"NetworkInterfaceTL-ReplNetwork","version":"7.0.34"},"os":{"type":"Linux","name":"Ubuntu","architecture":"x86_64","version":"24.04"}},"extraInfo":{}}}
{"t":{"$date":"2026-07-08T11:53:13.247+00:00"},"s":"I",  "c":"INDEX",    "id":20438,   "ctx":"conn13","msg":"Index build: registering","attr":{"buildUUID":{"uuid":{"$uuid":"dcf2bb9b-6b0a-4d9c-8cf3-63dd0f31b786"}},"namespace":"appsmith.newAction","collectionUUID":{"uuid":{"$uuid":"54ef3b44-9986-4f29-88db-5a3cbb6014ec"}},"indexes":1,"firstIndex":{"name":"defaultActionId_branchName_deleted_compound_index"},"command":{"createIndexes":"newAction","v":2,"indexes":[{"key":{"defaultResources.actionId":1,"defaultResources.branchName":1,"deleted":1},"name":"defaultActionId_branchName_deleted_compound_index"}],"ignoreUnknownIndexOptions":false}}}
{"t":{"$date":"2026-07-08T11:53:13.248+00:00"},"s":"I",  "c":"REPL",     "id":7360101, "ctx":"conn13","msg":"Wrote oplog entry for createIndexes","attr":{"namespace":"appsmith.$cmd","uuid":{"uuid":{"$uuid":"54ef3b44-9986-4f29-88db-5a3cbb6014ec"}},"opTime":{"ts":{"$timestamp":{"t":1783511593,"i":10}},"t":2},"object":{"createIndexes":"newAction","v":2,"key":{"defaultResources.actionId":1,"defaultResources.branchName":1,"deleted":1},"name":"defaultActionId_branchName_deleted_compound_index"}}}
{"t":{"$date":"2026-07-08T11:53:13.266+00:00"},"s":"I",  "c":"INDEX",    "id":20345,   "ctx":"conn13","msg":"Index build: done building","attr":{"buildUUID":null,"collectionUUID":{"uuid":{"$uuid":"54ef3b44-9986-4f29-88db-5a3cbb6014ec"}},"namespace":"appsmith.newAction","index":"defaultActionId_branchName_deleted_compound_index","ident":"index-76-5189528299374886471","collectionIdent":"collection-67-5189528299374886471","commitTimestamp":{"$timestamp":{"t":1783511593,"i":10}}}}
{"t":{"$date":"2026-07-08T11:53:13.268+00:00"},"s":"I",  "c":"INDEX",    "id":20440,   "ctx":"conn13","msg":"Index build: waiting for index build to complete","attr":{"buildUUID":{"uuid":{"$uuid":"dcf2bb9b-6b0a-4d9c-8cf3-63dd0f31b786"}},"deadline":{"$date":{"$numberLong":"9223372036854775807"}}}}
{"t":{"$date":"2026-07-08T11:53:13.269+00:00"},"s":"I",  "c":"INDEX",    "id":20447,   "ctx":"conn13","msg":"Index build: completed","attr":{"buildUUID":{"uuid":{"$uuid":"dcf2bb9b-6b0a-4d9c-8cf3-63dd0f31b786"}}}}
{"t":{"$date":"2026-07-08T11:53:13.285+00:00"},"s":"I",  "c":"STORAGE",  "id":20320,   "ctx":"conn13","msg":"createCollection","attr":{"namespace":"appsmith.actionCollection","uuidDisposition":"generated","uuid":{"uuid":{"$uuid":"41f3b007-3538-4e37-b131-55d5fe684b43"}},"options":{}}}
{"t":{"$date":"2026-07-08T11:53:13.322+00:00"},"s":"I",  "c":"REPL",     "id":7360103, "ctx":"conn13","msg":"Wrote oplog entry for create","attr":{"namespace":"appsmith.$cmd","uuid":{"uuid":{"$uuid":"41f3b007-3538-4e37-b131-55d5fe684b43"}},"opTime":{"ts":{"$timestamp":{"t":1783511593,"i":11}},"t":2},"object":{"create":"actionCollection","idIndex":{"v":2,"key":{"_id":1},"name":"_id_"}}}}
{"t":{"$date":"2026-07-08T11:53:13.323+00:00"},"s":"I",  "c":"REPL",     "id":7360101, "ctx":"conn13","msg":"Wrote oplog entry for createIndexes","attr":{"namespace":"appsmith.$cmd","uuid":{"uuid":{"$uuid":"41f3b007-3538-4e37-b131-55d5fe684b43"}},"opTime":{"ts":{"$timestamp":{"t":1783511593,"i":12}},"t":2},"object":{"createIndexes":"actionCollection","v":2,"key":{"defaultResources.collectionId":1,"defaultResources.branchName":1,"deleted":1},"name":"defaultCollectionId_branchName_deleted"}}}
{"t":{"$date":"2026-07-08T11:53:13.335+00:00"},"s":"I",  "c":"STORAGE",  "id":22260,   "ctx":"TimestampMonitor","msg":"Removing drop-pending idents with drop timestamps before timestamp","attr":{"timestamp":{"$timestamp":{"t":1783511546,"i":1}}}}
{"t":{"$date":"2026-07-08T11:53:13.336+00:00"},"s":"I",  "c":"STORAGE",  "id":22237,   "ctx":"TimestampMonitor","msg":"Completing drop for ident","attr":{"ident":"internal-75-5189528299374886471","dropTimestamp":{"$timestamp":{"t":0,"i":0}}}}
{"t":{"$date":"2026-07-08T11:53:13.336+00:00"},"s":"I",  "c":"INDEX",    "id":20345,   "ctx":"conn13","msg":"Index build: done building","attr":{"buildUUID":null,"collectionUUID":{"uuid":{"$uuid":"41f3b007-3538-4e37-b131-55d5fe684b43"}},"namespace":"appsmith.actionCollection","index":"_id_","ident":"index-78-5189528299374886471","collectionIdent":"collection-77-5189528299374886471","commitTimestamp":{"$timestamp":{"t":1783511593,"i":12}}}}
{"t":{"$date":"2026-07-08T11:53:13.337+00:00"},"s":"I",  "c":"INDEX",    "id":20345,   "ctx":"conn13","msg":"Index build: done building","attr":{"buildUUID":null,"collectionUUID":{"uuid":{"$uuid":"41f3b007-3538-4e37-b131-55d5fe684b43"}},"namespace":"appsmith.actionCollection","index":"defaultCollectionId_branchName_deleted","ident":"index-79-5189528299374886471","collectionIdent":"collection-77-5189528299374886471","commitTimestamp":{"$timestamp":{"t":1783511593,"i":12}}}}
{"t":{"$date":"2026-07-08T11:53:13.339+00:00"},"s":"I",  "c":"STORAGE",  "id":6776600, "ctx":"TimestampMonitor","msg":"The ident was successfully dropped","attr":{"ident":"internal-75-5189528299374886471","dropTimestamp":{"$timestamp":{"t":0,"i":0}}}}
{"t":{"$date":"2026-07-08T11:53:13.340+00:00"},"s":"I",  "c":"STORAGE",  "id":22237,   "ctx":"TimestampMonitor","msg":"Completing drop for ident","attr":{"ident":"internal-74-5189528299374886471","dropTimestamp":{"$timestamp":{"t":0,"i":0}}}}
{"t":{"$date":"2026-07-08T11:53:13.346+00:00"},"s":"I",  "c":"STORAGE",  "id":6776600, "ctx":"TimestampMonitor","msg":"The ident was successfully dropped","attr":{"ident":"internal-74-5189528299374886471","dropTimestamp":{"$timestamp":{"t":0,"i":0}}}}
{"t":{"$date":"2026-07-08T11:53:13.348+00:00"},"s":"I",  "c":"INDEX",    "id":20438,   "ctx":"conn13","msg":"Index build: registering","attr":{"buildUUID":{"uuid":{"$uuid":"83cf9957-dd47-4fbd-8b8a-bc32a88b5fcc"}},"namespace":"appsmith.newPage","collectionUUID":{"uuid":{"$uuid":"0b57f3a7-169b-4aba-98d4-7ce427e47d80"}},"indexes":1,"firstIndex":{"name":"defaultPageId_branchName_deleted_compound_index"},"command":{"createIndexes":"newPage","v":2,"indexes":[{"key":{"defaultResources.pageId":1,"defaultResources.branchName":1,"deleted":1},"name":"defaultPageId_branchName_deleted_compound_index"}],"ignoreUnknownIndexOptions":false}}}
{"t":{"$date":"2026-07-08T11:53:13.349+00:00"},"s":"I",  "c":"REPL",     "id":7360101, "ctx":"conn13","msg":"Wrote oplog entry for createIndexes","attr":{"namespace":"appsmith.$cmd","uuid":{"uuid":{"$uuid":"0b57f3a7-169b-4aba-98d4-7ce427e47d80"}},"opTime":{"ts":{"$timestamp":{"t":1783511593,"i":13}},"t":2},"object":{"createIndexes":"newPage","v":2,"key":{"defaultResources.pageId":1,"defaultResources.branchName":1,"deleted":1},"name":"defaultPageId_branchName_deleted_compound_index"}}}
{"t":{"$date":"2026-07-08T11:53:13.361+00:00"},"s":"I",  "c":"INDEX",    "id":20345,   "ctx":"conn13","msg":"Index build: done building","attr":{"buildUUID":null,"collectionUUID":{"uuid":{"$uuid":"0b57f3a7-169b-4aba-98d4-7ce427e47d80"}},"namespace":"appsmith.newPage","index":"defaultPageId_branchName_deleted_compound_index","ident":"index-80-5189528299374886471","collectionIdent":"collection-64-5189528299374886471","commitTimestamp":{"$timestamp":{"t":1783511593,"i":13}}}}
{"t":{"$date":"2026-07-08T11:53:13.362+00:00"},"s":"I",  "c":"INDEX",    "id":20440,   "ctx":"conn13","msg":"Index build: waiting for index build to complete","attr":{"buildUUID":{"uuid":{"$uuid":"83cf9957-dd47-4fbd-8b8a-bc32a88b5fcc"}},"deadline":{"$date":{"$numberLong":"9223372036854775807"}}}}
{"t":{"$date":"2026-07-08T11:53:13.362+00:00"},"s":"I",  "c":"INDEX",    "id":20447,   "ctx":"conn13","msg":"Index build: completed","attr":{"buildUUID":{"uuid":{"$uuid":"83cf9957-dd47-4fbd-8b8a-bc32a88b5fcc"}}}}
{"t":{"$date":"2026-07-08T11:53:13.373+00:00"},"s":"I",  "c":"INDEX",    "id":20438,   "ctx":"conn13","msg":"Index build: registering","attr":{"buildUUID":{"uuid":{"$uuid":"9d2aea9c-c559-4ca2-b4c1-bf65f01f845a"}},"namespace":"appsmith.application","collectionUUID":{"uuid":{"$uuid":"108defb8-8b72-46a6-9da7-ecea6d39c43c"}},"indexes":1,"firstIndex":{"name":"defaultApplicationId_branchName_deleted"},"command":{"createIndexes":"application","v":2,"indexes":[{"key":{"gitApplicationMetadata.defaultApplicationId":1,"gitApplicationMetadata.branchName":1,"deleted":1},"name":"defaultApplicationId_branchName_deleted"}],"ignoreUnknownIndexOptions":false}}}
{"t":{"$date":"2026-07-08T11:53:13.373+00:00"},"s":"I",  "c":"REPL",     "id":7360101, "ctx":"conn13","msg":"Wrote oplog entry for createIndexes","attr":{"namespace":"appsmith.$cmd","uuid":{"uuid":{"$uuid":"108defb8-8b72-46a6-9da7-ecea6d39c43c"}},"opTime":{"ts":{"$timestamp":{"t":1783511593,"i":14}},"t":2},"object":{"createIndexes":"application","v":2,"key":{"gitApplicationMetadata.defaultApplicationId":1,"gitApplicationMetadata.branchName":1,"deleted":1},"name":"defaultApplicationId_branchName_deleted"}}}
{"t":{"$date":"2026-07-08T11:53:13.382+00:00"},"s":"I",  "c":"INDEX",    "id":20345,   "ctx":"conn13","msg":"Index build: done building","attr":{"buildUUID":null,"collectionUUID":{"uuid":{"$uuid":"108defb8-8b72-46a6-9da7-ecea6d39c43c"}},"namespace":"appsmith.application","index":"defaultApplicationId_branchName_deleted","ident":"index-81-5189528299374886471","collectionIdent":"collection-30-5189528299374886471","commitTimestamp":{"$timestamp":{"t":1783511593,"i":14}}}}
{"t":{"$date":"2026-07-08T11:53:13.383+00:00"},"s":"I",  "c":"INDEX",    "id":20440,   "ctx":"conn13","msg":"Index build: waiting for index build to complete","attr":{"buildUUID":{"uuid":{"$uuid":"9d2aea9c-c559-4ca2-b4c1-bf65f01f845a"}},"deadline":{"$date":{"$numberLong":"9223372036854775807"}}}}
{"t":{"$date":"2026-07-08T11:53:13.383+00:00"},"s":"I",  "c":"INDEX",    "id":20447,   "ctx":"conn13","msg":"Index build: completed","attr":{"buildUUID":{"uuid":{"$uuid":"9d2aea9c-c559-4ca2-b4c1-bf65f01f845a"}}}}
{"t":{"$date":"2026-07-08T11:53:13.547+00:00"},"s":"I",  "c":"INDEX",    "id":20438,   "ctx":"conn13","msg":"Index build: registering","attr":{"buildUUID":{"uuid":{"$uuid":"802678ed-4cf6-4187-83ee-92e178e78740"}},"namespace":"appsmith.actionCollection","collectionUUID":{"uuid":{"$uuid":"41f3b007-3538-4e37-b131-55d5fe684b43"}},"indexes":1,"firstIndex":{"name":"applicationId"},"command":{"createIndexes":"actionCollection","v":2,"indexes":[{"key":{"applicationId":1},"name":"applicationId"}],"ignoreUnknownIndexOptions":false}}}
{"t":{"$date":"2026-07-08T11:53:13.548+00:00"},"s":"I",  "c":"REPL",     "id":7360101, "ctx":"conn13","msg":"Wrote oplog entry for createIndexes","attr":{"namespace":"appsmith.$cmd","uuid":{"uuid":{"$uuid":"41f3b007-3538-4e37-b131-55d5fe684b43"}},"opTime":{"ts":{"$timestamp":{"t":1783511593,"i":30}},"t":2},"object":{"createIndexes":"actionCollection","v":2,"key":{"applicationId":1},"name":"applicationId"}}}
{"t":{"$date":"2026-07-08T11:53:13.559+00:00"},"s":"I",  "c":"INDEX",    "id":20345,   "ctx":"conn13","msg":"Index build: done building","attr":{"buildUUID":null,"collectionUUID":{"uuid":{"$uuid":"41f3b007-3538-4e37-b131-55d5fe684b43"}},"namespace":"appsmith.actionCollection","index":"applicationId","ident":"index-82-5189528299374886471","collectionIdent":"collection-77-5189528299374886471","commitTimestamp":{"$timestamp":{"t":1783511593,"i":30}}}}
{"t":{"$date":"2026-07-08T11:53:13.559+00:00"},"s":"I",  "c":"INDEX",    "id":20440,   "ctx":"conn13","msg":"Index build: waiting for index build to complete","attr":{"buildUUID":{"uuid":{"$uuid":"802678ed-4cf6-4187-83ee-92e178e78740"}},"deadline":{"$date":{"$numberLong":"9223372036854775807"}}}}
{"t":{"$date":"2026-07-08T11:53:13.559+00:00"},"s":"I",  "c":"INDEX",    "id":20447,   "ctx":"conn13","msg":"Index build: completed","attr":{"buildUUID":{"uuid":{"$uuid":"802678ed-4cf6-4187-83ee-92e178e78740"}}}}
{"t":{"$date":"2026-07-08T11:53:13.572+00:00"},"s":"I",  "c":"STORAGE",  "id":20320,   "ctx":"conn13","msg":"createCollection","attr":{"namespace":"appsmith.userData","uuidDisposition":"generated","uuid":{"uuid":{"$uuid":"eed2aeac-a259-44f1-8b43-14803875223e"}},"options":{}}}
{"t":{"$date":"2026-07-08T11:53:13.591+00:00"},"s":"I",  "c":"REPL",     "id":7360103, "ctx":"conn13","msg":"Wrote oplog entry for create","attr":{"namespace":"appsmith.$cmd","uuid":{"uuid":{"$uuid":"eed2aeac-a259-44f1-8b43-14803875223e"}},"opTime":{"ts":{"$timestamp":{"t":1783511593,"i":31}},"t":2},"object":{"create":"userData","idIndex":{"v":2,"key":{"_id":1},"name":"_id_"}}}}
{"t":{"$date":"2026-07-08T11:53:13.592+00:00"},"s":"I",  "c":"REPL",     "id":7360101, "ctx":"conn13","msg":"Wrote oplog entry for createIndexes","attr":{"namespace":"appsmith.$cmd","uuid":{"uuid":{"$uuid":"eed2aeac-a259-44f1-8b43-14803875223e"}},"opTime":{"ts":{"$timestamp":{"t":1783511593,"i":32}},"t":2},"object":{"createIndexes":"userData","v":2,"unique":true,"key":{"userId":1},"name":"userId"}}}
{"t":{"$date":"2026-07-08T11:53:13.603+00:00"},"s":"I",  "c":"INDEX",    "id":20345,   "ctx":"conn13","msg":"Index build: done building","attr":{"buildUUID":null,"collectionUUID":{"uuid":{"$uuid":"eed2aeac-a259-44f1-8b43-14803875223e"}},"namespace":"appsmith.userData","index":"_id_","ident":"index-84-5189528299374886471","collectionIdent":"collection-83-5189528299374886471","commitTimestamp":{"$timestamp":{"t":1783511593,"i":32}}}}
{"t":{"$date":"2026-07-08T11:53:13.603+00:00"},"s":"I",  "c":"INDEX",    "id":20345,   "ctx":"conn13","msg":"Index build: done building","attr":{"buildUUID":null,"collectionUUID":{"uuid":{"$uuid":"eed2aeac-a259-44f1-8b43-14803875223e"}},"namespace":"appsmith.userData","index":"userId","ident":"index-85-5189528299374886471","collectionIdent":"collection-83-5189528299374886471","commitTimestamp":{"$timestamp":{"t":1783511593,"i":32}}}}
{"t":{"$date":"2026-07-08T11:53:13.639+00:00"},"s":"I",  "c":"INDEX",    "id":20438,   "ctx":"conn13","msg":"Index build: registering","attr":{"buildUUID":{"uuid":{"$uuid":"3eac5cad-d969-41c3-aac3-333cc54313a4"}},"namespace":"appsmith.newAction","collectionUUID":{"uuid":{"$uuid":"54ef3b44-9986-4f29-88db-5a3cbb6014ec"}},"indexes":1,"firstIndex":{"name":"unpublishedActionPageId_deleted_compound_index"},"command":{"createIndexes":"newAction","v":2,"indexes":[{"key":{"unpublishedAction.pageId":1,"deleted":1},"name":"unpublishedActionPageId_deleted_compound_index"}],"ignoreUnknownIndexOptions":false}}}
{"t":{"$date":"2026-07-08T11:53:13.640+00:00"},"s":"I",  "c":"REPL",     "id":7360101, "ctx":"conn13","msg":"Wrote oplog entry for createIndexes","attr":{"namespace":"appsmith.$cmd","uuid":{"uuid":{"$uuid":"54ef3b44-9986-4f29-88db-5a3cbb6014ec"}},"opTime":{"ts":{"$timestamp":{"t":1783511593,"i":34}},"t":2},"object":{"createIndexes":"newAction","v":2,"key":{"unpublishedAction.pageId":1,"deleted":1},"name":"unpublishedActionPageId_deleted_compound_index"}}}
{"t":{"$date":"2026-07-08T11:53:13.654+00:00"},"s":"I",  "c":"INDEX",    "id":20345,   "ctx":"conn13","msg":"Index build: done building","attr":{"buildUUID":null,"collectionUUID":{"uuid":{"$uuid":"54ef3b44-9986-4f29-88db-5a3cbb6014ec"}},"namespace":"appsmith.newAction","index":"unpublishedActionPageId_deleted_compound_index","ident":"index-86-5189528299374886471","collectionIdent":"collection-67-5189528299374886471","commitTimestamp":{"$timestamp":{"t":1783511593,"i":34}}}}
{"t":{"$date":"2026-07-08T11:53:13.655+00:00"},"s":"I",  "c":"INDEX",    "id":20440,   "ctx":"conn13","msg":"Index build: waiting for index build to complete","attr":{"buildUUID":{"uuid":{"$uuid":"3eac5cad-d969-41c3-aac3-333cc54313a4"}},"deadline":{"$date":{"$numberLong":"9223372036854775807"}}}}
{"t":{"$date":"2026-07-08T11:53:13.656+00:00"},"s":"I",  "c":"INDEX",    "id":20447,   "ctx":"conn13","msg":"Index build: completed","attr":{"buildUUID":{"uuid":{"$uuid":"3eac5cad-d969-41c3-aac3-333cc54313a4"}}}}
{"t":{"$date":"2026-07-08T11:53:13.669+00:00"},"s":"I",  "c":"INDEX",    "id":20438,   "ctx":"conn13","msg":"Index build: registering","attr":{"buildUUID":{"uuid":{"$uuid":"3ac9c673-731b-4420-ac76-45d669b2465f"}},"namespace":"appsmith.newAction","collectionUUID":{"uuid":{"$uuid":"54ef3b44-9986-4f29-88db-5a3cbb6014ec"}},"indexes":1,"firstIndex":{"name":"publishedActionPageId_deleted_compound_index"},"command":{"createIndexes":"newAction","v":2,"indexes":[{"key":{"publishedAction.pageId":1,"deleted":1},"name":"publishedActionPageId_deleted_compound_index"}],"ignoreUnknownIndexOptions":false}}}
{"t":{"$date":"2026-07-08T11:53:13.670+00:00"},"s":"I",  "c":"REPL",     "id":7360101, "ctx":"conn13","msg":"Wrote oplog entry for createIndexes","attr":{"namespace":"appsmith.$cmd","uuid":{"uuid":{"$uuid":"54ef3b44-9986-4f29-88db-5a3cbb6014ec"}},"opTime":{"ts":{"$timestamp":{"t":1783511593,"i":35}},"t":2},"object":{"createIndexes":"newAction","v":2,"key":{"publishedAction.pageId":1,"deleted":1},"name":"publishedActionPageId_deleted_compound_index"}}}
{"t":{"$date":"2026-07-08T11:53:13.680+00:00"},"s":"I",  "c":"INDEX",    "id":20345,   "ctx":"conn13","msg":"Index build: done building","attr":{"buildUUID":null,"collectionUUID":{"uuid":{"$uuid":"54ef3b44-9986-4f29-88db-5a3cbb6014ec"}},"namespace":"appsmith.newAction","index":"publishedActionPageId_deleted_compound_index","ident":"index-87-5189528299374886471","collectionIdent":"collection-67-5189528299374886471","commitTimestamp":{"$timestamp":{"t":1783511593,"i":35}}}}
{"t":{"$date":"2026-07-08T11:53:13.681+00:00"},"s":"I",  "c":"INDEX",    "id":20440,   "ctx":"conn13","msg":"Index build: waiting for index build to complete","attr":{"buildUUID":{"uuid":{"$uuid":"3ac9c673-731b-4420-ac76-45d669b2465f"}},"deadline":{"$date":{"$numberLong":"9223372036854775807"}}}}
{"t":{"$date":"2026-07-08T11:53:13.681+00:00"},"s":"I",  "c":"INDEX",    "id":20447,   "ctx":"conn13","msg":"Index build: completed","attr":{"buildUUID":{"uuid":{"$uuid":"3ac9c673-731b-4420-ac76-45d669b2465f"}}}}
{"t":{"$date":"2026-07-08T11:53:13.690+00:00"},"s":"I",  "c":"INDEX",    "id":20438,   "ctx":"conn13","msg":"Index build: registering","attr":{"buildUUID":{"uuid":{"$uuid":"c428837f-6fa1-44c2-9837-2699e82d4a2f"}},"namespace":"appsmith.actionCollection","collectionUUID":{"uuid":{"$uuid":"41f3b007-3538-4e37-b131-55d5fe684b43"}},"indexes":1,"firstIndex":{"name":"unpublishedCollectionPageId_deleted"},"command":{"createIndexes":"actionCollection","v":2,"indexes":[{"key":{"unpublishedCollection.pageId":1,"deleted":1},"name":"unpublishedCollectionPageId_deleted"}],"ignoreUnknownIndexOptions":false}}}
{"t":{"$date":"2026-07-08T11:53:13.691+00:00"},"s":"I",  "c":"REPL",     "id":7360101, "ctx":"conn13","msg":"Wrote oplog entry for createIndexes","attr":{"namespace":"appsmith.$cmd","uuid":{"uuid":{"$uuid":"41f3b007-3538-4e37-b131-55d5fe684b43"}},"opTime":{"ts":{"$timestamp":{"t":1783511593,"i":36}},"t":2},"object":{"createIndexes":"actionCollection","v":2,"key":{"unpublishedCollection.pageId":1,"deleted":1},"name":"unpublishedCollectionPageId_deleted"}}}
{"t":{"$date":"2026-07-08T11:53:13.702+00:00"},"s":"I",  "c":"INDEX",    "id":20345,   "ctx":"conn13","msg":"Index build: done building","attr":{"buildUUID":null,"collectionUUID":{"uuid":{"$uuid":"41f3b007-3538-4e37-b131-55d5fe684b43"}},"namespace":"appsmith.actionCollection","index":"unpublishedCollectionPageId_deleted","ident":"index-88-5189528299374886471","collectionIdent":"collection-77-5189528299374886471","commitTimestamp":{"$timestamp":{"t":1783511593,"i":36}}}}
{"t":{"$date":"2026-07-08T11:53:13.702+00:00"},"s":"I",  "c":"INDEX",    "id":20440,   "ctx":"conn13","msg":"Index build: waiting for index build to complete","attr":{"buildUUID":{"uuid":{"$uuid":"c428837f-6fa1-44c2-9837-2699e82d4a2f"}},"deadline":{"$date":{"$numberLong":"9223372036854775807"}}}}
{"t":{"$date":"2026-07-08T11:53:13.703+00:00"},"s":"I",  "c":"INDEX",    "id":20447,   "ctx":"conn13","msg":"Index build: completed","attr":{"buildUUID":{"uuid":{"$uuid":"c428837f-6fa1-44c2-9837-2699e82d4a2f"}}}}
{"t":{"$date":"2026-07-08T11:53:13.710+00:00"},"s":"I",  "c":"INDEX",    "id":20438,   "ctx":"conn13","msg":"Index build: registering","attr":{"buildUUID":{"uuid":{"$uuid":"7e3950f4-0e2d-4a6d-8c6f-27e6c6e84fa9"}},"namespace":"appsmith.actionCollection","collectionUUID":{"uuid":{"$uuid":"41f3b007-3538-4e37-b131-55d5fe684b43"}},"indexes":1,"firstIndex":{"name":"publishedCollectionPageId_deleted"},"command":{"createIndexes":"actionCollection","v":2,"indexes":[{"key":{"publishedCollection.pageId":1,"deleted":1},"name":"publishedCollectionPageId_deleted"}],"ignoreUnknownIndexOptions":false}}}
{"t":{"$date":"2026-07-08T11:53:13.710+00:00"},"s":"I",  "c":"REPL",     "id":7360101, "ctx":"conn13","msg":"Wrote oplog entry for createIndexes","attr":{"namespace":"appsmith.$cmd","uuid":{"uuid":{"$uuid":"41f3b007-3538-4e37-b131-55d5fe684b43"}},"opTime":{"ts":{"$timestamp":{"t":1783511593,"i":37}},"t":2},"object":{"createIndexes":"actionCollection","v":2,"key":{"publishedCollection.pageId":1,"deleted":1},"name":"publishedCollectionPageId_deleted"}}}
{"t":{"$date":"2026-07-08T11:53:13.721+00:00"},"s":"I",  "c":"INDEX",    "id":20345,   "ctx":"conn13","msg":"Index build: done building","attr":{"buildUUID":null,"collectionUUID":{"uuid":{"$uuid":"41f3b007-3538-4e37-b131-55d5fe684b43"}},"namespace":"appsmith.actionCollection","index":"publishedCollectionPageId_deleted","ident":"index-89-5189528299374886471","collectionIdent":"collection-77-5189528299374886471","commitTimestamp":{"$timestamp":{"t":1783511593,"i":37}}}}
{"t":{"$date":"2026-07-08T11:53:13.721+00:00"},"s":"I",  "c":"INDEX",    "id":20440,   "ctx":"conn13","msg":"Index build: waiting for index build to complete","attr":{"buildUUID":{"uuid":{"$uuid":"7e3950f4-0e2d-4a6d-8c6f-27e6c6e84fa9"}},"deadline":{"$date":{"$numberLong":"9223372036854775807"}}}}
{"t":{"$date":"2026-07-08T11:53:13.722+00:00"},"s":"I",  "c":"INDEX",    "id":20447,   "ctx":"conn13","msg":"Index build: completed","attr":{"buildUUID":{"uuid":{"$uuid":"7e3950f4-0e2d-4a6d-8c6f-27e6c6e84fa9"}}}}
{"t":{"$date":"2026-07-08T11:53:13.735+00:00"},"s":"I",  "c":"TXN",      "id":51802,   "ctx":"conn12","msg":"transaction","attr":{"parameters":{"lsid":{"id":{"$uuid":"9c9d1936-56c6-4adc-80b5-e9cdd2aee1e2"},"uid":{"$binary":{"base64":"36OVKiS44JdD6Kg1iV5QeE27b7ll1XrRr0J40V91lX4=","subType":"0"}}},"txnNumber":2,"txnRetryCounter":0,"autocommit":false,"readConcern":{"level":"local","provenance":"clientSupplied"}},"readTimestamp":"Timestamp(0, 0)","terminationCause":"committed","timeActiveMicros":26437,"timeInactiveMicros":3695816,"numYields":0,"locks":{"FeatureCompatibilityVersion":{"acquireCount":{"w":1}},"ReplicationStateTransition":{"acquireCount":{"w":3}},"Global":{"acquireCount":{"w":1}},"Database":{"acquireCount":{"w":2}},"Collection":{"acquireCount":{"w":2}}},"storage":{},"wasPrepared":false,"durationMillis":3722}}
{"t":{"$date":"2026-07-08T11:53:13.863+00:00"},"s":"I",  "c":"INDEX",    "id":20438,   "ctx":"conn13","msg":"Index build: registering","attr":{"buildUUID":{"uuid":{"$uuid":"30c0d99b-f3ab-4dcd-aee1-aed67419c808"}},"namespace":"appsmith.actionCollection","collectionUUID":{"uuid":{"$uuid":"41f3b007-3538-4e37-b131-55d5fe684b43"}},"indexes":1,"firstIndex":{"name":"defaultApplicationId_gitSyncId_deleted"},"command":{"createIndexes":"actionCollection","v":2,"indexes":[{"key":{"defaultResources.applicationId":1,"gitSyncId":1,"deleted":1},"name":"defaultApplicationId_gitSyncId_deleted"}],"ignoreUnknownIndexOptions":false}}}
{"t":{"$date":"2026-07-08T11:53:13.863+00:00"},"s":"I",  "c":"REPL",     "id":7360101, "ctx":"conn13","msg":"Wrote oplog entry for createIndexes","attr":{"namespace":"appsmith.$cmd","uuid":{"uuid":{"$uuid":"41f3b007-3538-4e37-b131-55d5fe684b43"}},"opTime":{"ts":{"$timestamp":{"t":1783511593,"i":84}},"t":2},"object":{"createIndexes":"actionCollection","v":2,"key":{"defaultResources.applicationId":1,"gitSyncId":1,"deleted":1},"name":"defaultApplicationId_gitSyncId_deleted"}}}
{"t":{"$date":"2026-07-08T11:53:13.876+00:00"},"s":"I",  "c":"INDEX",    "id":20345,   "ctx":"conn13","msg":"Index build: done building","attr":{"buildUUID":null,"collectionUUID":{"uuid":{"$uuid":"41f3b007-3538-4e37-b131-55d5fe684b43"}},"namespace":"appsmith.actionCollection","index":"defaultApplicationId_gitSyncId_deleted","ident":"index-90-5189528299374886471","collectionIdent":"collection-77-5189528299374886471","commitTimestamp":{"$timestamp":{"t":1783511593,"i":84}}}}
{"t":{"$date":"2026-07-08T11:53:13.876+00:00"},"s":"I",  "c":"INDEX",    "id":20440,   "ctx":"conn13","msg":"Index build: waiting for index build to complete","attr":{"buildUUID":{"uuid":{"$uuid":"30c0d99b-f3ab-4dcd-aee1-aed67419c808"}},"deadline":{"$date":{"$numberLong":"9223372036854775807"}}}}
{"t":{"$date":"2026-07-08T11:53:13.877+00:00"},"s":"I",  "c":"INDEX",    "id":20447,   "ctx":"conn13","msg":"Index build: completed","attr":{"buildUUID":{"uuid":{"$uuid":"30c0d99b-f3ab-4dcd-aee1-aed67419c808"}}}}
{"t":{"$date":"2026-07-08T11:53:13.886+00:00"},"s":"I",  "c":"INDEX",    "id":20438,   "ctx":"conn13","msg":"Index build: registering","attr":{"buildUUID":{"uuid":{"$uuid":"2da337bd-5604-4926-8153-2d06857f6da9"}},"namespace":"appsmith.newAction","collectionUUID":{"uuid":{"$uuid":"54ef3b44-9986-4f29-88db-5a3cbb6014ec"}},"indexes":1,"firstIndex":{"name":"defaultApplicationId_gitSyncId_deleted"},"command":{"createIndexes":"newAction","v":2,"indexes":[{"key":{"defaultResources.applicationId":1,"gitSyncId":1,"deleted":1},"name":"defaultApplicationId_gitSyncId_deleted"}],"ignoreUnknownIndexOptions":false}}}
{"t":{"$date":"2026-07-08T11:53:13.887+00:00"},"s":"I",  "c":"REPL",     "id":7360101, "ctx":"conn13","msg":"Wrote oplog entry for createIndexes","attr":{"namespace":"appsmith.$cmd","uuid":{"uuid":{"$uuid":"54ef3b44-9986-4f29-88db-5a3cbb6014ec"}},"opTime":{"ts":{"$timestamp":{"t":1783511593,"i":85}},"t":2},"object":{"createIndexes":"newAction","v":2,"key":{"defaultResources.applicationId":1,"gitSyncId":1,"deleted":1},"name":"defaultApplicationId_gitSyncId_deleted"}}}
{"t":{"$date":"2026-07-08T11:53:13.898+00:00"},"s":"I",  "c":"INDEX",    "id":20345,   "ctx":"conn13","msg":"Index build: done building","attr":{"buildUUID":null,"collectionUUID":{"uuid":{"$uuid":"54ef3b44-9986-4f29-88db-5a3cbb6014ec"}},"namespace":"appsmith.newAction","index":"defaultApplicationId_gitSyncId_deleted","ident":"index-91-5189528299374886471","collectionIdent":"collection-67-5189528299374886471","commitTimestamp":{"$timestamp":{"t":1783511593,"i":85}}}}
{"t":{"$date":"2026-07-08T11:53:13.899+00:00"},"s":"I",  "c":"INDEX",    "id":20440,   "ctx":"conn13","msg":"Index build: waiting for index build to complete","attr":{"buildUUID":{"uuid":{"$uuid":"2da337bd-5604-4926-8153-2d06857f6da9"}},"deadline":{"$date":{"$numberLong":"9223372036854775807"}}}}
{"t":{"$date":"2026-07-08T11:53:13.899+00:00"},"s":"I",  "c":"INDEX",    "id":20447,   "ctx":"conn13","msg":"Index build: completed","attr":{"buildUUID":{"uuid":{"$uuid":"2da337bd-5604-4926-8153-2d06857f6da9"}}}}
{"t":{"$date":"2026-07-08T11:53:13.909+00:00"},"s":"I",  "c":"INDEX",    "id":20438,   "ctx":"conn13","msg":"Index build: registering","attr":{"buildUUID":{"uuid":{"$uuid":"71c4ea7a-f49f-4aed-aaf6-8b3927fc39dd"}},"namespace":"appsmith.newPage","collectionUUID":{"uuid":{"$uuid":"0b57f3a7-169b-4aba-98d4-7ce427e47d80"}},"indexes":1,"firstIndex":{"name":"defaultApplicationId_gitSyncId_deleted"},"command":{"createIndexes":"newPage","v":2,"indexes":[{"key":{"defaultResources.applicationId":1,"gitSyncId":1,"deleted":1},"name":"defaultApplicationId_gitSyncId_deleted"}],"ignoreUnknownIndexOptions":false}}}
{"t":{"$date":"2026-07-08T11:53:13.910+00:00"},"s":"I",  "c":"REPL",     "id":7360101, "ctx":"conn13","msg":"Wrote oplog entry for createIndexes","attr":{"namespace":"appsmith.$cmd","uuid":{"uuid":{"$uuid":"0b57f3a7-169b-4aba-98d4-7ce427e47d80"}},"opTime":{"ts":{"$timestamp":{"t":1783511593,"i":86}},"t":2},"object":{"createIndexes":"newPage","v":2,"key":{"defaultResources.applicationId":1,"gitSyncId":1,"deleted":1},"name":"defaultApplicationId_gitSyncId_deleted"}}}
{"t":{"$date":"2026-07-08T11:53:13.921+00:00"},"s":"I",  "c":"INDEX",    "id":20345,   "ctx":"conn13","msg":"Index build: done building","attr":{"buildUUID":null,"collectionUUID":{"uuid":{"$uuid":"0b57f3a7-169b-4aba-98d4-7ce427e47d80"}},"namespace":"appsmith.newPage","index":"defaultApplicationId_gitSyncId_deleted","ident":"index-92-5189528299374886471","collectionIdent":"collection-64-5189528299374886471","commitTimestamp":{"$timestamp":{"t":1783511593,"i":86}}}}
{"t":{"$date":"2026-07-08T11:53:13.922+00:00"},"s":"I",  "c":"INDEX",    "id":20440,   "ctx":"conn13","msg":"Index build: waiting for index build to complete","attr":{"buildUUID":{"uuid":{"$uuid":"71c4ea7a-f49f-4aed-aaf6-8b3927fc39dd"}},"deadline":{"$date":{"$numberLong":"9223372036854775807"}}}}
{"t":{"$date":"2026-07-08T11:53:13.922+00:00"},"s":"I",  "c":"INDEX",    "id":20447,   "ctx":"conn13","msg":"Index build: completed","attr":{"buildUUID":{"uuid":{"$uuid":"71c4ea7a-f49f-4aed-aaf6-8b3927fc39dd"}}}}
{"t":{"$date":"2026-07-08T11:53:13.936+00:00"},"s":"I",  "c":"STORAGE",  "id":20320,   "ctx":"conn13","msg":"createCollection","attr":{"namespace":"appsmith.workspace","uuidDisposition":"generated","uuid":{"uuid":{"$uuid":"e4516a53-d34e-42b8-a059-b9ded36ad552"}},"options":{}}}
{"t":{"$date":"2026-07-08T11:53:13.952+00:00"},"s":"I",  "c":"REPL",     "id":7360103, "ctx":"conn13","msg":"Wrote oplog entry for create","attr":{"namespace":"appsmith.$cmd","uuid":{"uuid":{"$uuid":"e4516a53-d34e-42b8-a059-b9ded36ad552"}},"opTime":{"ts":{"$timestamp":{"t":1783511593,"i":87}},"t":2},"object":{"create":"workspace","idIndex":{"v":2,"key":{"_id":1},"name":"_id_"}}}}
{"t":{"$date":"2026-07-08T11:53:13.953+00:00"},"s":"I",  "c":"REPL",     "id":7360101, "ctx":"conn13","msg":"Wrote oplog entry for createIndexes","attr":{"namespace":"appsmith.$cmd","uuid":{"uuid":{"$uuid":"e4516a53-d34e-42b8-a059-b9ded36ad552"}},"opTime":{"ts":{"$timestamp":{"t":1783511593,"i":88}},"t":2},"object":{"createIndexes":"workspace","v":2,"key":{"createdAt":1},"name":"createdAt"}}}
{"t":{"$date":"2026-07-08T11:53:13.961+00:00"},"s":"I",  "c":"INDEX",    "id":20345,   "ctx":"conn13","msg":"Index build: done building","attr":{"buildUUID":null,"collectionUUID":{"uuid":{"$uuid":"e4516a53-d34e-42b8-a059-b9ded36ad552"}},"namespace":"appsmith.workspace","index":"_id_","ident":"index-94-5189528299374886471","collectionIdent":"collection-93-5189528299374886471","commitTimestamp":{"$timestamp":{"t":1783511593,"i":88}}}}
{"t":{"$date":"2026-07-08T11:53:13.961+00:00"},"s":"I",  "c":"INDEX",    "id":20345,   "ctx":"conn13","msg":"Index build: done building","attr":{"buildUUID":null,"collectionUUID":{"uuid":{"$uuid":"e4516a53-d34e-42b8-a059-b9ded36ad552"}},"namespace":"appsmith.workspace","index":"createdAt","ident":"index-95-5189528299374886471","collectionIdent":"collection-93-5189528299374886471","commitTimestamp":{"$timestamp":{"t":1783511593,"i":88}}}}
{"t":{"$date":"2026-07-08T11:53:13.986+00:00"},"s":"I",  "c":"STORAGE",  "id":20320,   "ctx":"conn13","msg":"createCollection","attr":{"namespace":"appsmith.tenant","uuidDisposition":"generated","uuid":{"uuid":{"$uuid":"b50ce27e-224d-4f52-bff5-637d7b135cf5"}},"options":{}}}
{"t":{"$date":"2026-07-08T11:53:14.001+00:00"},"s":"I",  "c":"REPL",     "id":7360103, "ctx":"conn13","msg":"Wrote oplog entry for create","attr":{"namespace":"appsmith.$cmd","uuid":{"uuid":{"$uuid":"b50ce27e-224d-4f52-bff5-637d7b135cf5"}},"opTime":{"ts":{"$timestamp":{"t":1783511593,"i":89}},"t":2},"object":{"create":"tenant","idIndex":{"v":2,"key":{"_id":1},"name":"_id_"}}}}
{"t":{"$date":"2026-07-08T11:53:14.001+00:00"},"s":"I",  "c":"INDEX",    "id":20345,   "ctx":"conn13","msg":"Index build: done building","attr":{"buildUUID":null,"collectionUUID":{"uuid":{"$uuid":"b50ce27e-224d-4f52-bff5-637d7b135cf5"}},"namespace":"appsmith.tenant","index":"_id_","ident":"index-97-5189528299374886471","collectionIdent":"collection-96-5189528299374886471","commitTimestamp":{"$timestamp":{"t":1783511593,"i":89}}}}
{"t":{"$date":"2026-07-08T11:53:14.016+00:00"},"s":"I",  "c":"COMMAND",  "id":51806,   "ctx":"conn13","msg":"CMD: dropIndexes","attr":{"namespace":"appsmith.application","uuid":{"uuid":{"$uuid":"108defb8-8b72-46a6-9da7-ecea6d39c43c"}},"indexes":"workspace_app_deleted_gitApplicationMetadata"}}
{"t":{"$date":"2026-07-08T11:53:14.025+00:00"},"s":"I",  "c":"COMMAND",  "id":51806,   "ctx":"conn13","msg":"CMD: dropIndexes","attr":{"namespace":"appsmith.datasource","uuid":{"uuid":{"$uuid":"083b7272-ec3d-406a-8666-ec36f693b8ec"}},"indexes":"workspace_datasource_deleted_compound_index"}}
{"t":{"$date":"2026-07-08T11:53:14.033+00:00"},"s":"I",  "c":"INDEX",    "id":20438,   "ctx":"conn13","msg":"Index build: registering","attr":{"buildUUID":{"uuid":{"$uuid":"bfc01386-cd00-4b51-90e9-001ff8ea1c8b"}},"namespace":"appsmith.application","collectionUUID":{"uuid":{"$uuid":"108defb8-8b72-46a6-9da7-ecea6d39c43c"}},"indexes":1,"firstIndex":{"name":"workspace_app_deleted_gitApplicationMetadata"},"command":{"createIndexes":"application","v":2,"indexes":[{"key":{"workspaceId":1,"name":1,"deletedAt":1,"gitApplicationMetadata.remoteUrl":1,"gitApplicationMetadata.branchName":1},"name":"workspace_app_deleted_gitApplicationMetadata","unique":true}],"ignoreUnknownIndexOptions":false}}}
{"t":{"$date":"2026-07-08T11:53:14.034+00:00"},"s":"I",  "c":"REPL",     "id":7360101, "ctx":"conn13","msg":"Wrote oplog entry for createIndexes","attr":{"namespace":"appsmith.$cmd","uuid":{"uuid":{"$uuid":"108defb8-8b72-46a6-9da7-ecea6d39c43c"}},"opTime":{"ts":{"$timestamp":{"t":1783511594,"i":2}},"t":2},"object":{"createIndexes":"application","v":2,"unique":true,"key":{"workspaceId":1,"name":1,"deletedAt":1,"gitApplicationMetadata.remoteUrl":1,"gitApplicationMetadata.branchName":1},"name":"workspace_app_deleted_gitApplicationMetadata"}}}
{"t":{"$date":"2026-07-08T11:53:14.043+00:00"},"s":"I",  "c":"INDEX",    "id":20345,   "ctx":"conn13","msg":"Index build: done building","attr":{"buildUUID":null,"collectionUUID":{"uuid":{"$uuid":"108defb8-8b72-46a6-9da7-ecea6d39c43c"}},"namespace":"appsmith.application","index":"workspace_app_deleted_gitApplicationMetadata","ident":"index-98-5189528299374886471","collectionIdent":"collection-30-5189528299374886471","commitTimestamp":{"$timestamp":{"t":1783511594,"i":2}}}}
{"t":{"$date":"2026-07-08T11:53:14.044+00:00"},"s":"I",  "c":"INDEX",    "id":20440,   "ctx":"conn13","msg":"Index build: waiting for index build to complete","attr":{"buildUUID":{"uuid":{"$uuid":"bfc01386-cd00-4b51-90e9-001ff8ea1c8b"}},"deadline":{"$date":{"$numberLong":"9223372036854775807"}}}}
{"t":{"$date":"2026-07-08T11:53:14.044+00:00"},"s":"I",  "c":"INDEX",    "id":20447,   "ctx":"conn13","msg":"Index build: completed","attr":{"buildUUID":{"uuid":{"$uuid":"bfc01386-cd00-4b51-90e9-001ff8ea1c8b"}}}}
{"t":{"$date":"2026-07-08T11:53:14.055+00:00"},"s":"I",  "c":"INDEX",    "id":20438,   "ctx":"conn13","msg":"Index build: registering","attr":{"buildUUID":{"uuid":{"$uuid":"a9c74d31-ffde-472a-8852-2cfabbcb8b4e"}},"namespace":"appsmith.datasource","collectionUUID":{"uuid":{"$uuid":"083b7272-ec3d-406a-8666-ec36f693b8ec"}},"indexes":1,"firstIndex":{"name":"workspace_datasource_deleted_compound_index"},"command":{"createIndexes":"datasource","v":2,"indexes":[{"key":{"workspaceId":1,"name":1,"deletedAt":1},"name":"workspace_datasource_deleted_compound_index","unique":true}],"ignoreUnknownIndexOptions":false}}}
{"t":{"$date":"2026-07-08T11:53:14.056+00:00"},"s":"I",  "c":"REPL",     "id":7360101, "ctx":"conn13","msg":"Wrote oplog entry for createIndexes","attr":{"namespace":"appsmith.$cmd","uuid":{"uuid":{"$uuid":"083b7272-ec3d-406a-8666-ec36f693b8ec"}},"opTime":{"ts":{"$timestamp":{"t":1783511594,"i":3}},"t":2},"object":{"createIndexes":"datasource","v":2,"unique":true,"key":{"workspaceId":1,"name":1,"deletedAt":1},"name":"workspace_datasource_deleted_compound_index"}}}
{"t":{"$date":"2026-07-08T11:53:14.071+00:00"},"s":"I",  "c":"INDEX",    "id":20345,   "ctx":"conn13","msg":"Index build: done building","attr":{"buildUUID":null,"collectionUUID":{"uuid":{"$uuid":"083b7272-ec3d-406a-8666-ec36f693b8ec"}},"namespace":"appsmith.datasource","index":"workspace_datasource_deleted_compound_index","ident":"index-99-5189528299374886471","collectionIdent":"collection-41-5189528299374886471","commitTimestamp":{"$timestamp":{"t":1783511594,"i":3}}}}
{"t":{"$date":"2026-07-08T11:53:14.071+00:00"},"s":"I",  "c":"INDEX",    "id":20440,   "ctx":"conn13","msg":"Index build: waiting for index build to complete","attr":{"buildUUID":{"uuid":{"$uuid":"a9c74d31-ffde-472a-8852-2cfabbcb8b4e"}},"deadline":{"$date":{"$numberLong":"9223372036854775807"}}}}
{"t":{"$date":"2026-07-08T11:53:14.072+00:00"},"s":"I",  "c":"INDEX",    "id":20447,   "ctx":"conn13","msg":"Index build: completed","attr":{"buildUUID":{"uuid":{"$uuid":"a9c74d31-ffde-472a-8852-2cfabbcb8b4e"}}}}
{"t":{"$date":"2026-07-08T11:53:14.285+00:00"},"s":"I",  "c":"STORAGE",  "id":20320,   "ctx":"conn13","msg":"createCollection","attr":{"namespace":"appsmith.permissionGroup","uuidDisposition":"generated","uuid":{"uuid":{"$uuid":"facb0855-8ad8-448b-a6db-22146b2e2f81"}},"options":{}}}
{"t":{"$date":"2026-07-08T11:53:14.328+00:00"},"s":"I",  "c":"REPL",     "id":7360103, "ctx":"conn13","msg":"Wrote oplog entry for create","attr":{"namespace":"appsmith.$cmd","uuid":{"uuid":{"$uuid":"facb0855-8ad8-448b-a6db-22146b2e2f81"}},"opTime":{"ts":{"$timestamp":{"t":1783511594,"i":6}},"t":2},"object":{"create":"permissionGroup","idIndex":{"v":2,"key":{"_id":1},"name":"_id_"}}}}
{"t":{"$date":"2026-07-08T11:53:14.329+00:00"},"s":"I",  "c":"INDEX",    "id":20345,   "ctx":"conn13","msg":"Index build: done building","attr":{"buildUUID":null,"collectionUUID":{"uuid":{"$uuid":"facb0855-8ad8-448b-a6db-22146b2e2f81"}},"namespace":"appsmith.permissionGroup","index":"_id_","ident":"index-101-5189528299374886471","collectionIdent":"collection-100-5189528299374886471","commitTimestamp":{"$timestamp":{"t":1783511594,"i":6}}}}
{"t":{"$date":"2026-07-08T11:53:14.438+00:00"},"s":"I",  "c":"STORAGE",  "id":20320,   "ctx":"conn13","msg":"createCollection","attr":{"namespace":"appsmith.theme","uuidDisposition":"generated","uuid":{"uuid":{"$uuid":"cbf43a77-e106-4d1b-ab69-b8127e4bff2e"}},"options":{}}}
{"t":{"$date":"2026-07-08T11:53:14.457+00:00"},"s":"I",  "c":"REPL",     "id":7360103, "ctx":"conn13","msg":"Wrote oplog entry for create","attr":{"namespace":"appsmith.$cmd","uuid":{"uuid":{"$uuid":"cbf43a77-e106-4d1b-ab69-b8127e4bff2e"}},"opTime":{"ts":{"$timestamp":{"t":1783511594,"i":12}},"t":2},"object":{"create":"theme","idIndex":{"v":2,"key":{"_id":1},"name":"_id_"}}}}
{"t":{"$date":"2026-07-08T11:53:14.458+00:00"},"s":"I",  "c":"REPL",     "id":7360101, "ctx":"conn13","msg":"Wrote oplog entry for createIndexes","attr":{"namespace":"appsmith.$cmd","uuid":{"uuid":{"$uuid":"cbf43a77-e106-4d1b-ab69-b8127e4bff2e"}},"opTime":{"ts":{"$timestamp":{"t":1783511594,"i":13}},"t":2},"object":{"createIndexes":"theme","v":2,"key":{"isSystemTheme":1},"name":"system_theme_index","background":true}}}
{"t":{"$date":"2026-07-08T11:53:14.467+00:00"},"s":"I",  "c":"INDEX",    "id":20345,   "ctx":"conn13","msg":"Index build: done building","attr":{"buildUUID":null,"collectionUUID":{"uuid":{"$uuid":"cbf43a77-e106-4d1b-ab69-b8127e4bff2e"}},"namespace":"appsmith.theme","index":"_id_","ident":"index-103-5189528299374886471","collectionIdent":"collection-102-5189528299374886471","commitTimestamp":{"$timestamp":{"t":1783511594,"i":13}}}}
{"t":{"$date":"2026-07-08T11:53:14.467+00:00"},"s":"I",  "c":"INDEX",    "id":20345,   "ctx":"conn13","msg":"Index build: done building","attr":{"buildUUID":null,"collectionUUID":{"uuid":{"$uuid":"cbf43a77-e106-4d1b-ab69-b8127e4bff2e"}},"namespace":"appsmith.theme","index":"system_theme_index","ident":"index-104-5189528299374886471","collectionIdent":"collection-102-5189528299374886471","commitTimestamp":{"$timestamp":{"t":1783511594,"i":13}}}}
{"t":{"$date":"2026-07-08T11:53:14.473+00:00"},"s":"I",  "c":"INDEX",    "id":20438,   "ctx":"conn13","msg":"Index build: registering","attr":{"buildUUID":{"uuid":{"$uuid":"2d025a30-9857-46dc-8ced-45a582b58ff2"}},"namespace":"appsmith.theme","collectionUUID":{"uuid":{"$uuid":"cbf43a77-e106-4d1b-ab69-b8127e4bff2e"}},"indexes":1,"firstIndex":{"name":"application_id_index"},"command":{"createIndexes":"theme","v":2,"indexes":[{"key":{"applicationId":1,"deleted":1},"name":"application_id_index","background":true}],"ignoreUnknownIndexOptions":false}}}
{"t":{"$date":"2026-07-08T11:53:14.474+00:00"},"s":"I",  "c":"REPL",     "id":7360101, "ctx":"conn13","msg":"Wrote oplog entry for createIndexes","attr":{"namespace":"appsmith.$cmd","uuid":{"uuid":{"$uuid":"cbf43a77-e106-4d1b-ab69-b8127e4bff2e"}},"opTime":{"ts":{"$timestamp":{"t":1783511594,"i":14}},"t":2},"object":{"createIndexes":"theme","v":2,"key":{"applicationId":1,"deleted":1},"name":"application_id_index","background":true}}}
{"t":{"$date":"2026-07-08T11:53:14.483+00:00"},"s":"I",  "c":"INDEX",    "id":20345,   "ctx":"conn13","msg":"Index build: done building","attr":{"buildUUID":null,"collectionUUID":{"uuid":{"$uuid":"cbf43a77-e106-4d1b-ab69-b8127e4bff2e"}},"namespace":"appsmith.theme","index":"application_id_index","ident":"index-105-5189528299374886471","collectionIdent":"collection-102-5189528299374886471","commitTimestamp":{"$timestamp":{"t":1783511594,"i":14}}}}
{"t":{"$date":"2026-07-08T11:53:14.483+00:00"},"s":"I",  "c":"INDEX",    "id":20440,   "ctx":"conn13","msg":"Index build: waiting for index build to complete","attr":{"buildUUID":{"uuid":{"$uuid":"2d025a30-9857-46dc-8ced-45a582b58ff2"}},"deadline":{"$date":{"$numberLong":"9223372036854775807"}}}}
{"t":{"$date":"2026-07-08T11:53:14.484+00:00"},"s":"I",  "c":"INDEX",    "id":20447,   "ctx":"conn13","msg":"Index build: completed","attr":{"buildUUID":{"uuid":{"$uuid":"2d025a30-9857-46dc-8ced-45a582b58ff2"}}}}
{"t":{"$date":"2026-07-08T11:53:14.731+00:00"},"s":"I",  "c":"COMMAND",  "id":51806,   "ctx":"conn13","msg":"CMD: dropIndexes","attr":{"namespace":"appsmith.permissionGroup","uuid":{"uuid":{"$uuid":"facb0855-8ad8-448b-a6db-22146b2e2f81"}},"indexes":"permission_group_workspace_deleted_compound_index"}}
{"t":{"$date":"2026-07-08T11:53:14.736+00:00"},"s":"I",  "c":"COMMAND",  "id":51806,   "ctx":"conn13","msg":"CMD: dropIndexes","attr":{"namespace":"appsmith.permissionGroup","uuid":{"uuid":{"$uuid":"facb0855-8ad8-448b-a6db-22146b2e2f81"}},"indexes":"permission_group_assignedUserIds_deleted_compound_index"}}
{"t":{"$date":"2026-07-08T11:53:14.742+00:00"},"s":"I",  "c":"COMMAND",  "id":51806,   "ctx":"conn13","msg":"CMD: dropIndexes","attr":{"namespace":"appsmith.permissionGroup","uuid":{"uuid":{"$uuid":"facb0855-8ad8-448b-a6db-22146b2e2f81"}},"indexes":"permission_group_assignedUserIds_deleted"}}
{"t":{"$date":"2026-07-08T11:53:14.748+00:00"},"s":"I",  "c":"INDEX",    "id":20438,   "ctx":"conn13","msg":"Index build: registering","attr":{"buildUUID":{"uuid":{"$uuid":"9d0c8c63-3305-4f95-8691-cfc55007c7ea"}},"namespace":"appsmith.permissionGroup","collectionUUID":{"uuid":{"$uuid":"facb0855-8ad8-448b-a6db-22146b2e2f81"}},"indexes":1,"firstIndex":{"name":"permission_group_assignedUserIds_deleted"},"command":{"createIndexes":"permissionGroup","v":2,"indexes":[{"key":{"assignedToUserIds":1,"deleted":1},"name":"permission_group_assignedUserIds_deleted"}],"ignoreUnknownIndexOptions":false}}}
{"t":{"$date":"2026-07-08T11:53:14.772+00:00"},"s":"I",  "c":"INDEX",    "id":20384,   "ctx":"IndexBuildsCoordinatorMongod-0","msg":"Index build: starting","attr":{"buildUUID":{"uuid":{"$uuid":"9d0c8c63-3305-4f95-8691-cfc55007c7ea"}},"collectionUUID":{"uuid":{"$uuid":"facb0855-8ad8-448b-a6db-22146b2e2f81"}},"namespace":"appsmith.permissionGroup","properties":{"v":2,"key":{"assignedToUserIds":1,"deleted":1},"name":"permission_group_assignedUserIds_deleted"},"specIndex":0,"numSpecs":1,"method":"Hybrid","ident":"index-106-5189528299374886471","collectionIdent":"collection-100-5189528299374886471","maxTemporaryMemoryUsageMB":200}}
{"t":{"$date":"2026-07-08T11:53:14.773+00:00"},"s":"I",  "c":"INDEX",    "id":20346,   "ctx":"IndexBuildsCoordinatorMongod-0","msg":"Index build: initialized","attr":{"buildUUID":{"uuid":{"$uuid":"9d0c8c63-3305-4f95-8691-cfc55007c7ea"}},"collectionUUID":{"uuid":{"$uuid":"facb0855-8ad8-448b-a6db-22146b2e2f81"}},"namespace":"appsmith.permissionGroup","initializationTimestamp":{"$timestamp":{"t":1783511594,"i":26}}}}
{"t":{"$date":"2026-07-08T11:53:14.773+00:00"},"s":"I",  "c":"STORAGE",  "id":4847600, "ctx":"IndexBuildsCoordinatorMongod-0","msg":"Index build: waiting for last optime before interceptors to be majority committed","attr":{"buildUUID":{"uuid":{"$uuid":"9d0c8c63-3305-4f95-8691-cfc55007c7ea"}},"collectionUUID":{"uuid":{"$uuid":"facb0855-8ad8-448b-a6db-22146b2e2f81"}},"deadline":{"$date":"2026-07-08T11:53:24.773Z"},"timeoutMillis":10000,"lastOpTime":{"ts":{"$timestamp":{"t":1783511594,"i":26}},"t":2}}}
{"t":{"$date":"2026-07-08T11:53:14.773+00:00"},"s":"I",  "c":"INDEX",    "id":20440,   "ctx":"conn13","msg":"Index build: waiting for index build to complete","attr":{"buildUUID":{"uuid":{"$uuid":"9d0c8c63-3305-4f95-8691-cfc55007c7ea"}},"deadline":{"$date":{"$numberLong":"9223372036854775807"}}}}
{"t":{"$date":"2026-07-08T11:53:14.845+00:00"},"s":"I",  "c":"INDEX",    "id":20391,   "ctx":"IndexBuildsCoordinatorMongod-0","msg":"Index build: collection scan done","attr":{"buildUUID":{"uuid":{"$uuid":"9d0c8c63-3305-4f95-8691-cfc55007c7ea"}},"collectionUUID":{"uuid":{"$uuid":"facb0855-8ad8-448b-a6db-22146b2e2f81"}},"namespace":"appsmith.permissionGroup","totalRecords":2,"readSource":"kMajorityCommitted","durationMillis":0}}
{"t":{"$date":"2026-07-08T11:53:14.848+00:00"},"s":"I",  "c":"COMMAND",  "id":20685,   "ctx":"IndexBuildsCoordinatorMongod-0","msg":"Index build: inserted keys from external sorter into index","attr":{"namespace":"appsmith.permissionGroup","index":"permission_group_assignedUserIds_deleted","keysInserted":2,"durationMillis":2}}
{"t":{"$date":"2026-07-08T11:53:14.851+00:00"},"s":"I",  "c":"STORAGE",  "id":7568000, "ctx":"IndexBuildsCoordinatorMongod-0","msg":"Index build: vote for commit readiness","attr":{"buildUUID":{"uuid":{"$uuid":"9d0c8c63-3305-4f95-8691-cfc55007c7ea"}},"db":"appsmith","collectionUUID":{"uuid":{"$uuid":"facb0855-8ad8-448b-a6db-22146b2e2f81"}}}}
{"t":{"$date":"2026-07-08T11:53:14.854+00:00"},"s":"I",  "c":"NETWORK",  "id":6788700, "ctx":"conn27","msg":"Received first command on ingress connection since session start or auth handshake","attr":{"elapsedMillis":1733}}
{"t":{"$date":"2026-07-08T11:53:14.855+00:00"},"s":"I",  "c":"STORAGE",  "id":3856201, "ctx":"conn27","msg":"Index build: commit quorum satisfied","attr":{"indexBuildEntry":{"_id":{"$uuid":"9d0c8c63-3305-4f95-8691-cfc55007c7ea"},"collectionUUID":{"$uuid":"facb0855-8ad8-448b-a6db-22146b2e2f81"},"commitQuorum":"votingMembers","indexNames":["permission_group_assignedUserIds_deleted"],"commitReadyMembers":["localhost:27017"]}}}
{"t":{"$date":"2026-07-08T11:53:14.856+00:00"},"s":"I",  "c":"CONNPOOL", "id":22566,   "ctx":"ReplNetwork","msg":"Ending connection due to bad connection status","attr":{"hostAndPort":"localhost:27017","error":"CallbackCanceled: onInvoke :: caused by :: Callback was canceled","numOpenConns":0}}
{"t":{"$date":"2026-07-08T11:53:14.856+00:00"},"s":"I",  "c":"CONNPOOL", "id":22576,   "ctx":"ReplNetwork","msg":"Connecting","attr":{"hostAndPort":"localhost:27017"}}
{"t":{"$date":"2026-07-08T11:53:14.857+00:00"},"s":"I",  "c":"STORAGE",  "id":3856203, "ctx":"IndexBuildsCoordinatorMongod-0","msg":"Index build: waiting for next action before completing final phase","attr":{"buildUUID":{"uuid":{"$uuid":"9d0c8c63-3305-4f95-8691-cfc55007c7ea"}}}}
{"t":{"$date":"2026-07-08T11:53:14.857+00:00"},"s":"I",  "c":"STORAGE",  "id":3856204, "ctx":"IndexBuildsCoordinatorMongod-0","msg":"Index build: received signal","attr":{"buildUUID":{"uuid":{"$uuid":"9d0c8c63-3305-4f95-8691-cfc55007c7ea"}},"action":"Commit quorum Satisfied"}}
{"t":{"$date":"2026-07-08T11:53:14.858+00:00"},"s":"I",  "c":"NETWORK",  "id":22943,   "ctx":"listener","msg":"Connection accepted","attr":{"remote":"127.0.0.1:58898","isLoadBalanced":false,"uuid":{"uuid":{"$uuid":"5b74d9d7-fecb-4415-8df1-46fcd8a961be"}},"connectionId":28,"connectionCount":9}}
{"t":{"$date":"2026-07-08T11:53:14.858+00:00"},"s":"I",  "c":"INDEX",    "id":20345,   "ctx":"IndexBuildsCoordinatorMongod-0","msg":"Index build: done building","attr":{"buildUUID":{"uuid":{"$uuid":"9d0c8c63-3305-4f95-8691-cfc55007c7ea"}},"collectionUUID":{"uuid":{"$uuid":"facb0855-8ad8-448b-a6db-22146b2e2f81"}},"namespace":"appsmith.permissionGroup","index":"permission_group_assignedUserIds_deleted","ident":"index-106-5189528299374886471","collectionIdent":"collection-100-5189528299374886471","commitTimestamp":{"$timestamp":{"t":1783511594,"i":28}}}}
{"t":{"$date":"2026-07-08T11:53:14.859+00:00"},"s":"I",  "c":"NETWORK",  "id":22944,   "ctx":"conn27","msg":"Connection ended","attr":{"remote":"127.0.0.1:58892","isLoadBalanced":false,"uuid":{"uuid":{"$uuid":"cf2a602f-9b5f-41bb-a34c-3b825b9f966f"}},"connectionId":27,"connectionCount":8}}
{"t":{"$date":"2026-07-08T11:53:14.859+00:00"},"s":"I",  "c":"NETWORK",  "id":51800,   "ctx":"conn28","msg":"client metadata","attr":{"remote":"127.0.0.1:58898","client":"conn28","negotiatedCompressors":["snappy","zstd","zlib"],"doc":{"driver":{"name":"NetworkInterfaceTL-ReplNetwork","version":"7.0.34"},"os":{"type":"Linux","name":"Ubuntu","architecture":"x86_64","version":"24.04"}}}}
{"t":{"$date":"2026-07-08T11:53:14.859+00:00"},"s":"I",  "c":"STORAGE",  "id":20663,   "ctx":"IndexBuildsCoordinatorMongod-0","msg":"Index build: completed successfully","attr":{"buildUUID":{"uuid":{"$uuid":"9d0c8c63-3305-4f95-8691-cfc55007c7ea"}},"collectionUUID":{"uuid":{"$uuid":"facb0855-8ad8-448b-a6db-22146b2e2f81"}},"namespace":"appsmith.permissionGroup","indexesBuilt":["permission_group_assignedUserIds_deleted"],"numIndexesBefore":1,"numIndexesAfter":2}}
{"t":{"$date":"2026-07-08T11:53:14.860+00:00"},"s":"I",  "c":"ACCESS",   "id":6788604, "ctx":"conn28","msg":"Auth metrics report","attr":{"metric":"acquireUser","micros":0}}
{"t":{"$date":"2026-07-08T11:53:14.861+00:00"},"s":"I",  "c":"INDEX",    "id":20447,   "ctx":"conn13","msg":"Index build: completed","attr":{"buildUUID":{"uuid":{"$uuid":"9d0c8c63-3305-4f95-8691-cfc55007c7ea"}}}}
{"t":{"$date":"2026-07-08T11:53:14.861+00:00"},"s":"I",  "c":"STORAGE",  "id":51803,   "ctx":"IndexBuildsCoordinatorMongod-0","msg":"Slow query","attr":{"type":"none","ns":"appsmith.permissionGroup","command":{"createIndexes":"permissionGroup","indexes":[{"v":2,"key":{"assignedToUserIds":1,"deleted":1},"name":"permission_group_assignedUserIds_deleted"}],"$db":"appsmith","$clusterTime":{"clusterTime":{"$timestamp":{"t":1783511594,"i":24}},"signature":{"hash":{"$binary":{"base64":"1KsTPNB80nGis86AyekiR/PZ2mI=","subType":"0"}},"keyId":7660123826532909058}},"lsid":{"id":{"$uuid":"bf0b1e99-2238-40bb-9de9-5db2b9be2d37"}},"$readPreference":{"mode":"primaryPreferred"}},"totalOplogSlotDurationMicros":45840,"numYields":0,"queryHash":"869CED4F","planCacheKey":"333C0A17","queryFramework":"classic","locks":{"FeatureCompatibilityVersion":{"acquireCount":{"r":3,"w":6}},"ReplicationStateTransition":{"acquireCount":{"w":9}},"Global":{"acquireCount":{"r":3,"w":6}},"Database":{"acquireCount":{"r":2,"w":6}},"Collection":{"acquireCount":{"r":1,"w":4,"R":1,"W":2}},"Mutex":{"acquireCount":{"r":1}}},"flowControl":{"acquireCount":4},"storage":{},"cpuNanos":19828238,"durationMillis":110}}
{"t":{"$date":"2026-07-08T11:53:14.862+00:00"},"s":"I",  "c":"ACCESS",   "id":5286306, "ctx":"conn28","msg":"Successfully authenticated","attr":{"client":"127.0.0.1:58898","isSpeculative":true,"isClusterMember":true,"mechanism":"SCRAM-SHA-256","user":"__system","db":"local","result":0,"metrics":{"conversation_duration":{"micros":2339,"summary":{"0":{"step":1,"step_total":3,"duration_micros":573},"1":{"step":2,"step_total":3,"duration_micros":27},"2":{"step":3,"step_total":3,"duration_micros":1}}}},"doc":{"driver":{"name":"NetworkInterfaceTL-ReplNetwork","version":"7.0.34"},"os":{"type":"Linux","name":"Ubuntu","architecture":"x86_64","version":"24.04"}},"extraInfo":{}}}
{"t":{"$date":"2026-07-08T11:53:14.863+00:00"},"s":"I",  "c":"COMMAND",  "id":51803,   "ctx":"conn13","msg":"Slow query","attr":{"type":"command","ns":"appsmith.permissionGroup","command":{"createIndexes":"permissionGroup","indexes":[{"key":{"assignedToUserIds":1,"deleted":1},"name":"permission_group_assignedUserIds_deleted"}],"$db":"appsmith","$clusterTime":{"clusterTime":{"$timestamp":{"t":1783511594,"i":24}},"signature":{"hash":{"$binary":{"base64":"1KsTPNB80nGis86AyekiR/PZ2mI=","subType":"0"}},"keyId":7660123826532909058}},"lsid":{"id":{"$uuid":"bf0b1e99-2238-40bb-9de9-5db2b9be2d37"}},"$readPreference":{"mode":"primaryPreferred"}},"numYields":0,"reslen":271,"locks":{"ParallelBatchWriterMode":{"acquireCount":{"r":4}},"FeatureCompatibilityVersion":{"acquireCount":{"r":3,"w":4}},"ReplicationStateTransition":{"acquireCount":{"w":7}},"Global":{"acquireCount":{"r":3,"w":4}},"Database":{"acquireCount":{"r":1,"w":3}},"Collection":{"acquireCount":{"r":1,"w":2,"W":1}},"Mutex":{"acquireCount":{"r":1}}},"flowControl":{"acquireCount":3},"readConcern":{"level":"local","provenance":"implicitDefault"},"writeConcern":{"w":"majority","wtimeout":0,"provenance":"implicitDefault"},"waitForWriteConcernDurationMillis":1,"storage":{},"cpuNanos":1608805,"remote":"127.0.0.1:58810","protocol":"op_msg","durationMillis":114}}
{"t":{"$date":"2026-07-08T11:53:14.999+00:00"},"s":"I",  "c":"COMMAND",  "id":51806,   "ctx":"conn13","msg":"CMD: dropIndexes","attr":{"namespace":"appsmith.newPage","uuid":{"uuid":{"$uuid":"0b57f3a7-169b-4aba-98d4-7ce427e47d80"}},"indexes":"deleted"}}
{"t":{"$date":"2026-07-08T11:53:15.005+00:00"},"s":"I",  "c":"INDEX",    "id":20438,   "ctx":"conn13","msg":"Index build: registering","attr":{"buildUUID":{"uuid":{"$uuid":"ab4c4f38-f809-4922-8f77-53f0117fc355"}},"namespace":"appsmith.newPage","collectionUUID":{"uuid":{"$uuid":"0b57f3a7-169b-4aba-98d4-7ce427e47d80"}},"indexes":1,"firstIndex":{"name":"deleted"},"command":{"createIndexes":"newPage","v":2,"indexes":[{"key":{"deleted":1},"name":"deleted"}],"ignoreUnknownIndexOptions":false}}}
{"t":{"$date":"2026-07-08T11:53:15.006+00:00"},"s":"I",  "c":"REPL",     "id":7360101, "ctx":"conn13","msg":"Wrote oplog entry for createIndexes","attr":{"namespace":"appsmith.$cmd","uuid":{"uuid":{"$uuid":"0b57f3a7-169b-4aba-98d4-7ce427e47d80"}},"opTime":{"ts":{"$timestamp":{"t":1783511595,"i":1}},"t":2},"object":{"createIndexes":"newPage","v":2,"key":{"deleted":1},"name":"deleted"}}}
{"t":{"$date":"2026-07-08T11:53:15.017+00:00"},"s":"I",  "c":"INDEX",    "id":20345,   "ctx":"conn13","msg":"Index build: done building","attr":{"buildUUID":null,"collectionUUID":{"uuid":{"$uuid":"0b57f3a7-169b-4aba-98d4-7ce427e47d80"}},"namespace":"appsmith.newPage","index":"deleted","ident":"index-108-5189528299374886471","collectionIdent":"collection-64-5189528299374886471","commitTimestamp":{"$timestamp":{"t":1783511595,"i":1}}}}
{"t":{"$date":"2026-07-08T11:53:15.017+00:00"},"s":"I",  "c":"INDEX",    "id":20440,   "ctx":"conn13","msg":"Index build: waiting for index build to complete","attr":{"buildUUID":{"uuid":{"$uuid":"ab4c4f38-f809-4922-8f77-53f0117fc355"}},"deadline":{"$date":{"$numberLong":"9223372036854775807"}}}}
{"t":{"$date":"2026-07-08T11:53:15.018+00:00"},"s":"I",  "c":"INDEX",    "id":20447,   "ctx":"conn13","msg":"Index build: completed","attr":{"buildUUID":{"uuid":{"$uuid":"ab4c4f38-f809-4922-8f77-53f0117fc355"}}}}
{"t":{"$date":"2026-07-08T11:53:15.024+00:00"},"s":"I",  "c":"COMMAND",  "id":51806,   "ctx":"conn13","msg":"CMD: dropIndexes","attr":{"namespace":"appsmith.application","uuid":{"uuid":{"$uuid":"108defb8-8b72-46a6-9da7-ecea6d39c43c"}},"indexes":"deleted"}}
{"t":{"$date":"2026-07-08T11:53:15.034+00:00"},"s":"I",  "c":"INDEX",    "id":20438,   "ctx":"conn13","msg":"Index build: registering","attr":{"buildUUID":{"uuid":{"$uuid":"c05a8fee-61df-4eed-9dcc-14674b508e9c"}},"namespace":"appsmith.application","collectionUUID":{"uuid":{"$uuid":"108defb8-8b72-46a6-9da7-ecea6d39c43c"}},"indexes":1,"firstIndex":{"name":"deleted"},"command":{"createIndexes":"application","v":2,"indexes":[{"key":{"deleted":1},"name":"deleted"}],"ignoreUnknownIndexOptions":false}}}
{"t":{"$date":"2026-07-08T11:53:15.035+00:00"},"s":"I",  "c":"REPL",     "id":7360101, "ctx":"conn13","msg":"Wrote oplog entry for createIndexes","attr":{"namespace":"appsmith.$cmd","uuid":{"uuid":{"$uuid":"108defb8-8b72-46a6-9da7-ecea6d39c43c"}},"opTime":{"ts":{"$timestamp":{"t":1783511595,"i":2}},"t":2},"object":{"createIndexes":"application","v":2,"key":{"deleted":1},"name":"deleted"}}}
{"t":{"$date":"2026-07-08T11:53:15.049+00:00"},"s":"I",  "c":"INDEX",    "id":20345,   "ctx":"conn13","msg":"Index build: done building","attr":{"buildUUID":null,"collectionUUID":{"uuid":{"$uuid":"108defb8-8b72-46a6-9da7-ecea6d39c43c"}},"namespace":"appsmith.application","index":"deleted","ident":"index-109-5189528299374886471","collectionIdent":"collection-30-5189528299374886471","commitTimestamp":{"$timestamp":{"t":1783511595,"i":2}}}}
{"t":{"$date":"2026-07-08T11:53:15.050+00:00"},"s":"I",  "c":"INDEX",    "id":20440,   "ctx":"conn13","msg":"Index build: waiting for index build to complete","attr":{"buildUUID":{"uuid":{"$uuid":"c05a8fee-61df-4eed-9dcc-14674b508e9c"}},"deadline":{"$date":{"$numberLong":"9223372036854775807"}}}}
{"t":{"$date":"2026-07-08T11:53:15.050+00:00"},"s":"I",  "c":"INDEX",    "id":20447,   "ctx":"conn13","msg":"Index build: completed","attr":{"buildUUID":{"uuid":{"$uuid":"c05a8fee-61df-4eed-9dcc-14674b508e9c"}}}}
{"t":{"$date":"2026-07-08T11:53:15.057+00:00"},"s":"I",  "c":"COMMAND",  "id":51806,   "ctx":"conn13","msg":"CMD: dropIndexes","attr":{"namespace":"appsmith.workspace","uuid":{"uuid":{"$uuid":"e4516a53-d34e-42b8-a059-b9ded36ad552"}},"indexes":"tenantId_deleted"}}
{"t":{"$date":"2026-07-08T11:53:15.066+00:00"},"s":"I",  "c":"INDEX",    "id":20438,   "ctx":"conn13","msg":"Index build: registering","attr":{"buildUUID":{"uuid":{"$uuid":"117efac1-d0eb-414d-839b-77a6b270bbdc"}},"namespace":"appsmith.workspace","collectionUUID":{"uuid":{"$uuid":"e4516a53-d34e-42b8-a059-b9ded36ad552"}},"indexes":1,"firstIndex":{"name":"tenantId_deleted"},"command":{"createIndexes":"workspace","v":2,"indexes":[{"key":{"tenantId":1,"deleted":1},"name":"tenantId_deleted"}],"ignoreUnknownIndexOptions":false}}}
{"t":{"$date":"2026-07-08T11:53:15.067+00:00"},"s":"I",  "c":"REPL",     "id":7360101, "ctx":"conn13","msg":"Wrote oplog entry for createIndexes","attr":{"namespace":"appsmith.$cmd","uuid":{"uuid":{"$uuid":"e4516a53-d34e-42b8-a059-b9ded36ad552"}},"opTime":{"ts":{"$timestamp":{"t":1783511595,"i":3}},"t":2},"object":{"createIndexes":"workspace","v":2,"key":{"tenantId":1,"deleted":1},"name":"tenantId_deleted"}}}
{"t":{"$date":"2026-07-08T11:53:15.080+00:00"},"s":"I",  "c":"INDEX",    "id":20345,   "ctx":"conn13","msg":"Index build: done building","attr":{"buildUUID":null,"collectionUUID":{"uuid":{"$uuid":"e4516a53-d34e-42b8-a059-b9ded36ad552"}},"namespace":"appsmith.workspace","index":"tenantId_deleted","ident":"index-110-5189528299374886471","collectionIdent":"collection-93-5189528299374886471","commitTimestamp":{"$timestamp":{"t":1783511595,"i":3}}}}
{"t":{"$date":"2026-07-08T11:53:15.080+00:00"},"s":"I",  "c":"INDEX",    "id":20440,   "ctx":"conn13","msg":"Index build: waiting for index build to complete","attr":{"buildUUID":{"uuid":{"$uuid":"117efac1-d0eb-414d-839b-77a6b270bbdc"}},"deadline":{"$date":{"$numberLong":"9223372036854775807"}}}}
{"t":{"$date":"2026-07-08T11:53:15.081+00:00"},"s":"I",  "c":"INDEX",    "id":20447,   "ctx":"conn13","msg":"Index build: completed","attr":{"buildUUID":{"uuid":{"$uuid":"117efac1-d0eb-414d-839b-77a6b270bbdc"}}}}
{"t":{"$date":"2026-07-08T11:53:15.094+00:00"},"s":"I",  "c":"STORAGE",  "id":20320,   "ctx":"conn13","msg":"createCollection","attr":{"namespace":"appsmith.customJSLib","uuidDisposition":"generated","uuid":{"uuid":{"$uuid":"16c3af61-ec61-4bc4-88f2-f6f11f0ebdef"}},"options":{}}}
{"t":{"$date":"2026-07-08T11:53:15.113+00:00"},"s":"I",  "c":"REPL",     "id":7360103, "ctx":"conn13","msg":"Wrote oplog entry for create","attr":{"namespace":"appsmith.$cmd","uuid":{"uuid":{"$uuid":"16c3af61-ec61-4bc4-88f2-f6f11f0ebdef"}},"opTime":{"ts":{"$timestamp":{"t":1783511595,"i":4}},"t":2},"object":{"create":"customJSLib","idIndex":{"v":2,"key":{"_id":1},"name":"_id_"}}}}
{"t":{"$date":"2026-07-08T11:53:15.114+00:00"},"s":"I",  "c":"REPL",     "id":7360101, "ctx":"conn13","msg":"Wrote oplog entry for createIndexes","attr":{"namespace":"appsmith.$cmd","uuid":{"uuid":{"$uuid":"16c3af61-ec61-4bc4-88f2-f6f11f0ebdef"}},"opTime":{"ts":{"$timestamp":{"t":1783511595,"i":5}},"t":2},"object":{"createIndexes":"customJSLib","v":2,"unique":true,"key":{"uidString":1},"name":"customjslibs_uidstring_index"}}}
{"t":{"$date":"2026-07-08T11:53:15.123+00:00"},"s":"I",  "c":"INDEX",    "id":20345,   "ctx":"conn13","msg":"Index build: done building","attr":{"buildUUID":null,"collectionUUID":{"uuid":{"$uuid":"16c3af61-ec61-4bc4-88f2-f6f11f0ebdef"}},"namespace":"appsmith.customJSLib","index":"_id_","ident":"index-112-5189528299374886471","collectionIdent":"collection-111-5189528299374886471","commitTimestamp":{"$timestamp":{"t":1783511595,"i":5}}}}
{"t":{"$date":"2026-07-08T11:53:15.124+00:00"},"s":"I",  "c":"INDEX",    "id":20345,   "ctx":"conn13","msg":"Index build: done building","attr":{"buildUUID":null,"collectionUUID":{"uuid":{"$uuid":"16c3af61-ec61-4bc4-88f2-f6f11f0ebdef"}},"namespace":"appsmith.customJSLib","index":"customjslibs_uidstring_index","ident":"index-113-5189528299374886471","collectionIdent":"collection-111-5189528299374886471","commitTimestamp":{"$timestamp":{"t":1783511595,"i":5}}}}
{"t":{"$date":"2026-07-08T11:53:15.230+00:00"},"s":"I",  "c":"TXN",      "id":51802,   "ctx":"conn12","msg":"transaction","attr":{"parameters":{"lsid":{"id":{"$uuid":"9c9d1936-56c6-4adc-80b5-e9cdd2aee1e2"},"uid":{"$binary":{"base64":"36OVKiS44JdD6Kg1iV5QeE27b7ll1XrRr0J40V91lX4=","subType":"0"}}},"txnNumber":3,"txnRetryCounter":0,"autocommit":false,"readConcern":{"level":"local","provenance":"clientSupplied"}},"readTimestamp":"Timestamp(0, 0)","terminationCause":"committed","timeActiveMicros":12772,"timeInactiveMicros":1362849,"numYields":0,"locks":{"FeatureCompatibilityVersion":{"acquireCount":{"w":1}},"ReplicationStateTransition":{"acquireCount":{"w":3}},"Global":{"acquireCount":{"w":1}},"Database":{"acquireCount":{"w":2}},"Collection":{"acquireCount":{"w":2}}},"storage":{},"wasPrepared":false,"durationMillis":1375}}
{"t":{"$date":"2026-07-08T11:53:15.335+00:00"},"s":"I",  "c":"STORAGE",  "id":22260,   "ctx":"TimestampMonitor","msg":"Removing drop-pending idents with drop timestamps before timestamp","attr":{"timestamp":{"$timestamp":{"t":1783511546,"i":1}}}}
{"t":{"$date":"2026-07-08T11:53:15.336+00:00"},"s":"I",  "c":"STORAGE",  "id":22237,   "ctx":"TimestampMonitor","msg":"Completing drop for ident","attr":{"ident":"internal-107-5189528299374886471","dropTimestamp":{"$timestamp":{"t":0,"i":0}}}}
{"t":{"$date":"2026-07-08T11:53:15.338+00:00"},"s":"I",  "c":"STORAGE",  "id":6776600, "ctx":"TimestampMonitor","msg":"The ident was successfully dropped","attr":{"ident":"internal-107-5189528299374886471","dropTimestamp":{"$timestamp":{"t":0,"i":0}}}}
{"t":{"$date":"2026-07-08T11:53:15.567+00:00"},"s":"I",  "c":"STORAGE",  "id":20320,   "ctx":"conn13","msg":"createCollection","attr":{"namespace":"appsmith.applicationSnapshot","uuidDisposition":"generated","uuid":{"uuid":{"$uuid":"c0ed5f7f-57d5-4035-bfe7-0bf790a0d96b"}},"options":{}}}
{"t":{"$date":"2026-07-08T11:53:15.588+00:00"},"s":"I",  "c":"REPL",     "id":7360103, "ctx":"conn13","msg":"Wrote oplog entry for create","attr":{"namespace":"appsmith.$cmd","uuid":{"uuid":{"$uuid":"c0ed5f7f-57d5-4035-bfe7-0bf790a0d96b"}},"opTime":{"ts":{"$timestamp":{"t":1783511595,"i":35}},"t":2},"object":{"create":"applicationSnapshot","idIndex":{"v":2,"key":{"_id":1},"name":"_id_"}}}}
{"t":{"$date":"2026-07-08T11:53:15.588+00:00"},"s":"I",  "c":"REPL",     "id":7360101, "ctx":"conn13","msg":"Wrote oplog entry for createIndexes","attr":{"namespace":"appsmith.$cmd","uuid":{"uuid":{"$uuid":"c0ed5f7f-57d5-4035-bfe7-0bf790a0d96b"}},"opTime":{"ts":{"$timestamp":{"t":1783511595,"i":36}},"t":2},"object":{"createIndexes":"applicationSnapshot","v":2,"unique":true,"key":{"applicationId":1,"chunkOrder":1},"name":"applicationId_chunkOrder_unique_index"}}}
{"t":{"$date":"2026-07-08T11:53:15.596+00:00"},"s":"I",  "c":"INDEX",    "id":20345,   "ctx":"conn13","msg":"Index build: done building","attr":{"buildUUID":null,"collectionUUID":{"uuid":{"$uuid":"c0ed5f7f-57d5-4035-bfe7-0bf790a0d96b"}},"namespace":"appsmith.applicationSnapshot","index":"_id_","ident":"index-115-5189528299374886471","collectionIdent":"collection-114-5189528299374886471","commitTimestamp":{"$timestamp":{"t":1783511595,"i":36}}}}
{"t":{"$date":"2026-07-08T11:53:15.596+00:00"},"s":"I",  "c":"INDEX",    "id":20345,   "ctx":"conn13","msg":"Index build: done building","attr":{"buildUUID":null,"collectionUUID":{"uuid":{"$uuid":"c0ed5f7f-57d5-4035-bfe7-0bf790a0d96b"}},"namespace":"appsmith.applicationSnapshot","index":"applicationId_chunkOrder_unique_index","ident":"index-116-5189528299374886471","collectionIdent":"collection-114-5189528299374886471","commitTimestamp":{"$timestamp":{"t":1783511595,"i":36}}}}
{"t":{"$date":"2026-07-08T11:53:16.445+00:00"},"s":"I",  "c":"COMMAND",  "id":51806,   "ctx":"conn13","msg":"CMD: dropIndexes","attr":{"namespace":"appsmith.permissionGroup","uuid":{"uuid":{"$uuid":"facb0855-8ad8-448b-a6db-22146b2e2f81"}},"indexes":"permission_group_workspace_deleted_compound_index"}}
{"t":{"$date":"2026-07-08T11:53:16.449+00:00"},"s":"I",  "c":"COMMAND",  "id":51806,   "ctx":"conn13","msg":"CMD: dropIndexes","attr":{"namespace":"appsmith.permissionGroup","uuid":{"uuid":{"$uuid":"facb0855-8ad8-448b-a6db-22146b2e2f81"}},"indexes":"permission_group_domainId_domainType_deleted"}}
{"t":{"$date":"2026-07-08T11:53:16.453+00:00"},"s":"I",  "c":"INDEX",    "id":20438,   "ctx":"conn13","msg":"Index build: registering","attr":{"buildUUID":{"uuid":{"$uuid":"011da91b-8d1a-45f7-9bb5-47bc83b84995"}},"namespace":"appsmith.permissionGroup","collectionUUID":{"uuid":{"$uuid":"facb0855-8ad8-448b-a6db-22146b2e2f81"}},"indexes":1,"firstIndex":{"name":"permission_group_domainId_domainType_deleted"},"command":{"createIndexes":"permissionGroup","v":2,"indexes":[{"key":{"defaultDomainId":1,"defaultDomainType":1,"deleted":1,"deletedAt":1},"name":"permission_group_domainId_domainType_deleted"}],"ignoreUnknownIndexOptions":false}}}
{"t":{"$date":"2026-07-08T11:53:16.467+00:00"},"s":"I",  "c":"INDEX",    "id":20384,   "ctx":"IndexBuildsCoordinatorMongod-0","msg":"Index build: starting","attr":{"buildUUID":{"uuid":{"$uuid":"011da91b-8d1a-45f7-9bb5-47bc83b84995"}},"collectionUUID":{"uuid":{"$uuid":"facb0855-8ad8-448b-a6db-22146b2e2f81"}},"namespace":"appsmith.permissionGroup","properties":{"v":2,"key":{"defaultDomainId":1,"defaultDomainType":1,"deleted":1,"deletedAt":1},"name":"permission_group_domainId_domainType_deleted"},"specIndex":0,"numSpecs":1,"method":"Hybrid","ident":"index-117-5189528299374886471","collectionIdent":"collection-100-5189528299374886471","maxTemporaryMemoryUsageMB":200}}
{"t":{"$date":"2026-07-08T11:53:16.468+00:00"},"s":"I",  "c":"INDEX",    "id":20346,   "ctx":"IndexBuildsCoordinatorMongod-0","msg":"Index build: initialized","attr":{"buildUUID":{"uuid":{"$uuid":"011da91b-8d1a-45f7-9bb5-47bc83b84995"}},"collectionUUID":{"uuid":{"$uuid":"facb0855-8ad8-448b-a6db-22146b2e2f81"}},"namespace":"appsmith.permissionGroup","initializationTimestamp":{"$timestamp":{"t":1783511596,"i":24}}}}
{"t":{"$date":"2026-07-08T11:53:16.468+00:00"},"s":"I",  "c":"STORAGE",  "id":4847600, "ctx":"IndexBuildsCoordinatorMongod-0","msg":"Index build: waiting for last optime before interceptors to be majority committed","attr":{"buildUUID":{"uuid":{"$uuid":"011da91b-8d1a-45f7-9bb5-47bc83b84995"}},"collectionUUID":{"uuid":{"$uuid":"facb0855-8ad8-448b-a6db-22146b2e2f81"}},"deadline":{"$date":"2026-07-08T11:53:26.468Z"},"timeoutMillis":10000,"lastOpTime":{"ts":{"$timestamp":{"t":1783511596,"i":24}},"t":2}}}
{"t":{"$date":"2026-07-08T11:53:16.468+00:00"},"s":"I",  "c":"INDEX",    "id":20440,   "ctx":"conn13","msg":"Index build: waiting for index build to complete","attr":{"buildUUID":{"uuid":{"$uuid":"011da91b-8d1a-45f7-9bb5-47bc83b84995"}},"deadline":{"$date":{"$numberLong":"9223372036854775807"}}}}
{"t":{"$date":"2026-07-08T11:53:16.550+00:00"},"s":"I",  "c":"INDEX",    "id":20391,   "ctx":"IndexBuildsCoordinatorMongod-0","msg":"Index build: collection scan done","attr":{"buildUUID":{"uuid":{"$uuid":"011da91b-8d1a-45f7-9bb5-47bc83b84995"}},"collectionUUID":{"uuid":{"$uuid":"facb0855-8ad8-448b-a6db-22146b2e2f81"}},"namespace":"appsmith.permissionGroup","totalRecords":2,"readSource":"kMajorityCommitted","durationMillis":0}}
{"t":{"$date":"2026-07-08T11:53:16.552+00:00"},"s":"I",  "c":"COMMAND",  "id":20685,   "ctx":"IndexBuildsCoordinatorMongod-0","msg":"Index build: inserted keys from external sorter into index","attr":{"namespace":"appsmith.permissionGroup","index":"permission_group_domainId_domainType_deleted","keysInserted":2,"durationMillis":1}}
{"t":{"$date":"2026-07-08T11:53:16.554+00:00"},"s":"I",  "c":"STORAGE",  "id":7568000, "ctx":"IndexBuildsCoordinatorMongod-0","msg":"Index build: vote for commit readiness","attr":{"buildUUID":{"uuid":{"$uuid":"011da91b-8d1a-45f7-9bb5-47bc83b84995"}},"db":"appsmith","collectionUUID":{"uuid":{"$uuid":"facb0855-8ad8-448b-a6db-22146b2e2f81"}}}}
{"t":{"$date":"2026-07-08T11:53:16.556+00:00"},"s":"I",  "c":"NETWORK",  "id":6788700, "ctx":"conn28","msg":"Received first command on ingress connection since session start or auth handshake","attr":{"elapsedMillis":1694}}
{"t":{"$date":"2026-07-08T11:53:16.557+00:00"},"s":"I",  "c":"STORAGE",  "id":3856201, "ctx":"conn28","msg":"Index build: commit quorum satisfied","attr":{"indexBuildEntry":{"_id":{"$uuid":"011da91b-8d1a-45f7-9bb5-47bc83b84995"},"collectionUUID":{"$uuid":"facb0855-8ad8-448b-a6db-22146b2e2f81"},"commitQuorum":"votingMembers","indexNames":["permission_group_domainId_domainType_deleted"],"commitReadyMembers":["localhost:27017"]}}}
{"t":{"$date":"2026-07-08T11:53:16.557+00:00"},"s":"I",  "c":"CONNPOOL", "id":22566,   "ctx":"ReplNetwork","msg":"Ending connection due to bad connection status","attr":{"hostAndPort":"localhost:27017","error":"CallbackCanceled: onInvoke :: caused by :: Callback was canceled","numOpenConns":0}}
{"t":{"$date":"2026-07-08T11:53:16.557+00:00"},"s":"I",  "c":"STORAGE",  "id":3856203, "ctx":"IndexBuildsCoordinatorMongod-0","msg":"Index build: waiting for next action before completing final phase","attr":{"buildUUID":{"uuid":{"$uuid":"011da91b-8d1a-45f7-9bb5-47bc83b84995"}}}}
{"t":{"$date":"2026-07-08T11:53:16.557+00:00"},"s":"I",  "c":"CONNPOOL", "id":22576,   "ctx":"ReplNetwork","msg":"Connecting","attr":{"hostAndPort":"localhost:27017"}}
{"t":{"$date":"2026-07-08T11:53:16.558+00:00"},"s":"I",  "c":"STORAGE",  "id":3856204, "ctx":"IndexBuildsCoordinatorMongod-0","msg":"Index build: received signal","attr":{"buildUUID":{"uuid":{"$uuid":"011da91b-8d1a-45f7-9bb5-47bc83b84995"}},"action":"Commit quorum Satisfied"}}
{"t":{"$date":"2026-07-08T11:53:16.559+00:00"},"s":"I",  "c":"INDEX",    "id":20345,   "ctx":"IndexBuildsCoordinatorMongod-0","msg":"Index build: done building","attr":{"buildUUID":{"uuid":{"$uuid":"011da91b-8d1a-45f7-9bb5-47bc83b84995"}},"collectionUUID":{"uuid":{"$uuid":"facb0855-8ad8-448b-a6db-22146b2e2f81"}},"namespace":"appsmith.permissionGroup","index":"permission_group_domainId_domainType_deleted","ident":"index-117-5189528299374886471","collectionIdent":"collection-100-5189528299374886471","commitTimestamp":{"$timestamp":{"t":1783511596,"i":26}}}}
{"t":{"$date":"2026-07-08T11:53:16.559+00:00"},"s":"I",  "c":"NETWORK",  "id":22943,   "ctx":"listener","msg":"Connection accepted","attr":{"remote":"127.0.0.1:58914","isLoadBalanced":false,"uuid":{"uuid":{"$uuid":"55241555-ffe6-4285-bab1-c2b2572424ac"}},"connectionId":31,"connectionCount":9}}
{"t":{"$date":"2026-07-08T11:53:16.559+00:00"},"s":"I",  "c":"STORAGE",  "id":20663,   "ctx":"IndexBuildsCoordinatorMongod-0","msg":"Index build: completed successfully","attr":{"buildUUID":{"uuid":{"$uuid":"011da91b-8d1a-45f7-9bb5-47bc83b84995"}},"collectionUUID":{"uuid":{"$uuid":"facb0855-8ad8-448b-a6db-22146b2e2f81"}},"namespace":"appsmith.permissionGroup","indexesBuilt":["permission_group_domainId_domainType_deleted"],"numIndexesBefore":2,"numIndexesAfter":3}}
{"t":{"$date":"2026-07-08T11:53:16.559+00:00"},"s":"I",  "c":"NETWORK",  "id":22944,   "ctx":"conn28","msg":"Connection ended","attr":{"remote":"127.0.0.1:58898","isLoadBalanced":false,"uuid":{"uuid":{"$uuid":"5b74d9d7-fecb-4415-8df1-46fcd8a961be"}},"connectionId":28,"connectionCount":8}}
{"t":{"$date":"2026-07-08T11:53:16.560+00:00"},"s":"I",  "c":"NETWORK",  "id":51800,   "ctx":"conn31","msg":"client metadata","attr":{"remote":"127.0.0.1:58914","client":"conn31","negotiatedCompressors":["snappy","zstd","zlib"],"doc":{"driver":{"name":"NetworkInterfaceTL-ReplNetwork","version":"7.0.34"},"os":{"type":"Linux","name":"Ubuntu","architecture":"x86_64","version":"24.04"}}}}
{"t":{"$date":"2026-07-08T11:53:16.560+00:00"},"s":"I",  "c":"INDEX",    "id":20447,   "ctx":"conn13","msg":"Index build: completed","attr":{"buildUUID":{"uuid":{"$uuid":"011da91b-8d1a-45f7-9bb5-47bc83b84995"}}}}
{"t":{"$date":"2026-07-08T11:53:16.560+00:00"},"s":"I",  "c":"STORAGE",  "id":51803,   "ctx":"IndexBuildsCoordinatorMongod-0","msg":"Slow query","attr":{"type":"none","ns":"appsmith.permissionGroup","command":{"createIndexes":"permissionGroup","indexes":[{"v":2,"key":{"defaultDomainId":1,"defaultDomainType":1,"deleted":1,"deletedAt":1},"name":"permission_group_domainId_domainType_deleted"}],"$db":"appsmith","$clusterTime":{"clusterTime":{"$timestamp":{"t":1783511596,"i":22}},"signature":{"hash":{"$binary":{"base64":"Okcuxnz2TLBwA6P6wsdLi/S9WlY=","subType":"0"}},"keyId":7660123826532909058}},"lsid":{"id":{"$uuid":"bf0b1e99-2238-40bb-9de9-5db2b9be2d37"}},"$readPreference":{"mode":"primaryPreferred"}},"totalOplogSlotDurationMicros":29647,"numYields":0,"queryHash":"869CED4F","planCacheKey":"333C0A17","queryFramework":"classic","locks":{"FeatureCompatibilityVersion":{"acquireCount":{"r":3,"w":6}},"ReplicationStateTransition":{"acquireCount":{"w":9}},"Global":{"acquireCount":{"r":3,"w":6}},"Database":{"acquireCount":{"r":2,"w":6}},"Collection":{"acquireCount":{"r":1,"w":4,"R":1,"W":2}},"Mutex":{"acquireCount":{"r":1}}},"flowControl":{"acquireCount":4},"storage":{},"cpuNanos":11762108,"durationMillis":106}}
{"t":{"$date":"2026-07-08T11:53:16.560+00:00"},"s":"I",  "c":"ACCESS",   "id":6788604, "ctx":"conn31","msg":"Auth metrics report","attr":{"metric":"acquireUser","micros":0}}
{"t":{"$date":"2026-07-08T11:53:16.562+00:00"},"s":"I",  "c":"ACCESS",   "id":5286306, "ctx":"conn31","msg":"Successfully authenticated","attr":{"client":"127.0.0.1:58914","isSpeculative":true,"isClusterMember":true,"mechanism":"SCRAM-SHA-256","user":"__system","db":"local","result":0,"metrics":{"conversation_duration":{"micros":1846,"summary":{"0":{"step":1,"step_total":3,"duration_micros":761},"1":{"step":2,"step_total":3,"duration_micros":23},"2":{"step":3,"step_total":3,"duration_micros":0}}}},"doc":{"driver":{"name":"NetworkInterfaceTL-ReplNetwork","version":"7.0.34"},"os":{"type":"Linux","name":"Ubuntu","architecture":"x86_64","version":"24.04"}},"extraInfo":{}}}
{"t":{"$date":"2026-07-08T11:53:16.562+00:00"},"s":"I",  "c":"COMMAND",  "id":51803,   "ctx":"conn13","msg":"Slow query","attr":{"type":"command","ns":"appsmith.permissionGroup","command":{"createIndexes":"permissionGroup","indexes":[{"key":{"defaultDomainId":1,"defaultDomainType":1,"deleted":1,"deletedAt":1},"name":"permission_group_domainId_domainType_deleted"}],"$db":"appsmith","$clusterTime":{"clusterTime":{"$timestamp":{"t":1783511596,"i":22}},"signature":{"hash":{"$binary":{"base64":"Okcuxnz2TLBwA6P6wsdLi/S9WlY=","subType":"0"}},"keyId":7660123826532909058}},"lsid":{"id":{"$uuid":"bf0b1e99-2238-40bb-9de9-5db2b9be2d37"}},"$readPreference":{"mode":"primaryPreferred"}},"numYields":0,"reslen":271,"locks":{"ParallelBatchWriterMode":{"acquireCount":{"r":4}},"FeatureCompatibilityVersion":{"acquireCount":{"r":3,"w":4}},"ReplicationStateTransition":{"acquireCount":{"w":7}},"Global":{"acquireCount":{"r":3,"w":4}},"Database":{"acquireCount":{"r":1,"w":3}},"Collection":{"acquireCount":{"r":1,"w":2,"W":1}},"Mutex":{"acquireCount":{"r":1}}},"flowControl":{"acquireCount":3},"readConcern":{"level":"local","provenance":"implicitDefault"},"writeConcern":{"w":"majority","wtimeout":0,"provenance":"implicitDefault"},"waitForWriteConcernDurationMillis":1,"storage":{},"cpuNanos":1038843,"remote":"127.0.0.1:58810","protocol":"op_msg","durationMillis":109}}
{"t":{"$date":"2026-07-08T11:53:16.707+00:00"},"s":"I",  "c":"STORAGE",  "id":20320,   "ctx":"conn13","msg":"createCollection","attr":{"namespace":"appsmith.datasourceStorageStructure","uuidDisposition":"generated","uuid":{"uuid":{"$uuid":"08ede5a1-a5ad-4f34-8217-d9e9b7d23339"}},"options":{}}}
{"t":{"$date":"2026-07-08T11:53:16.731+00:00"},"s":"I",  "c":"REPL",     "id":7360103, "ctx":"conn13","msg":"Wrote oplog entry for create","attr":{"namespace":"appsmith.$cmd","uuid":{"uuid":{"$uuid":"08ede5a1-a5ad-4f34-8217-d9e9b7d23339"}},"opTime":{"ts":{"$timestamp":{"t":1783511596,"i":29}},"t":2},"object":{"create":"datasourceStorageStructure","idIndex":{"v":2,"key":{"_id":1},"name":"_id_"}}}}
{"t":{"$date":"2026-07-08T11:53:16.732+00:00"},"s":"I",  "c":"REPL",     "id":7360101, "ctx":"conn13","msg":"Wrote oplog entry for createIndexes","attr":{"namespace":"appsmith.$cmd","uuid":{"uuid":{"$uuid":"08ede5a1-a5ad-4f34-8217-d9e9b7d23339"}},"opTime":{"ts":{"$timestamp":{"t":1783511596,"i":30}},"t":2},"object":{"createIndexes":"datasourceStorageStructure","v":2,"unique":true,"key":{"datasourceId":1,"environmentId":1},"name":"dsConfigStructure_dsId_envId"}}}
{"t":{"$date":"2026-07-08T11:53:16.742+00:00"},"s":"I",  "c":"INDEX",    "id":20345,   "ctx":"conn13","msg":"Index build: done building","attr":{"buildUUID":null,"collectionUUID":{"uuid":{"$uuid":"08ede5a1-a5ad-4f34-8217-d9e9b7d23339"}},"namespace":"appsmith.datasourceStorageStructure","index":"_id_","ident":"index-120-5189528299374886471","collectionIdent":"collection-119-5189528299374886471","commitTimestamp":{"$timestamp":{"t":1783511596,"i":30}}}}
{"t":{"$date":"2026-07-08T11:53:16.742+00:00"},"s":"I",  "c":"INDEX",    "id":20345,   "ctx":"conn13","msg":"Index build: done building","attr":{"buildUUID":null,"collectionUUID":{"uuid":{"$uuid":"08ede5a1-a5ad-4f34-8217-d9e9b7d23339"}},"namespace":"appsmith.datasourceStorageStructure","index":"dsConfigStructure_dsId_envId","ident":"index-121-5189528299374886471","collectionIdent":"collection-119-5189528299374886471","commitTimestamp":{"$timestamp":{"t":1783511596,"i":30}}}}
{"t":{"$date":"2026-07-08T11:53:16.992+00:00"},"s":"I",  "c":"STORAGE",  "id":20320,   "ctx":"conn13","msg":"createCollection","attr":{"namespace":"appsmith.datasourceStorage","uuidDisposition":"generated","uuid":{"uuid":{"$uuid":"a6f7ffe8-f62e-4bc8-82dd-cd12eafc1b5a"}},"options":{}}}
{"t":{"$date":"2026-07-08T11:53:17.008+00:00"},"s":"I",  "c":"REPL",     "id":7360103, "ctx":"conn13","msg":"Wrote oplog entry for create","attr":{"namespace":"appsmith.$cmd","uuid":{"uuid":{"$uuid":"a6f7ffe8-f62e-4bc8-82dd-cd12eafc1b5a"}},"opTime":{"ts":{"$timestamp":{"t":1783511596,"i":33}},"t":2},"object":{"create":"datasourceStorage","idIndex":{"v":2,"key":{"_id":1},"name":"_id_"}}}}
{"t":{"$date":"2026-07-08T11:53:17.009+00:00"},"s":"I",  "c":"REPL",     "id":7360101, "ctx":"conn13","msg":"Wrote oplog entry for createIndexes","attr":{"namespace":"appsmith.$cmd","uuid":{"uuid":{"$uuid":"a6f7ffe8-f62e-4bc8-82dd-cd12eafc1b5a"}},"opTime":{"ts":{"$timestamp":{"t":1783511597,"i":1}},"t":2},"object":{"createIndexes":"datasourceStorage","v":2,"unique":true,"key":{"datasourceId":1,"environmentId":1,"deletedAt":1},"name":"datasource_storage_compound_index"}}}
{"t":{"$date":"2026-07-08T11:53:17.018+00:00"},"s":"I",  "c":"INDEX",    "id":20345,   "ctx":"conn13","msg":"Index build: done building","attr":{"buildUUID":null,"collectionUUID":{"uuid":{"$uuid":"a6f7ffe8-f62e-4bc8-82dd-cd12eafc1b5a"}},"namespace":"appsmith.datasourceStorage","index":"_id_","ident":"index-123-5189528299374886471","collectionIdent":"collection-122-5189528299374886471","commitTimestamp":{"$timestamp":{"t":1783511597,"i":1}}}}
{"t":{"$date":"2026-07-08T11:53:17.019+00:00"},"s":"I",  "c":"INDEX",    "id":20345,   "ctx":"conn13","msg":"Index build: done building","attr":{"buildUUID":null,"collectionUUID":{"uuid":{"$uuid":"a6f7ffe8-f62e-4bc8-82dd-cd12eafc1b5a"}},"namespace":"appsmith.datasourceStorage","index":"datasource_storage_compound_index","ident":"index-124-5189528299374886471","collectionIdent":"collection-122-5189528299374886471","commitTimestamp":{"$timestamp":{"t":1783511597,"i":1}}}}
{"t":{"$date":"2026-07-08T11:53:17.145+00:00"},"s":"I",  "c":"INDEX",    "id":20438,   "ctx":"conn13","msg":"Index build: registering","attr":{"buildUUID":{"uuid":{"$uuid":"76356f63-d104-42d4-ba69-ea376eb5c070"}},"namespace":"appsmith.newAction","collectionUUID":{"uuid":{"$uuid":"54ef3b44-9986-4f29-88db-5a3cbb6014ec"}},"indexes":1,"firstIndex":{"name":"applicationId_pluginType_deletedAt_compound_index"},"command":{"createIndexes":"newAction","v":2,"indexes":[{"key":{"applicationId":1,"pluginType":1,"deletedAt":1},"name":"applicationId_pluginType_deletedAt_compound_index"}],"ignoreUnknownIndexOptions":false}}}
{"t":{"$date":"2026-07-08T11:53:17.148+00:00"},"s":"I",  "c":"REPL",     "id":7360101, "ctx":"conn13","msg":"Wrote oplog entry for createIndexes","attr":{"namespace":"appsmith.$cmd","uuid":{"uuid":{"$uuid":"54ef3b44-9986-4f29-88db-5a3cbb6014ec"}},"opTime":{"ts":{"$timestamp":{"t":1783511597,"i":3}},"t":2},"object":{"createIndexes":"newAction","v":2,"key":{"applicationId":1,"pluginType":1,"deletedAt":1},"name":"applicationId_pluginType_deletedAt_compound_index"}}}
{"t":{"$date":"2026-07-08T11:53:17.164+00:00"},"s":"I",  "c":"INDEX",    "id":20345,   "ctx":"conn13","msg":"Index build: done building","attr":{"buildUUID":null,"collectionUUID":{"uuid":{"$uuid":"54ef3b44-9986-4f29-88db-5a3cbb6014ec"}},"namespace":"appsmith.newAction","index":"applicationId_pluginType_deletedAt_compound_index","ident":"index-125-5189528299374886471","collectionIdent":"collection-67-5189528299374886471","commitTimestamp":{"$timestamp":{"t":1783511597,"i":3}}}}
{"t":{"$date":"2026-07-08T11:53:17.164+00:00"},"s":"I",  "c":"INDEX",    "id":20440,   "ctx":"conn13","msg":"Index build: waiting for index build to complete","attr":{"buildUUID":{"uuid":{"$uuid":"76356f63-d104-42d4-ba69-ea376eb5c070"}},"deadline":{"$date":{"$numberLong":"9223372036854775807"}}}}
{"t":{"$date":"2026-07-08T11:53:17.165+00:00"},"s":"I",  "c":"INDEX",    "id":20447,   "ctx":"conn13","msg":"Index build: completed","attr":{"buildUUID":{"uuid":{"$uuid":"76356f63-d104-42d4-ba69-ea376eb5c070"}}}}
{"t":{"$date":"2026-07-08T11:53:17.275+00:00"},"s":"I",  "c":"COMMAND",  "id":51806,   "ctx":"conn13","msg":"CMD: dropIndexes","attr":{"namespace":"appsmith.application","uuid":{"uuid":{"$uuid":"108defb8-8b72-46a6-9da7-ecea6d39c43c"}},"indexes":"defaultCollectionId_branchName_deleted_compound_index"}}
{"t":{"$date":"2026-07-08T11:53:17.282+00:00"},"s":"I",  "c":"COMMAND",  "id":51806,   "ctx":"conn13","msg":"CMD: dropIndexes","attr":{"namespace":"appsmith.application","uuid":{"uuid":{"$uuid":"108defb8-8b72-46a6-9da7-ecea6d39c43c"}},"indexes":"defaultApplicationId_branchName_deleted_compound_index"}}
{"t":{"$date":"2026-07-08T11:53:17.301+00:00"},"s":"I",  "c":"COMMAND",  "id":51806,   "ctx":"conn13","msg":"CMD: dropIndexes","attr":{"namespace":"appsmith.actionCollection","uuid":{"uuid":{"$uuid":"41f3b007-3538-4e37-b131-55d5fe684b43"}},"indexes":"unpublishedCollectionPageId_deleted_compound_index"}}
{"t":{"$date":"2026-07-08T11:53:17.309+00:00"},"s":"I",  "c":"COMMAND",  "id":51806,   "ctx":"conn13","msg":"CMD: dropIndexes","attr":{"namespace":"appsmith.actionCollection","uuid":{"uuid":{"$uuid":"41f3b007-3538-4e37-b131-55d5fe684b43"}},"indexes":"publishedCollectionPageId_deleted_compound_index"}}
{"t":{"$date":"2026-07-08T11:53:17.316+00:00"},"s":"I",  "c":"COMMAND",  "id":51806,   "ctx":"conn13","msg":"CMD: dropIndexes","attr":{"namespace":"appsmith.actionCollection","uuid":{"uuid":{"$uuid":"41f3b007-3538-4e37-b131-55d5fe684b43"}},"indexes":"defaultApplicationId_gitSyncId_deleted_compound_index"}}
{"t":{"$date":"2026-07-08T11:53:17.325+00:00"},"s":"I",  "c":"COMMAND",  "id":51806,   "ctx":"conn13","msg":"CMD: dropIndexes","attr":{"namespace":"appsmith.newAction","uuid":{"uuid":{"$uuid":"54ef3b44-9986-4f29-88db-5a3cbb6014ec"}},"indexes":"defaultApplicationId_gitSyncId_deleted_compound_index"}}
{"t":{"$date":"2026-07-08T11:53:17.335+00:00"},"s":"I",  "c":"STORAGE",  "id":22260,   "ctx":"TimestampMonitor","msg":"Removing drop-pending idents with drop timestamps before timestamp","attr":{"timestamp":{"$timestamp":{"t":1783511546,"i":1}}}}
{"t":{"$date":"2026-07-08T11:53:17.336+00:00"},"s":"I",  "c":"STORAGE",  "id":22237,   "ctx":"TimestampMonitor","msg":"Completing drop for ident","attr":{"ident":"internal-118-5189528299374886471","dropTimestamp":{"$timestamp":{"t":0,"i":0}}}}
{"t":{"$date":"2026-07-08T11:53:17.337+00:00"},"s":"I",  "c":"COMMAND",  "id":51806,   "ctx":"conn13","msg":"CMD: dropIndexes","attr":{"namespace":"appsmith.newPage","uuid":{"uuid":{"$uuid":"0b57f3a7-169b-4aba-98d4-7ce427e47d80"}},"indexes":"defaultApplicationId_gitSyncId_deleted_compound_index"}}
{"t":{"$date":"2026-07-08T11:53:17.340+00:00"},"s":"I",  "c":"STORAGE",  "id":6776600, "ctx":"TimestampMonitor","msg":"The ident was successfully dropped","attr":{"ident":"internal-118-5189528299374886471","dropTimestamp":{"$timestamp":{"t":0,"i":0}}}}
{"t":{"$date":"2026-07-08T11:53:17.366+00:00"},"s":"I",  "c":"COMMAND",  "id":51806,   "ctx":"conn13","msg":"CMD: dropIndexes","attr":{"namespace":"appsmith.application","uuid":{"uuid":{"$uuid":"108defb8-8b72-46a6-9da7-ecea6d39c43c"}},"indexes":"workspace_application_deleted_gitApplicationMetadata_compound_index"}}
{"t":{"$date":"2026-07-08T11:53:17.371+00:00"},"s":"I",  "c":"COMMAND",  "id":51806,   "ctx":"conn13","msg":"CMD: dropIndexes","attr":{"namespace":"appsmith.permissionGroup","uuid":{"uuid":{"$uuid":"facb0855-8ad8-448b-a6db-22146b2e2f81"}},"indexes":"permission_group_workspace_deleted_compound_index"}}
{"t":{"$date":"2026-07-08T11:53:17.377+00:00"},"s":"I",  "c":"COMMAND",  "id":51806,   "ctx":"conn13","msg":"CMD: dropIndexes","attr":{"namespace":"appsmith.permissionGroup","uuid":{"uuid":{"$uuid":"facb0855-8ad8-448b-a6db-22146b2e2f81"}},"indexes":"permission_group_assignedUserIds_deleted_compound_index"}}
{"t":{"$date":"2026-07-08T11:53:17.381+00:00"},"s":"I",  "c":"COMMAND",  "id":51806,   "ctx":"conn13","msg":"CMD: dropIndexes","attr":{"namespace":"appsmith.permissionGroup","uuid":{"uuid":{"$uuid":"facb0855-8ad8-448b-a6db-22146b2e2f81"}},"indexes":"permission_group_assignedUserIds_deleted"}}
{"t":{"$date":"2026-07-08T11:53:17.381+00:00"},"s":"I",  "c":"REPL",     "id":7360107, "ctx":"conn13","msg":"Wrote oplog entry for dropIndexes","attr":{"namespace":"appsmith.$cmd","uuid":{"uuid":{"$uuid":"facb0855-8ad8-448b-a6db-22146b2e2f81"}},"opTime":{"ts":{"$timestamp":{"t":1783511597,"i":5}},"t":2},"object":{"dropIndexes":"permissionGroup","index":"permission_group_assignedUserIds_deleted"}}}
{"t":{"$date":"2026-07-08T11:53:17.382+00:00"},"s":"I",  "c":"STORAGE",  "id":22206,   "ctx":"conn13","msg":"Deferring table drop for index","attr":{"index":"permission_group_assignedUserIds_deleted","namespace":"appsmith.permissionGroup","uuid":{"uuid":{"$uuid":"facb0855-8ad8-448b-a6db-22146b2e2f81"}},"ident":"index-106-5189528299374886471","dropTime":{"":{"$timestamp":{"t":1783511597,"i":5}}}}}
{"t":{"$date":"2026-07-08T11:53:17.389+00:00"},"s":"I",  "c":"INDEX",    "id":20438,   "ctx":"conn13","msg":"Index build: registering","attr":{"buildUUID":{"uuid":{"$uuid":"5c1650ea-71e9-41cf-b22c-708fb3d8b0bb"}},"namespace":"appsmith.permissionGroup","collectionUUID":{"uuid":{"$uuid":"facb0855-8ad8-448b-a6db-22146b2e2f81"}},"indexes":1,"firstIndex":{"name":"permission_group_assignedUserIds_deleted"},"command":{"createIndexes":"permissionGroup","v":2,"indexes":[{"key":{"assignedToUserIds":1,"deleted":1},"name":"permission_group_assignedUserIds_deleted"}],"ignoreUnknownIndexOptions":false}}}
{"t":{"$date":"2026-07-08T11:53:17.411+00:00"},"s":"I",  "c":"INDEX",    "id":20384,   "ctx":"IndexBuildsCoordinatorMongod-0","msg":"Index build: starting","attr":{"buildUUID":{"uuid":{"$uuid":"5c1650ea-71e9-41cf-b22c-708fb3d8b0bb"}},"collectionUUID":{"uuid":{"$uuid":"facb0855-8ad8-448b-a6db-22146b2e2f81"}},"namespace":"appsmith.permissionGroup","properties":{"v":2,"key":{"assignedToUserIds":1,"deleted":1},"name":"permission_group_assignedUserIds_deleted"},"specIndex":0,"numSpecs":1,"method":"Hybrid","ident":"index-126-5189528299374886471","collectionIdent":"collection-100-5189528299374886471","maxTemporaryMemoryUsageMB":200}}
{"t":{"$date":"2026-07-08T11:53:17.411+00:00"},"s":"I",  "c":"INDEX",    "id":20346,   "ctx":"IndexBuildsCoordinatorMongod-0","msg":"Index build: initialized","attr":{"buildUUID":{"uuid":{"$uuid":"5c1650ea-71e9-41cf-b22c-708fb3d8b0bb"}},"collectionUUID":{"uuid":{"$uuid":"facb0855-8ad8-448b-a6db-22146b2e2f81"}},"namespace":"appsmith.permissionGroup","initializationTimestamp":{"$timestamp":{"t":1783511597,"i":7}}}}
{"t":{"$date":"2026-07-08T11:53:17.412+00:00"},"s":"I",  "c":"STORAGE",  "id":4847600, "ctx":"IndexBuildsCoordinatorMongod-0","msg":"Index build: waiting for last optime before interceptors to be majority committed","attr":{"buildUUID":{"uuid":{"$uuid":"5c1650ea-71e9-41cf-b22c-708fb3d8b0bb"}},"collectionUUID":{"uuid":{"$uuid":"facb0855-8ad8-448b-a6db-22146b2e2f81"}},"deadline":{"$date":"2026-07-08T11:53:27.411Z"},"timeoutMillis":10000,"lastOpTime":{"ts":{"$timestamp":{"t":1783511597,"i":7}},"t":2}}}
{"t":{"$date":"2026-07-08T11:53:17.412+00:00"},"s":"I",  "c":"INDEX",    "id":20440,   "ctx":"conn13","msg":"Index build: waiting for index build to complete","attr":{"buildUUID":{"uuid":{"$uuid":"5c1650ea-71e9-41cf-b22c-708fb3d8b0bb"}},"deadline":{"$date":{"$numberLong":"9223372036854775807"}}}}
{"t":{"$date":"2026-07-08T11:53:17.485+00:00"},"s":"I",  "c":"INDEX",    "id":20391,   "ctx":"IndexBuildsCoordinatorMongod-0","msg":"Index build: collection scan done","attr":{"buildUUID":{"uuid":{"$uuid":"5c1650ea-71e9-41cf-b22c-708fb3d8b0bb"}},"collectionUUID":{"uuid":{"$uuid":"facb0855-8ad8-448b-a6db-22146b2e2f81"}},"namespace":"appsmith.permissionGroup","totalRecords":2,"readSource":"kMajorityCommitted","durationMillis":0}}
{"t":{"$date":"2026-07-08T11:53:17.487+00:00"},"s":"I",  "c":"COMMAND",  "id":20685,   "ctx":"IndexBuildsCoordinatorMongod-0","msg":"Index build: inserted keys from external sorter into index","attr":{"namespace":"appsmith.permissionGroup","index":"permission_group_assignedUserIds_deleted","keysInserted":2,"durationMillis":2}}
{"t":{"$date":"2026-07-08T11:53:17.490+00:00"},"s":"I",  "c":"STORAGE",  "id":7568000, "ctx":"IndexBuildsCoordinatorMongod-0","msg":"Index build: vote for commit readiness","attr":{"buildUUID":{"uuid":{"$uuid":"5c1650ea-71e9-41cf-b22c-708fb3d8b0bb"}},"db":"appsmith","collectionUUID":{"uuid":{"$uuid":"facb0855-8ad8-448b-a6db-22146b2e2f81"}}}}
{"t":{"$date":"2026-07-08T11:53:17.492+00:00"},"s":"I",  "c":"NETWORK",  "id":6788700, "ctx":"conn31","msg":"Received first command on ingress connection since session start or auth handshake","attr":{"elapsedMillis":930}}
{"t":{"$date":"2026-07-08T11:53:17.493+00:00"},"s":"I",  "c":"STORAGE",  "id":3856201, "ctx":"conn31","msg":"Index build: commit quorum satisfied","attr":{"indexBuildEntry":{"_id":{"$uuid":"5c1650ea-71e9-41cf-b22c-708fb3d8b0bb"},"collectionUUID":{"$uuid":"facb0855-8ad8-448b-a6db-22146b2e2f81"},"commitQuorum":"votingMembers","indexNames":["permission_group_assignedUserIds_deleted"],"commitReadyMembers":["localhost:27017"]}}}
{"t":{"$date":"2026-07-08T11:53:17.493+00:00"},"s":"I",  "c":"CONNPOOL", "id":22566,   "ctx":"ReplNetwork","msg":"Ending connection due to bad connection status","attr":{"hostAndPort":"localhost:27017","error":"CallbackCanceled: onInvoke :: caused by :: Callback was canceled","numOpenConns":0}}
{"t":{"$date":"2026-07-08T11:53:17.494+00:00"},"s":"I",  "c":"STORAGE",  "id":3856203, "ctx":"IndexBuildsCoordinatorMongod-0","msg":"Index build: waiting for next action before completing final phase","attr":{"buildUUID":{"uuid":{"$uuid":"5c1650ea-71e9-41cf-b22c-708fb3d8b0bb"}}}}
{"t":{"$date":"2026-07-08T11:53:17.494+00:00"},"s":"I",  "c":"STORAGE",  "id":3856204, "ctx":"IndexBuildsCoordinatorMongod-0","msg":"Index build: received signal","attr":{"buildUUID":{"uuid":{"$uuid":"5c1650ea-71e9-41cf-b22c-708fb3d8b0bb"}},"action":"Commit quorum Satisfied"}}
{"t":{"$date":"2026-07-08T11:53:17.495+00:00"},"s":"I",  "c":"INDEX",    "id":20345,   "ctx":"IndexBuildsCoordinatorMongod-0","msg":"Index build: done building","attr":{"buildUUID":{"uuid":{"$uuid":"5c1650ea-71e9-41cf-b22c-708fb3d8b0bb"}},"collectionUUID":{"uuid":{"$uuid":"facb0855-8ad8-448b-a6db-22146b2e2f81"}},"namespace":"appsmith.permissionGroup","index":"permission_group_assignedUserIds_deleted","ident":"index-126-5189528299374886471","collectionIdent":"collection-100-5189528299374886471","commitTimestamp":{"$timestamp":{"t":1783511597,"i":9}}}}
{"t":{"$date":"2026-07-08T11:53:17.495+00:00"},"s":"I",  "c":"NETWORK",  "id":22943,   "ctx":"listener","msg":"Connection accepted","attr":{"remote":"127.0.0.1:55970","isLoadBalanced":false,"uuid":{"uuid":{"$uuid":"31d14762-81af-457e-ae37-b72938eea480"}},"connectionId":33,"connectionCount":9}}
{"t":{"$date":"2026-07-08T11:53:17.495+00:00"},"s":"I",  "c":"STORAGE",  "id":20663,   "ctx":"IndexBuildsCoordinatorMongod-0","msg":"Index build: completed successfully","attr":{"buildUUID":{"uuid":{"$uuid":"5c1650ea-71e9-41cf-b22c-708fb3d8b0bb"}},"collectionUUID":{"uuid":{"$uuid":"facb0855-8ad8-448b-a6db-22146b2e2f81"}},"namespace":"appsmith.permissionGroup","indexesBuilt":["permission_group_assignedUserIds_deleted"],"numIndexesBefore":2,"numIndexesAfter":3}}
{"t":{"$date":"2026-07-08T11:53:17.495+00:00"},"s":"I",  "c":"NETWORK",  "id":51800,   "ctx":"conn33","msg":"client metadata","attr":{"remote":"127.0.0.1:55970","client":"conn33","negotiatedCompressors":["snappy","zstd","zlib"],"doc":{"driver":{"name":"NetworkInterfaceTL-ReplNetwork","version":"7.0.34"},"os":{"type":"Linux","name":"Ubuntu","architecture":"x86_64","version":"24.04"}}}}
{"t":{"$date":"2026-07-08T11:53:17.495+00:00"},"s":"I",  "c":"NETWORK",  "id":22944,   "ctx":"conn31","msg":"Connection ended","attr":{"remote":"127.0.0.1:58914","isLoadBalanced":false,"uuid":{"uuid":{"$uuid":"55241555-ffe6-4285-bab1-c2b2572424ac"}},"connectionId":31,"connectionCount":8}}
{"t":{"$date":"2026-07-08T11:53:17.496+00:00"},"s":"I",  "c":"INDEX",    "id":20447,   "ctx":"conn13","msg":"Index build: completed","attr":{"buildUUID":{"uuid":{"$uuid":"5c1650ea-71e9-41cf-b22c-708fb3d8b0bb"}}}}
{"t":{"$date":"2026-07-08T11:53:17.496+00:00"},"s":"I",  "c":"ACCESS",   "id":6788604, "ctx":"conn33","msg":"Auth metrics report","attr":{"metric":"acquireUser","micros":0}}
{"t":{"$date":"2026-07-08T11:53:17.496+00:00"},"s":"I",  "c":"STORAGE",  "id":51803,   "ctx":"IndexBuildsCoordinatorMongod-0","msg":"Slow query","attr":{"type":"none","ns":"appsmith.permissionGroup","command":{"createIndexes":"permissionGroup","indexes":[{"v":2,"key":{"assignedToUserIds":1,"deleted":1},"name":"permission_group_assignedUserIds_deleted"}],"$db":"appsmith","$clusterTime":{"clusterTime":{"$timestamp":{"t":1783511597,"i":5}},"signature":{"hash":{"$binary":{"base64":"/u3o64GxwaYgHIfSMzDjRRnVaW8=","subType":"0"}},"keyId":7660123826532909058}},"lsid":{"id":{"$uuid":"bf0b1e99-2238-40bb-9de9-5db2b9be2d37"}},"$readPreference":{"mode":"primaryPreferred"}},"totalOplogSlotDurationMicros":41958,"numYields":0,"queryHash":"869CED4F","planCacheKey":"333C0A17","queryFramework":"classic","locks":{"FeatureCompatibilityVersion":{"acquireCount":{"r":3,"w":6}},"ReplicationStateTransition":{"acquireCount":{"w":9}},"Global":{"acquireCount":{"r":3,"w":6}},"Database":{"acquireCount":{"r":2,"w":6}},"Collection":{"acquireCount":{"r":1,"w":4,"R":1,"W":2}},"Mutex":{"acquireCount":{"r":1}}},"flowControl":{"acquireCount":4},"storage":{},"cpuNanos":15294943,"durationMillis":105}}
{"t":{"$date":"2026-07-08T11:53:17.498+00:00"},"s":"I",  "c":"ACCESS",   "id":5286306, "ctx":"conn33","msg":"Successfully authenticated","attr":{"client":"127.0.0.1:55970","isSpeculative":true,"isClusterMember":true,"mechanism":"SCRAM-SHA-256","user":"__system","db":"local","result":0,"metrics":{"conversation_duration":{"micros":1889,"summary":{"0":{"step":1,"step_total":3,"duration_micros":901},"1":{"step":2,"step_total":3,"duration_micros":18},"2":{"step":3,"step_total":3,"duration_micros":0}}}},"doc":{"driver":{"name":"NetworkInterfaceTL-ReplNetwork","version":"7.0.34"},"os":{"type":"Linux","name":"Ubuntu","architecture":"x86_64","version":"24.04"}},"extraInfo":{}}}
{"t":{"$date":"2026-07-08T11:53:17.498+00:00"},"s":"I",  "c":"COMMAND",  "id":51803,   "ctx":"conn13","msg":"Slow query","attr":{"type":"command","ns":"appsmith.permissionGroup","command":{"createIndexes":"permissionGroup","indexes":[{"key":{"assignedToUserIds":1,"deleted":1},"name":"permission_group_assignedUserIds_deleted"}],"$db":"appsmith","$clusterTime":{"clusterTime":{"$timestamp":{"t":1783511597,"i":5}},"signature":{"hash":{"$binary":{"base64":"/u3o64GxwaYgHIfSMzDjRRnVaW8=","subType":"0"}},"keyId":7660123826532909058}},"lsid":{"id":{"$uuid":"bf0b1e99-2238-40bb-9de9-5db2b9be2d37"}},"$readPreference":{"mode":"primaryPreferred"}},"numYields":0,"reslen":271,"locks":{"ParallelBatchWriterMode":{"acquireCount":{"r":4}},"FeatureCompatibilityVersion":{"acquireCount":{"r":3,"w":4}},"ReplicationStateTransition":{"acquireCount":{"w":7}},"Global":{"acquireCount":{"r":3,"w":4}},"Database":{"acquireCount":{"r":1,"w":3}},"Collection":{"acquireCount":{"r":1,"w":2,"W":1}},"Mutex":{"acquireCount":{"r":1}}},"flowControl":{"acquireCount":3},"readConcern":{"level":"local","provenance":"implicitDefault"},"writeConcern":{"w":"majority","wtimeout":0,"provenance":"implicitDefault"},"waitForWriteConcernDurationMillis":1,"storage":{},"cpuNanos":1149921,"remote":"127.0.0.1:58810","protocol":"op_msg","durationMillis":108}}
{"t":{"$date":"2026-07-08T11:53:17.500+00:00"},"s":"I",  "c":"COMMAND",  "id":51806,   "ctx":"conn13","msg":"CMD: dropIndexes","attr":{"namespace":"appsmith.permissionGroup","uuid":{"uuid":{"$uuid":"facb0855-8ad8-448b-a6db-22146b2e2f81"}},"indexes":"permission_group_domainId_domainType_deleted_deleted_compound_index"}}
{"t":{"$date":"2026-07-08T11:53:17.507+00:00"},"s":"I",  "c":"COMMAND",  "id":51806,   "ctx":"conn13","msg":"CMD: dropIndexes","attr":{"namespace":"appsmith.datasourceStorageStructure","uuid":{"uuid":{"$uuid":"08ede5a1-a5ad-4f34-8217-d9e9b7d23339"}},"indexes":"dsConfigStructure_datasourceId_envId_compound_index"}}
{"t":{"$date":"2026-07-08T11:53:18.337+00:00"},"s":"I",  "c":"STORAGE",  "id":22260,   "ctx":"TimestampMonitor","msg":"Removing drop-pending idents with drop timestamps before timestamp","attr":{"timestamp":{"$timestamp":{"t":1783511546,"i":1}}}}
{"t":{"$date":"2026-07-08T11:53:18.337+00:00"},"s":"I",  "c":"STORAGE",  "id":22237,   "ctx":"TimestampMonitor","msg":"Completing drop for ident","attr":{"ident":"internal-127-5189528299374886471","dropTimestamp":{"$timestamp":{"t":0,"i":0}}}}
{"t":{"$date":"2026-07-08T11:53:18.341+00:00"},"s":"I",  "c":"STORAGE",  "id":6776600, "ctx":"TimestampMonitor","msg":"The ident was successfully dropped","attr":{"ident":"internal-127-5189528299374886471","dropTimestamp":{"$timestamp":{"t":0,"i":0}}}}
{"t":{"$date":"2026-07-08T11:53:18.408+00:00"},"s":"I",  "c":"COMMAND",  "id":51806,   "ctx":"conn13","msg":"CMD: dropIndexes","attr":{"namespace":"appsmith.application","uuid":{"uuid":{"$uuid":"108defb8-8b72-46a6-9da7-ecea6d39c43c"}},"indexes":"deleted_compound_index"}}
{"t":{"$date":"2026-07-08T11:53:18.415+00:00"},"s":"I",  "c":"INDEX",    "id":20438,   "ctx":"conn13","msg":"Index build: registering","attr":{"buildUUID":{"uuid":{"$uuid":"d60bfdb8-28c8-4162-91e6-f3990351df72"}},"namespace":"appsmith.application","collectionUUID":{"uuid":{"$uuid":"108defb8-8b72-46a6-9da7-ecea6d39c43c"}},"indexes":1,"firstIndex":{"name":"deleted_compound_index"},"command":{"createIndexes":"application","v":2,"indexes":[{"key":{"deleted":1,"deletedAt":1},"name":"deleted_compound_index"}],"ignoreUnknownIndexOptions":false}}}
{"t":{"$date":"2026-07-08T11:53:18.415+00:00"},"s":"I",  "c":"REPL",     "id":7360101, "ctx":"conn13","msg":"Wrote oplog entry for createIndexes","attr":{"namespace":"appsmith.$cmd","uuid":{"uuid":{"$uuid":"108defb8-8b72-46a6-9da7-ecea6d39c43c"}},"opTime":{"ts":{"$timestamp":{"t":1783511598,"i":6}},"t":2},"object":{"createIndexes":"application","v":2,"key":{"deleted":1,"deletedAt":1},"name":"deleted_compound_index"}}}
{"t":{"$date":"2026-07-08T11:53:18.424+00:00"},"s":"I",  "c":"INDEX",    "id":20345,   "ctx":"conn13","msg":"Index build: done building","attr":{"buildUUID":null,"collectionUUID":{"uuid":{"$uuid":"108defb8-8b72-46a6-9da7-ecea6d39c43c"}},"namespace":"appsmith.application","index":"deleted_compound_index","ident":"index-128-5189528299374886471","collectionIdent":"collection-30-5189528299374886471","commitTimestamp":{"$timestamp":{"t":1783511598,"i":6}}}}
{"t":{"$date":"2026-07-08T11:53:18.425+00:00"},"s":"I",  "c":"INDEX",    "id":20440,   "ctx":"conn13","msg":"Index build: waiting for index build to complete","attr":{"buildUUID":{"uuid":{"$uuid":"d60bfdb8-28c8-4162-91e6-f3990351df72"}},"deadline":{"$date":{"$numberLong":"9223372036854775807"}}}}
{"t":{"$date":"2026-07-08T11:53:18.425+00:00"},"s":"I",  "c":"INDEX",    "id":20447,   "ctx":"conn13","msg":"Index build: completed","attr":{"buildUUID":{"uuid":{"$uuid":"d60bfdb8-28c8-4162-91e6-f3990351df72"}}}}
{"t":{"$date":"2026-07-08T11:53:18.636+00:00"},"s":"I",  "c":"COMMAND",  "id":51806,   "ctx":"conn13","msg":"CMD: dropIndexes","attr":{"namespace":"appsmith.workspace","uuid":{"uuid":{"$uuid":"e4516a53-d34e-42b8-a059-b9ded36ad552"}},"indexes":"tenantId_deleted_compound_index"}}
{"t":{"$date":"2026-07-08T11:53:18.641+00:00"},"s":"I",  "c":"INDEX",    "id":20438,   "ctx":"conn13","msg":"Index build: registering","attr":{"buildUUID":{"uuid":{"$uuid":"d34e5a3b-659d-4971-a24f-0c6abbd61428"}},"namespace":"appsmith.workspace","collectionUUID":{"uuid":{"$uuid":"e4516a53-d34e-42b8-a059-b9ded36ad552"}},"indexes":1,"firstIndex":{"name":"tenantId_deleted_compound_index"},"command":{"createIndexes":"workspace","v":2,"indexes":[{"key":{"tenantId":1,"deleted":1,"deletedAt":1},"name":"tenantId_deleted_compound_index"}],"ignoreUnknownIndexOptions":false}}}
{"t":{"$date":"2026-07-08T11:53:18.642+00:00"},"s":"I",  "c":"REPL",     "id":7360101, "ctx":"conn13","msg":"Wrote oplog entry for createIndexes","attr":{"namespace":"appsmith.$cmd","uuid":{"uuid":{"$uuid":"e4516a53-d34e-42b8-a059-b9ded36ad552"}},"opTime":{"ts":{"$timestamp":{"t":1783511598,"i":9}},"t":2},"object":{"createIndexes":"workspace","v":2,"key":{"tenantId":1,"deleted":1,"deletedAt":1},"name":"tenantId_deleted_compound_index"}}}
{"t":{"$date":"2026-07-08T11:53:18.649+00:00"},"s":"I",  "c":"INDEX",    "id":20345,   "ctx":"conn13","msg":"Index build: done building","attr":{"buildUUID":null,"collectionUUID":{"uuid":{"$uuid":"e4516a53-d34e-42b8-a059-b9ded36ad552"}},"namespace":"appsmith.workspace","index":"tenantId_deleted_compound_index","ident":"index-129-5189528299374886471","collectionIdent":"collection-93-5189528299374886471","commitTimestamp":{"$timestamp":{"t":1783511598,"i":9}}}}
{"t":{"$date":"2026-07-08T11:53:18.650+00:00"},"s":"I",  "c":"INDEX",    "id":20440,   "ctx":"conn13","msg":"Index build: waiting for index build to complete","attr":{"buildUUID":{"uuid":{"$uuid":"d34e5a3b-659d-4971-a24f-0c6abbd61428"}},"deadline":{"$date":{"$numberLong":"9223372036854775807"}}}}
{"t":{"$date":"2026-07-08T11:53:18.650+00:00"},"s":"I",  "c":"INDEX",    "id":20447,   "ctx":"conn13","msg":"Index build: completed","attr":{"buildUUID":{"uuid":{"$uuid":"d34e5a3b-659d-4971-a24f-0c6abbd61428"}}}}
{"t":{"$date":"2026-07-08T11:53:18.760+00:00"},"s":"I",  "c":"INDEX",    "id":20438,   "ctx":"conn13","msg":"Index build: registering","attr":{"buildUUID":{"uuid":{"$uuid":"5962eea1-ac28-4ad7-8755-b9a56d57f73e"}},"namespace":"appsmith.newAction","collectionUUID":{"uuid":{"$uuid":"54ef3b44-9986-4f29-88db-5a3cbb6014ec"}},"indexes":1,"firstIndex":{"name":"publishedAction_datasourceId_deleted_compound_index"},"command":{"createIndexes":"newAction","v":2,"indexes":[{"key":{"publishedAction.datasource._id":1,"deleted":1,"deletedAt":1},"name":"publishedAction_datasourceId_deleted_compound_index"}],"ignoreUnknownIndexOptions":false}}}
{"t":{"$date":"2026-07-08T11:53:18.760+00:00"},"s":"I",  "c":"REPL",     "id":7360101, "ctx":"conn13","msg":"Wrote oplog entry for createIndexes","attr":{"namespace":"appsmith.$cmd","uuid":{"uuid":{"$uuid":"54ef3b44-9986-4f29-88db-5a3cbb6014ec"}},"opTime":{"ts":{"$timestamp":{"t":1783511598,"i":11}},"t":2},"object":{"createIndexes":"newAction","v":2,"key":{"publishedAction.datasource._id":1,"deleted":1,"deletedAt":1},"name":"publishedAction_datasourceId_deleted_compound_index"}}}
{"t":{"$date":"2026-07-08T11:53:18.769+00:00"},"s":"I",  "c":"INDEX",    "id":20345,   "ctx":"conn13","msg":"Index build: done building","attr":{"buildUUID":null,"collectionUUID":{"uuid":{"$uuid":"54ef3b44-9986-4f29-88db-5a3cbb6014ec"}},"namespace":"appsmith.newAction","index":"publishedAction_datasourceId_deleted_compound_index","ident":"index-130-5189528299374886471","collectionIdent":"collection-67-5189528299374886471","commitTimestamp":{"$timestamp":{"t":1783511598,"i":11}}}}
{"t":{"$date":"2026-07-08T11:53:18.769+00:00"},"s":"I",  "c":"INDEX",    "id":20440,   "ctx":"conn13","msg":"Index build: waiting for index build to complete","attr":{"buildUUID":{"uuid":{"$uuid":"5962eea1-ac28-4ad7-8755-b9a56d57f73e"}},"deadline":{"$date":{"$numberLong":"9223372036854775807"}}}}
{"t":{"$date":"2026-07-08T11:53:18.770+00:00"},"s":"I",  "c":"INDEX",    "id":20447,   "ctx":"conn13","msg":"Index build: completed","attr":{"buildUUID":{"uuid":{"$uuid":"5962eea1-ac28-4ad7-8755-b9a56d57f73e"}}}}
{"t":{"$date":"2026-07-08T11:53:18.775+00:00"},"s":"I",  "c":"INDEX",    "id":20438,   "ctx":"conn13","msg":"Index build: registering","attr":{"buildUUID":{"uuid":{"$uuid":"99eb30fb-39ca-4c70-91a6-947ea3d0a0e9"}},"namespace":"appsmith.newAction","collectionUUID":{"uuid":{"$uuid":"54ef3b44-9986-4f29-88db-5a3cbb6014ec"}},"indexes":1,"firstIndex":{"name":"unpublishedAction_datasourceId_deleted_compound_index"},"command":{"createIndexes":"newAction","v":2,"indexes":[{"key":{"unpublishedAction.datasource._id":1,"deleted":1,"deletedAt":1},"name":"unpublishedAction_datasourceId_deleted_compound_index"}],"ignoreUnknownIndexOptions":false}}}
{"t":{"$date":"2026-07-08T11:53:18.776+00:00"},"s":"I",  "c":"REPL",     "id":7360101, "ctx":"conn13","msg":"Wrote oplog entry for createIndexes","attr":{"namespace":"appsmith.$cmd","uuid":{"uuid":{"$uuid":"54ef3b44-9986-4f29-88db-5a3cbb6014ec"}},"opTime":{"ts":{"$timestamp":{"t":1783511598,"i":12}},"t":2},"object":{"createIndexes":"newAction","v":2,"key":{"unpublishedAction.datasource._id":1,"deleted":1,"deletedAt":1},"name":"unpublishedAction_datasourceId_deleted_compound_index"}}}
{"t":{"$date":"2026-07-08T11:53:18.783+00:00"},"s":"I",  "c":"INDEX",    "id":20345,   "ctx":"conn13","msg":"Index build: done building","attr":{"buildUUID":null,"collectionUUID":{"uuid":{"$uuid":"54ef3b44-9986-4f29-88db-5a3cbb6014ec"}},"namespace":"appsmith.newAction","index":"unpublishedAction_datasourceId_deleted_compound_index","ident":"index-131-5189528299374886471","collectionIdent":"collection-67-5189528299374886471","commitTimestamp":{"$timestamp":{"t":1783511598,"i":12}}}}
{"t":{"$date":"2026-07-08T11:53:18.784+00:00"},"s":"I",  "c":"INDEX",    "id":20440,   "ctx":"conn13","msg":"Index build: waiting for index build to complete","attr":{"buildUUID":{"uuid":{"$uuid":"99eb30fb-39ca-4c70-91a6-947ea3d0a0e9"}},"deadline":{"$date":{"$numberLong":"9223372036854775807"}}}}
{"t":{"$date":"2026-07-08T11:53:18.784+00:00"},"s":"I",  "c":"INDEX",    "id":20447,   "ctx":"conn13","msg":"Index build: completed","attr":{"buildUUID":{"uuid":{"$uuid":"99eb30fb-39ca-4c70-91a6-947ea3d0a0e9"}}}}
{"t":{"$date":"2026-07-08T11:53:19.530+00:00"},"s":"I",  "c":"COMMAND",  "id":51803,   "ctx":"conn12","msg":"Slow query","attr":{"type":"command","ns":"admin.$cmd","command":{"commitTransaction":1,"writeConcern":{"j":false},"$db":"admin","$clusterTime":{"clusterTime":{"$timestamp":{"t":1783511599,"i":4}},"signature":{"hash":{"$binary":{"base64":"+beJDBxGRaSeFxNrZztgjGtiRnY=","subType":"0"}},"keyId":7660123826532909058}},"lsid":{"id":{"$uuid":"9c9d1936-56c6-4adc-80b5-e9cdd2aee1e2"}},"txnNumber":33,"autocommit":false},"totalOplogSlotDurationMicros":248,"numYields":0,"reslen":163,"locks":{"FeatureCompatibilityVersion":{"acquireCount":{"w":1}},"ReplicationStateTransition":{"acquireCount":{"w":3}},"Global":{"acquireCount":{"w":1}},"Database":{"acquireCount":{"w":2}},"Collection":{"acquireCount":{"w":2}}},"flowControl":{"acquireCount":1},"readConcern":{"level":"local","provenance":"clientSupplied"},"writeConcern":{"w":"majority","j":false,"wtimeout":0,"provenance":"implicitDefault"},"waitForWriteConcernDurationMillis":104,"cpuNanos":707373,"remote":"127.0.0.1:58796","protocol":"op_msg","durationMillis":105}}
{"t":{"$date":"2026-07-08T11:53:20.172+00:00"},"s":"I",  "c":"COMMAND",  "id":51806,   "ctx":"conn13","msg":"CMD: dropIndexes","attr":{"namespace":"appsmith.workspace","uuid":{"uuid":{"$uuid":"e4516a53-d34e-42b8-a059-b9ded36ad552"}},"indexes":"name_deleted_compound_index"}}
{"t":{"$date":"2026-07-08T11:53:20.177+00:00"},"s":"I",  "c":"INDEX",    "id":20438,   "ctx":"conn13","msg":"Index build: registering","attr":{"buildUUID":{"uuid":{"$uuid":"08fd17eb-cf07-4d19-854f-468e9fbf8faa"}},"namespace":"appsmith.workspace","collectionUUID":{"uuid":{"$uuid":"e4516a53-d34e-42b8-a059-b9ded36ad552"}},"indexes":1,"firstIndex":{"name":"name_deleted_compound_index"},"command":{"createIndexes":"workspace","v":2,"indexes":[{"key":{"name":1,"deleted":1,"deletedAt":1},"name":"name_deleted_compound_index"}],"ignoreUnknownIndexOptions":false}}}
{"t":{"$date":"2026-07-08T11:53:20.178+00:00"},"s":"I",  "c":"REPL",     "id":7360101, "ctx":"conn13","msg":"Wrote oplog entry for createIndexes","attr":{"namespace":"appsmith.$cmd","uuid":{"uuid":{"$uuid":"e4516a53-d34e-42b8-a059-b9ded36ad552"}},"opTime":{"ts":{"$timestamp":{"t":1783511600,"i":2}},"t":2},"object":{"createIndexes":"workspace","v":2,"key":{"name":1,"deleted":1,"deletedAt":1},"name":"name_deleted_compound_index"}}}
{"t":{"$date":"2026-07-08T11:53:20.185+00:00"},"s":"I",  "c":"INDEX",    "id":20345,   "ctx":"conn13","msg":"Index build: done building","attr":{"buildUUID":null,"collectionUUID":{"uuid":{"$uuid":"e4516a53-d34e-42b8-a059-b9ded36ad552"}},"namespace":"appsmith.workspace","index":"name_deleted_compound_index","ident":"index-132-5189528299374886471","collectionIdent":"collection-93-5189528299374886471","commitTimestamp":{"$timestamp":{"t":1783511600,"i":2}}}}
{"t":{"$date":"2026-07-08T11:53:20.185+00:00"},"s":"I",  "c":"INDEX",    "id":20440,   "ctx":"conn13","msg":"Index build: waiting for index build to complete","attr":{"buildUUID":{"uuid":{"$uuid":"08fd17eb-cf07-4d19-854f-468e9fbf8faa"}},"deadline":{"$date":{"$numberLong":"9223372036854775807"}}}}
{"t":{"$date":"2026-07-08T11:53:20.185+00:00"},"s":"I",  "c":"INDEX",    "id":20447,   "ctx":"conn13","msg":"Index build: completed","attr":{"buildUUID":{"uuid":{"$uuid":"08fd17eb-cf07-4d19-854f-468e9fbf8faa"}}}}
{"t":{"$date":"2026-07-08T11:53:20.191+00:00"},"s":"I",  "c":"COMMAND",  "id":51806,   "ctx":"conn13","msg":"CMD: dropIndexes","attr":{"namespace":"appsmith.application","uuid":{"uuid":{"$uuid":"108defb8-8b72-46a6-9da7-ecea6d39c43c"}},"indexes":"name_deleted_compound_index"}}
{"t":{"$date":"2026-07-08T11:53:20.195+00:00"},"s":"I",  "c":"INDEX",    "id":20438,   "ctx":"conn13","msg":"Index build: registering","attr":{"buildUUID":{"uuid":{"$uuid":"dd1bb08d-9f64-4aa8-98b1-fc28a5aaa88d"}},"namespace":"appsmith.application","collectionUUID":{"uuid":{"$uuid":"108defb8-8b72-46a6-9da7-ecea6d39c43c"}},"indexes":1,"firstIndex":{"name":"name_deleted_compound_index"},"command":{"createIndexes":"application","v":2,"indexes":[{"key":{"name":1,"deleted":1,"deletedAt":1},"name":"name_deleted_compound_index"}],"ignoreUnknownIndexOptions":false}}}
{"t":{"$date":"2026-07-08T11:53:20.196+00:00"},"s":"I",  "c":"REPL",     "id":7360101, "ctx":"conn13","msg":"Wrote oplog entry for createIndexes","attr":{"namespace":"appsmith.$cmd","uuid":{"uuid":{"$uuid":"108defb8-8b72-46a6-9da7-ecea6d39c43c"}},"opTime":{"ts":{"$timestamp":{"t":1783511600,"i":3}},"t":2},"object":{"createIndexes":"application","v":2,"key":{"name":1,"deleted":1,"deletedAt":1},"name":"name_deleted_compound_index"}}}
{"t":{"$date":"2026-07-08T11:53:20.205+00:00"},"s":"I",  "c":"INDEX",    "id":20345,   "ctx":"conn13","msg":"Index build: done building","attr":{"buildUUID":null,"collectionUUID":{"uuid":{"$uuid":"108defb8-8b72-46a6-9da7-ecea6d39c43c"}},"namespace":"appsmith.application","index":"name_deleted_compound_index","ident":"index-133-5189528299374886471","collectionIdent":"collection-30-5189528299374886471","commitTimestamp":{"$timestamp":{"t":1783511600,"i":3}}}}
{"t":{"$date":"2026-07-08T11:53:20.205+00:00"},"s":"I",  "c":"INDEX",    "id":20440,   "ctx":"conn13","msg":"Index build: waiting for index build to complete","attr":{"buildUUID":{"uuid":{"$uuid":"dd1bb08d-9f64-4aa8-98b1-fc28a5aaa88d"}},"deadline":{"$date":{"$numberLong":"9223372036854775807"}}}}
{"t":{"$date":"2026-07-08T11:53:20.205+00:00"},"s":"I",  "c":"INDEX",    "id":20447,   "ctx":"conn13","msg":"Index build: completed","attr":{"buildUUID":{"uuid":{"$uuid":"dd1bb08d-9f64-4aa8-98b1-fc28a5aaa88d"}}}}
{"t":{"$date":"2026-07-08T11:53:20.424+00:00"},"s":"I",  "c":"COMMAND",  "id":51806,   "ctx":"conn13","msg":"CMD: dropIndexes","attr":{"namespace":"appsmith.actionCollection","uuid":{"uuid":{"$uuid":"41f3b007-3538-4e37-b131-55d5fe684b43"}},"indexes":"deleted_1_deletedAt_1_unpublishedCollection.deletedAt_1_createdAt_1_unpublishedCollection.defaultResources.pageId_1"}}
{"t":{"$date":"2026-07-08T11:53:20.428+00:00"},"s":"I",  "c":"COMMAND",  "id":51806,   "ctx":"conn13","msg":"CMD: dropIndexes","attr":{"namespace":"appsmith.actionCollection","uuid":{"uuid":{"$uuid":"41f3b007-3538-4e37-b131-55d5fe684b43"}},"indexes":"action_collection_compound_index_dec23"}}
{"t":{"$date":"2026-07-08T11:53:20.436+00:00"},"s":"I",  "c":"INDEX",    "id":20438,   "ctx":"conn13","msg":"Index build: registering","attr":{"buildUUID":{"uuid":{"$uuid":"28fcbcc8-9bfa-49af-9fd9-6633d5c8309f"}},"namespace":"appsmith.actionCollection","collectionUUID":{"uuid":{"$uuid":"41f3b007-3538-4e37-b131-55d5fe684b43"}},"indexes":1,"firstIndex":{"name":"action_collection_compound_index_dec23"},"command":{"createIndexes":"actionCollection","v":2,"indexes":[{"key":{"deleted":1,"deletedAt":1,"unpublishedCollection.deletedAt":1,"createdAt":1,"unpublishedCollection.defaultResources.pageId":1},"name":"action_collection_compound_index_dec23"}],"ignoreUnknownIndexOptions":false}}}
{"t":{"$date":"2026-07-08T11:53:20.437+00:00"},"s":"I",  "c":"REPL",     "id":7360101, "ctx":"conn13","msg":"Wrote oplog entry for createIndexes","attr":{"namespace":"appsmith.$cmd","uuid":{"uuid":{"$uuid":"41f3b007-3538-4e37-b131-55d5fe684b43"}},"opTime":{"ts":{"$timestamp":{"t":1783511600,"i":7}},"t":2},"object":{"createIndexes":"actionCollection","v":2,"key":{"deleted":1,"deletedAt":1,"unpublishedCollection.deletedAt":1,"createdAt":1,"unpublishedCollection.defaultResources.pageId":1},"name":"action_collection_compound_index_dec23"}}}
{"t":{"$date":"2026-07-08T11:53:20.446+00:00"},"s":"I",  "c":"INDEX",    "id":20345,   "ctx":"conn13","msg":"Index build: done building","attr":{"buildUUID":null,"collectionUUID":{"uuid":{"$uuid":"41f3b007-3538-4e37-b131-55d5fe684b43"}},"namespace":"appsmith.actionCollection","index":"action_collection_compound_index_dec23","ident":"index-134-5189528299374886471","collectionIdent":"collection-77-5189528299374886471","commitTimestamp":{"$timestamp":{"t":1783511600,"i":7}}}}
{"t":{"$date":"2026-07-08T11:53:20.446+00:00"},"s":"I",  "c":"INDEX",    "id":20440,   "ctx":"conn13","msg":"Index build: waiting for index build to complete","attr":{"buildUUID":{"uuid":{"$uuid":"28fcbcc8-9bfa-49af-9fd9-6633d5c8309f"}},"deadline":{"$date":{"$numberLong":"9223372036854775807"}}}}
{"t":{"$date":"2026-07-08T11:53:20.446+00:00"},"s":"I",  "c":"INDEX",    "id":20447,   "ctx":"conn13","msg":"Index build: completed","attr":{"buildUUID":{"uuid":{"$uuid":"28fcbcc8-9bfa-49af-9fd9-6633d5c8309f"}}}}
{"t":{"$date":"2026-07-08T11:53:20.670+00:00"},"s":"I",  "c":"COMMAND",  "id":51806,   "ctx":"conn13","msg":"CMD: dropIndexes","attr":{"namespace":"appsmith.datasourceStorage","uuid":{"uuid":{"$uuid":"a6f7ffe8-f62e-4bc8-82dd-cd12eafc1b5a"}},"indexes":"environmentId_1_deleted_1"}}
{"t":{"$date":"2026-07-08T11:53:20.677+00:00"},"s":"I",  "c":"INDEX",    "id":20438,   "ctx":"conn13","msg":"Index build: registering","attr":{"buildUUID":{"uuid":{"$uuid":"9cc934d5-503c-4b26-9ef7-821ba6c59576"}},"namespace":"appsmith.datasourceStorage","collectionUUID":{"uuid":{"$uuid":"a6f7ffe8-f62e-4bc8-82dd-cd12eafc1b5a"}},"indexes":1,"firstIndex":{"name":"environmentId_1_deleted_1"},"command":{"createIndexes":"datasourceStorage","v":2,"indexes":[{"key":{"environmentId":1,"deleted":1},"name":"environmentId_1_deleted_1"}],"ignoreUnknownIndexOptions":false}}}
{"t":{"$date":"2026-07-08T11:53:20.678+00:00"},"s":"I",  "c":"REPL",     "id":7360101, "ctx":"conn13","msg":"Wrote oplog entry for createIndexes","attr":{"namespace":"appsmith.$cmd","uuid":{"uuid":{"$uuid":"a6f7ffe8-f62e-4bc8-82dd-cd12eafc1b5a"}},"opTime":{"ts":{"$timestamp":{"t":1783511600,"i":11}},"t":2},"object":{"createIndexes":"datasourceStorage","v":2,"key":{"environmentId":1,"deleted":1},"name":"environmentId_1_deleted_1"}}}
{"t":{"$date":"2026-07-08T11:53:20.685+00:00"},"s":"I",  "c":"INDEX",    "id":20345,   "ctx":"conn13","msg":"Index build: done building","attr":{"buildUUID":null,"collectionUUID":{"uuid":{"$uuid":"a6f7ffe8-f62e-4bc8-82dd-cd12eafc1b5a"}},"namespace":"appsmith.datasourceStorage","index":"environmentId_1_deleted_1","ident":"index-135-5189528299374886471","collectionIdent":"collection-122-5189528299374886471","commitTimestamp":{"$timestamp":{"t":1783511600,"i":11}}}}
{"t":{"$date":"2026-07-08T11:53:20.685+00:00"},"s":"I",  "c":"INDEX",    "id":20440,   "ctx":"conn13","msg":"Index build: waiting for index build to complete","attr":{"buildUUID":{"uuid":{"$uuid":"9cc934d5-503c-4b26-9ef7-821ba6c59576"}},"deadline":{"$date":{"$numberLong":"9223372036854775807"}}}}
{"t":{"$date":"2026-07-08T11:53:20.686+00:00"},"s":"I",  "c":"INDEX",    "id":20447,   "ctx":"conn13","msg":"Index build: completed","attr":{"buildUUID":{"uuid":{"$uuid":"9cc934d5-503c-4b26-9ef7-821ba6c59576"}}}}
{"t":{"$date":"2026-07-08T11:53:21.457+00:00"},"s":"I",  "c":"COMMAND",  "id":51806,   "ctx":"conn13","msg":"CMD: dropIndexes","attr":{"namespace":"appsmith.actionCollection","uuid":{"uuid":{"$uuid":"41f3b007-3538-4e37-b131-55d5fe684b43"}},"indexes":"unpublishedCollection.defaultResources.pageId_1"}}
{"t":{"$date":"2026-07-08T11:53:21.463+00:00"},"s":"I",  "c":"COMMAND",  "id":51806,   "ctx":"conn13","msg":"CMD: dropIndexes","attr":{"namespace":"appsmith.actionCollection","uuid":{"uuid":{"$uuid":"41f3b007-3538-4e37-b131-55d5fe684b43"}},"indexes":"unpublishedCollection.defaultResources.pageId"}}
{"t":{"$date":"2026-07-08T11:53:21.472+00:00"},"s":"I",  "c":"INDEX",    "id":20438,   "ctx":"conn13","msg":"Index build: registering","attr":{"buildUUID":{"uuid":{"$uuid":"7d089e1f-14b1-4814-a1d8-0e504ef72bf3"}},"namespace":"appsmith.actionCollection","collectionUUID":{"uuid":{"$uuid":"41f3b007-3538-4e37-b131-55d5fe684b43"}},"indexes":1,"firstIndex":{"name":"unpublishedCollection.defaultResources.pageId"},"command":{"createIndexes":"actionCollection","v":2,"indexes":[{"key":{"unpublishedCollection.defaultResources.pageId":1},"name":"unpublishedCollection.defaultResources.pageId"}],"ignoreUnknownIndexOptions":false}}}
{"t":{"$date":"2026-07-08T11:53:21.473+00:00"},"s":"I",  "c":"REPL",     "id":7360101, "ctx":"conn13","msg":"Wrote oplog entry for createIndexes","attr":{"namespace":"appsmith.$cmd","uuid":{"uuid":{"$uuid":"41f3b007-3538-4e37-b131-55d5fe684b43"}},"opTime":{"ts":{"$timestamp":{"t":1783511601,"i":7}},"t":2},"object":{"createIndexes":"actionCollection","v":2,"key":{"unpublishedCollection.defaultResources.pageId":1},"name":"unpublishedCollection.defaultResources.pageId"}}}
{"t":{"$date":"2026-07-08T11:53:21.485+00:00"},"s":"I",  "c":"INDEX",    "id":20345,   "ctx":"conn13","msg":"Index build: done building","attr":{"buildUUID":null,"collectionUUID":{"uuid":{"$uuid":"41f3b007-3538-4e37-b131-55d5fe684b43"}},"namespace":"appsmith.actionCollection","index":"unpublishedCollection.defaultResources.pageId","ident":"index-136-5189528299374886471","collectionIdent":"collection-77-5189528299374886471","commitTimestamp":{"$timestamp":{"t":1783511601,"i":7}}}}
{"t":{"$date":"2026-07-08T11:53:21.486+00:00"},"s":"I",  "c":"INDEX",    "id":20440,   "ctx":"conn13","msg":"Index build: waiting for index build to complete","attr":{"buildUUID":{"uuid":{"$uuid":"7d089e1f-14b1-4814-a1d8-0e504ef72bf3"}},"deadline":{"$date":{"$numberLong":"9223372036854775807"}}}}
{"t":{"$date":"2026-07-08T11:53:21.486+00:00"},"s":"I",  "c":"INDEX",    "id":20447,   "ctx":"conn13","msg":"Index build: completed","attr":{"buildUUID":{"uuid":{"$uuid":"7d089e1f-14b1-4814-a1d8-0e504ef72bf3"}}}}
{"t":{"$date":"2026-07-08T11:53:21.596+00:00"},"s":"I",  "c":"COMMAND",  "id":51806,   "ctx":"conn13","msg":"CMD: dropIndexes","attr":{"namespace":"appsmith.application","uuid":{"uuid":{"$uuid":"108defb8-8b72-46a6-9da7-ecea6d39c43c"}},"indexes":"policies.permissionGroups_1"}}
{"t":{"$date":"2026-07-08T11:53:21.603+00:00"},"s":"I",  "c":"COMMAND",  "id":51806,   "ctx":"conn13","msg":"CMD: dropIndexes","attr":{"namespace":"appsmith.application","uuid":{"uuid":{"$uuid":"108defb8-8b72-46a6-9da7-ecea6d39c43c"}},"indexes":"policies.permissionGroups"}}
{"t":{"$date":"2026-07-08T11:53:21.609+00:00"},"s":"I",  "c":"INDEX",    "id":20438,   "ctx":"conn13","msg":"Index build: registering","attr":{"buildUUID":{"uuid":{"$uuid":"37a75fcb-5ec1-4b33-982a-8b73b18d6f2c"}},"namespace":"appsmith.application","collectionUUID":{"uuid":{"$uuid":"108defb8-8b72-46a6-9da7-ecea6d39c43c"}},"indexes":1,"firstIndex":{"name":"policies.permissionGroups"},"command":{"createIndexes":"application","v":2,"indexes":[{"key":{"policies.permissionGroups":1},"name":"policies.permissionGroups"}],"ignoreUnknownIndexOptions":false}}}
{"t":{"$date":"2026-07-08T11:53:21.610+00:00"},"s":"I",  "c":"REPL",     "id":7360101, "ctx":"conn13","msg":"Wrote oplog entry for createIndexes","attr":{"namespace":"appsmith.$cmd","uuid":{"uuid":{"$uuid":"108defb8-8b72-46a6-9da7-ecea6d39c43c"}},"opTime":{"ts":{"$timestamp":{"t":1783511601,"i":9}},"t":2},"object":{"createIndexes":"application","v":2,"key":{"policies.permissionGroups":1},"name":"policies.permissionGroups"}}}
{"t":{"$date":"2026-07-08T11:53:21.620+00:00"},"s":"I",  "c":"INDEX",    "id":20345,   "ctx":"conn13","msg":"Index build: done building","attr":{"buildUUID":null,"collectionUUID":{"uuid":{"$uuid":"108defb8-8b72-46a6-9da7-ecea6d39c43c"}},"namespace":"appsmith.application","index":"policies.permissionGroups","ident":"index-137-5189528299374886471","collectionIdent":"collection-30-5189528299374886471","commitTimestamp":{"$timestamp":{"t":1783511601,"i":9}}}}
{"t":{"$date":"2026-07-08T11:53:21.621+00:00"},"s":"I",  "c":"INDEX",    "id":20440,   "ctx":"conn13","msg":"Index build: waiting for index build to complete","attr":{"buildUUID":{"uuid":{"$uuid":"37a75fcb-5ec1-4b33-982a-8b73b18d6f2c"}},"deadline":{"$date":{"$numberLong":"9223372036854775807"}}}}
{"t":{"$date":"2026-07-08T11:53:21.621+00:00"},"s":"I",  "c":"INDEX",    "id":20447,   "ctx":"conn13","msg":"Index build: completed","attr":{"buildUUID":{"uuid":{"$uuid":"37a75fcb-5ec1-4b33-982a-8b73b18d6f2c"}}}}
{"t":{"$date":"2026-07-08T11:53:21.626+00:00"},"s":"I",  "c":"COMMAND",  "id":51806,   "ctx":"conn13","msg":"CMD: dropIndexes","attr":{"namespace":"appsmith.workspace","uuid":{"uuid":{"$uuid":"e4516a53-d34e-42b8-a059-b9ded36ad552"}},"indexes":"policies.permissionGroups_1"}}
{"t":{"$date":"2026-07-08T11:53:21.631+00:00"},"s":"I",  "c":"COMMAND",  "id":51806,   "ctx":"conn13","msg":"CMD: dropIndexes","attr":{"namespace":"appsmith.workspace","uuid":{"uuid":{"$uuid":"e4516a53-d34e-42b8-a059-b9ded36ad552"}},"indexes":"policies.permissionGroups"}}
{"t":{"$date":"2026-07-08T11:53:21.636+00:00"},"s":"I",  "c":"INDEX",    "id":20438,   "ctx":"conn13","msg":"Index build: registering","attr":{"buildUUID":{"uuid":{"$uuid":"19464e84-de14-43bb-b129-e85c7736f5f9"}},"namespace":"appsmith.workspace","collectionUUID":{"uuid":{"$uuid":"e4516a53-d34e-42b8-a059-b9ded36ad552"}},"indexes":1,"firstIndex":{"name":"policies.permissionGroups"},"command":{"createIndexes":"workspace","v":2,"indexes":[{"key":{"policies.permissionGroups":1},"name":"policies.permissionGroups"}],"ignoreUnknownIndexOptions":false}}}
{"t":{"$date":"2026-07-08T11:53:21.638+00:00"},"s":"I",  "c":"REPL",     "id":7360101, "ctx":"conn13","msg":"Wrote oplog entry for createIndexes","attr":{"namespace":"appsmith.$cmd","uuid":{"uuid":{"$uuid":"e4516a53-d34e-42b8-a059-b9ded36ad552"}},"opTime":{"ts":{"$timestamp":{"t":1783511601,"i":10}},"t":2},"object":{"createIndexes":"workspace","v":2,"key":{"policies.permissionGroups":1},"name":"policies.permissionGroups"}}}
{"t":{"$date":"2026-07-08T11:53:21.648+00:00"},"s":"I",  "c":"INDEX",    "id":20345,   "ctx":"conn13","msg":"Index build: done building","attr":{"buildUUID":null,"collectionUUID":{"uuid":{"$uuid":"e4516a53-d34e-42b8-a059-b9ded36ad552"}},"namespace":"appsmith.workspace","index":"policies.permissionGroups","ident":"index-138-5189528299374886471","collectionIdent":"collection-93-5189528299374886471","commitTimestamp":{"$timestamp":{"t":1783511601,"i":10}}}}
{"t":{"$date":"2026-07-08T11:53:21.648+00:00"},"s":"I",  "c":"INDEX",    "id":20440,   "ctx":"conn13","msg":"Index build: waiting for index build to complete","attr":{"buildUUID":{"uuid":{"$uuid":"19464e84-de14-43bb-b129-e85c7736f5f9"}},"deadline":{"$date":{"$numberLong":"9223372036854775807"}}}}
{"t":{"$date":"2026-07-08T11:53:21.648+00:00"},"s":"I",  "c":"INDEX",    "id":20447,   "ctx":"conn13","msg":"Index build: completed","attr":{"buildUUID":{"uuid":{"$uuid":"19464e84-de14-43bb-b129-e85c7736f5f9"}}}}
{"t":{"$date":"2026-07-08T11:53:21.652+00:00"},"s":"I",  "c":"COMMAND",  "id":51806,   "ctx":"conn13","msg":"CMD: dropIndexes","attr":{"namespace":"appsmith.datasourceStorage","uuid":{"uuid":{"$uuid":"a6f7ffe8-f62e-4bc8-82dd-cd12eafc1b5a"}},"indexes":"environmentId_1"}}
{"t":{"$date":"2026-07-08T11:53:21.655+00:00"},"s":"I",  "c":"COMMAND",  "id":51806,   "ctx":"conn13","msg":"CMD: dropIndexes","attr":{"namespace":"appsmith.datasourceStorage","uuid":{"uuid":{"$uuid":"a6f7ffe8-f62e-4bc8-82dd-cd12eafc1b5a"}},"indexes":"environmentId"}}
{"t":{"$date":"2026-07-08T11:53:21.660+00:00"},"s":"I",  "c":"INDEX",    "id":20438,   "ctx":"conn13","msg":"Index build: registering","attr":{"buildUUID":{"uuid":{"$uuid":"71e1a457-8724-4a10-bfd6-c62d79424bce"}},"namespace":"appsmith.datasourceStorage","collectionUUID":{"uuid":{"$uuid":"a6f7ffe8-f62e-4bc8-82dd-cd12eafc1b5a"}},"indexes":1,"firstIndex":{"name":"environmentId"},"command":{"createIndexes":"datasourceStorage","v":2,"indexes":[{"key":{"environmentId":1},"name":"environmentId"}],"ignoreUnknownIndexOptions":false}}}
{"t":{"$date":"2026-07-08T11:53:21.660+00:00"},"s":"I",  "c":"REPL",     "id":7360101, "ctx":"conn13","msg":"Wrote oplog entry for createIndexes","attr":{"namespace":"appsmith.$cmd","uuid":{"uuid":{"$uuid":"a6f7ffe8-f62e-4bc8-82dd-cd12eafc1b5a"}},"opTime":{"ts":{"$timestamp":{"t":1783511601,"i":11}},"t":2},"object":{"createIndexes":"datasourceStorage","v":2,"key":{"environmentId":1},"name":"environmentId"}}}
{"t":{"$date":"2026-07-08T11:53:21.669+00:00"},"s":"I",  "c":"INDEX",    "id":20345,   "ctx":"conn13","msg":"Index build: done building","attr":{"buildUUID":null,"collectionUUID":{"uuid":{"$uuid":"a6f7ffe8-f62e-4bc8-82dd-cd12eafc1b5a"}},"namespace":"appsmith.datasourceStorage","index":"environmentId","ident":"index-139-5189528299374886471","collectionIdent":"collection-122-5189528299374886471","commitTimestamp":{"$timestamp":{"t":1783511601,"i":11}}}}
{"t":{"$date":"2026-07-08T11:53:21.670+00:00"},"s":"I",  "c":"INDEX",    "id":20440,   "ctx":"conn13","msg":"Index build: waiting for index build to complete","attr":{"buildUUID":{"uuid":{"$uuid":"71e1a457-8724-4a10-bfd6-c62d79424bce"}},"deadline":{"$date":{"$numberLong":"9223372036854775807"}}}}
{"t":{"$date":"2026-07-08T11:53:21.670+00:00"},"s":"I",  "c":"INDEX",    "id":20447,   "ctx":"conn13","msg":"Index build: completed","attr":{"buildUUID":{"uuid":{"$uuid":"71e1a457-8724-4a10-bfd6-c62d79424bce"}}}}
{"t":{"$date":"2026-07-08T11:53:22.096+00:00"},"s":"I",  "c":"COMMAND",  "id":51806,   "ctx":"conn13","msg":"CMD: dropIndexes","attr":{"namespace":"appsmith.user","uuid":{"uuid":{"$uuid":"0e0827c6-4036-4a02-be4a-47647fd17b05"}},"indexes":"deleted_1_deletedAt_1_email_1_createdAt_-1"}}
{"t":{"$date":"2026-07-08T11:53:22.102+00:00"},"s":"I",  "c":"COMMAND",  "id":51806,   "ctx":"conn13","msg":"CMD: dropIndexes","attr":{"namespace":"appsmith.user","uuid":{"uuid":{"$uuid":"0e0827c6-4036-4a02-be4a-47647fd17b05"}},"indexes":"user_deleted_deletedAt_email_createdAt_compound_index"}}
{"t":{"$date":"2026-07-08T11:53:22.105+00:00"},"s":"I",  "c":"INDEX",    "id":20438,   "ctx":"conn13","msg":"Index build: registering","attr":{"buildUUID":{"uuid":{"$uuid":"25e5efb6-0e62-4540-bfd8-a77795b4fb3b"}},"namespace":"appsmith.user","collectionUUID":{"uuid":{"$uuid":"0e0827c6-4036-4a02-be4a-47647fd17b05"}},"indexes":1,"firstIndex":{"name":"user_deleted_deletedAt_email_createdAt_compound_index"},"command":{"createIndexes":"user","v":2,"indexes":[{"key":{"deleted":1,"deletedAt":1,"email":1,"createdAt":-1},"name":"user_deleted_deletedAt_email_createdAt_compound_index"}],"ignoreUnknownIndexOptions":false}}}
{"t":{"$date":"2026-07-08T11:53:22.117+00:00"},"s":"I",  "c":"INDEX",    "id":20384,   "ctx":"IndexBuildsCoordinatorMongod-0","msg":"Index build: starting","attr":{"buildUUID":{"uuid":{"$uuid":"25e5efb6-0e62-4540-bfd8-a77795b4fb3b"}},"collectionUUID":{"uuid":{"$uuid":"0e0827c6-4036-4a02-be4a-47647fd17b05"}},"namespace":"appsmith.user","properties":{"v":2,"key":{"deleted":1,"deletedAt":1,"email":1,"createdAt":-1},"name":"user_deleted_deletedAt_email_createdAt_compound_index"},"specIndex":0,"numSpecs":1,"method":"Hybrid","ident":"index-140-5189528299374886471","collectionIdent":"collection-55-5189528299374886471","maxTemporaryMemoryUsageMB":200}}
{"t":{"$date":"2026-07-08T11:53:22.118+00:00"},"s":"I",  "c":"INDEX",    "id":20346,   "ctx":"IndexBuildsCoordinatorMongod-0","msg":"Index build: initialized","attr":{"buildUUID":{"uuid":{"$uuid":"25e5efb6-0e62-4540-bfd8-a77795b4fb3b"}},"collectionUUID":{"uuid":{"$uuid":"0e0827c6-4036-4a02-be4a-47647fd17b05"}},"namespace":"appsmith.user","initializationTimestamp":{"$timestamp":{"t":1783511602,"i":3}}}}
{"t":{"$date":"2026-07-08T11:53:22.118+00:00"},"s":"I",  "c":"STORAGE",  "id":4847600, "ctx":"IndexBuildsCoordinatorMongod-0","msg":"Index build: waiting for last optime before interceptors to be majority committed","attr":{"buildUUID":{"uuid":{"$uuid":"25e5efb6-0e62-4540-bfd8-a77795b4fb3b"}},"collectionUUID":{"uuid":{"$uuid":"0e0827c6-4036-4a02-be4a-47647fd17b05"}},"deadline":{"$date":"2026-07-08T11:53:32.118Z"},"timeoutMillis":10000,"lastOpTime":{"ts":{"$timestamp":{"t":1783511602,"i":3}},"t":2}}}
{"t":{"$date":"2026-07-08T11:53:22.118+00:00"},"s":"I",  "c":"INDEX",    "id":20440,   "ctx":"conn13","msg":"Index build: waiting for index build to complete","attr":{"buildUUID":{"uuid":{"$uuid":"25e5efb6-0e62-4540-bfd8-a77795b4fb3b"}},"deadline":{"$date":{"$numberLong":"9223372036854775807"}}}}
{"t":{"$date":"2026-07-08T11:53:22.203+00:00"},"s":"I",  "c":"INDEX",    "id":20391,   "ctx":"IndexBuildsCoordinatorMongod-0","msg":"Index build: collection scan done","attr":{"buildUUID":{"uuid":{"$uuid":"25e5efb6-0e62-4540-bfd8-a77795b4fb3b"}},"collectionUUID":{"uuid":{"$uuid":"0e0827c6-4036-4a02-be4a-47647fd17b05"}},"namespace":"appsmith.user","totalRecords":1,"readSource":"kMajorityCommitted","durationMillis":0}}
{"t":{"$date":"2026-07-08T11:53:22.206+00:00"},"s":"I",  "c":"COMMAND",  "id":20685,   "ctx":"IndexBuildsCoordinatorMongod-0","msg":"Index build: inserted keys from external sorter into index","attr":{"namespace":"appsmith.user","index":"user_deleted_deletedAt_email_createdAt_compound_index","keysInserted":1,"durationMillis":2}}
{"t":{"$date":"2026-07-08T11:53:22.209+00:00"},"s":"I",  "c":"STORAGE",  "id":7568000, "ctx":"IndexBuildsCoordinatorMongod-0","msg":"Index build: vote for commit readiness","attr":{"buildUUID":{"uuid":{"$uuid":"25e5efb6-0e62-4540-bfd8-a77795b4fb3b"}},"db":"appsmith","collectionUUID":{"uuid":{"$uuid":"0e0827c6-4036-4a02-be4a-47647fd17b05"}}}}
{"t":{"$date":"2026-07-08T11:53:22.211+00:00"},"s":"I",  "c":"NETWORK",  "id":6788700, "ctx":"conn33","msg":"Received first command on ingress connection since session start or auth handshake","attr":{"elapsedMillis":4713}}
{"t":{"$date":"2026-07-08T11:53:22.212+00:00"},"s":"I",  "c":"STORAGE",  "id":3856201, "ctx":"conn33","msg":"Index build: commit quorum satisfied","attr":{"indexBuildEntry":{"_id":{"$uuid":"25e5efb6-0e62-4540-bfd8-a77795b4fb3b"},"collectionUUID":{"$uuid":"0e0827c6-4036-4a02-be4a-47647fd17b05"},"commitQuorum":"votingMembers","indexNames":["user_deleted_deletedAt_email_createdAt_compound_index"],"commitReadyMembers":["localhost:27017"]}}}
{"t":{"$date":"2026-07-08T11:53:22.212+00:00"},"s":"I",  "c":"CONNPOOL", "id":22566,   "ctx":"ReplNetwork","msg":"Ending connection due to bad connection status","attr":{"hostAndPort":"localhost:27017","error":"CallbackCanceled: onInvoke :: caused by :: Callback was canceled","numOpenConns":0}}
{"t":{"$date":"2026-07-08T11:53:22.213+00:00"},"s":"I",  "c":"STORAGE",  "id":3856203, "ctx":"IndexBuildsCoordinatorMongod-0","msg":"Index build: waiting for next action before completing final phase","attr":{"buildUUID":{"uuid":{"$uuid":"25e5efb6-0e62-4540-bfd8-a77795b4fb3b"}}}}
{"t":{"$date":"2026-07-08T11:53:22.213+00:00"},"s":"I",  "c":"STORAGE",  "id":3856204, "ctx":"IndexBuildsCoordinatorMongod-0","msg":"Index build: received signal","attr":{"buildUUID":{"uuid":{"$uuid":"25e5efb6-0e62-4540-bfd8-a77795b4fb3b"}},"action":"Commit quorum Satisfied"}}
{"t":{"$date":"2026-07-08T11:53:22.213+00:00"},"s":"I",  "c":"CONNPOOL", "id":22576,   "ctx":"ReplNetwork","msg":"Connecting","attr":{"hostAndPort":"localhost:27017"}}
{"t":{"$date":"2026-07-08T11:53:22.214+00:00"},"s":"I",  "c":"INDEX",    "id":20345,   "ctx":"IndexBuildsCoordinatorMongod-0","msg":"Index build: done building","attr":{"buildUUID":{"uuid":{"$uuid":"25e5efb6-0e62-4540-bfd8-a77795b4fb3b"}},"collectionUUID":{"uuid":{"$uuid":"0e0827c6-4036-4a02-be4a-47647fd17b05"}},"namespace":"appsmith.user","index":"user_deleted_deletedAt_email_createdAt_compound_index","ident":"index-140-5189528299374886471","collectionIdent":"collection-55-5189528299374886471","commitTimestamp":{"$timestamp":{"t":1783511602,"i":5}}}}
{"t":{"$date":"2026-07-08T11:53:22.214+00:00"},"s":"I",  "c":"STORAGE",  "id":20663,   "ctx":"IndexBuildsCoordinatorMongod-0","msg":"Index build: completed successfully","attr":{"buildUUID":{"uuid":{"$uuid":"25e5efb6-0e62-4540-bfd8-a77795b4fb3b"}},"collectionUUID":{"uuid":{"$uuid":"0e0827c6-4036-4a02-be4a-47647fd17b05"}},"namespace":"appsmith.user","indexesBuilt":["user_deleted_deletedAt_email_createdAt_compound_index"],"numIndexesBefore":3,"numIndexesAfter":4}}
{"t":{"$date":"2026-07-08T11:53:22.214+00:00"},"s":"I",  "c":"NETWORK",  "id":22944,   "ctx":"conn33","msg":"Connection ended","attr":{"remote":"127.0.0.1:55970","isLoadBalanced":false,"uuid":{"uuid":{"$uuid":"31d14762-81af-457e-ae37-b72938eea480"}},"connectionId":33,"connectionCount":7}}
{"t":{"$date":"2026-07-08T11:53:22.215+00:00"},"s":"I",  "c":"INDEX",    "id":20447,   "ctx":"conn13","msg":"Index build: completed","attr":{"buildUUID":{"uuid":{"$uuid":"25e5efb6-0e62-4540-bfd8-a77795b4fb3b"}}}}
{"t":{"$date":"2026-07-08T11:53:22.215+00:00"},"s":"I",  "c":"STORAGE",  "id":51803,   "ctx":"IndexBuildsCoordinatorMongod-0","msg":"Slow query","attr":{"type":"none","ns":"appsmith.user","command":{"createIndexes":"user","indexes":[{"v":2,"key":{"deleted":1,"deletedAt":1,"email":1,"createdAt":-1},"name":"user_deleted_deletedAt_email_createdAt_compound_index"}],"$db":"appsmith","$clusterTime":{"clusterTime":{"$timestamp":{"t":1783511602,"i":1}},"signature":{"hash":{"$binary":{"base64":"f36+NnkvoM8xocDya36KY1rDAgM=","subType":"0"}},"keyId":7660123826532909058}},"lsid":{"id":{"$uuid":"bf0b1e99-2238-40bb-9de9-5db2b9be2d37"}},"$readPreference":{"mode":"primaryPreferred"}},"totalOplogSlotDurationMicros":25219,"numYields":0,"queryHash":"869CED4F","planCacheKey":"333C0A17","queryFramework":"classic","locks":{"FeatureCompatibilityVersion":{"acquireCount":{"r":3,"w":6}},"ReplicationStateTransition":{"acquireCount":{"w":9}},"Global":{"acquireCount":{"r":3,"w":6}},"Database":{"acquireCount":{"r":2,"w":6}},"Collection":{"acquireCount":{"r":1,"w":4,"R":1,"W":2}},"Mutex":{"acquireCount":{"r":1}}},"flowControl":{"acquireCount":4},"storage":{},"cpuNanos":11328200,"durationMillis":109}}
{"t":{"$date":"2026-07-08T11:53:22.215+00:00"},"s":"I",  "c":"NETWORK",  "id":22943,   "ctx":"listener","msg":"Connection accepted","attr":{"remote":"127.0.0.1:55978","isLoadBalanced":false,"uuid":{"uuid":{"$uuid":"3173b6d7-1fdc-454d-bd1a-e27e13068401"}},"connectionId":35,"connectionCount":8}}
{"t":{"$date":"2026-07-08T11:53:22.216+00:00"},"s":"I",  "c":"NETWORK",  "id":51800,   "ctx":"conn35","msg":"client metadata","attr":{"remote":"127.0.0.1:55978","client":"conn35","negotiatedCompressors":["snappy","zstd","zlib"],"doc":{"driver":{"name":"NetworkInterfaceTL-ReplNetwork","version":"7.0.34"},"os":{"type":"Linux","name":"Ubuntu","architecture":"x86_64","version":"24.04"}}}}
{"t":{"$date":"2026-07-08T11:53:22.216+00:00"},"s":"I",  "c":"ACCESS",   "id":6788604, "ctx":"conn35","msg":"Auth metrics report","attr":{"metric":"acquireUser","micros":0}}
{"t":{"$date":"2026-07-08T11:53:22.217+00:00"},"s":"I",  "c":"COMMAND",  "id":51803,   "ctx":"conn13","msg":"Slow query","attr":{"type":"command","ns":"appsmith.user","command":{"createIndexes":"user","indexes":[{"key":{"deleted":1,"deletedAt":1,"email":1,"createdAt":-1},"name":"user_deleted_deletedAt_email_createdAt_compound_index"}],"$db":"appsmith","$clusterTime":{"clusterTime":{"$timestamp":{"t":1783511602,"i":1}},"signature":{"hash":{"$binary":{"base64":"f36+NnkvoM8xocDya36KY1rDAgM=","subType":"0"}},"keyId":7660123826532909058}},"lsid":{"id":{"$uuid":"bf0b1e99-2238-40bb-9de9-5db2b9be2d37"}},"$readPreference":{"mode":"primaryPreferred"}},"numYields":0,"reslen":271,"locks":{"ParallelBatchWriterMode":{"acquireCount":{"r":4}},"FeatureCompatibilityVersion":{"acquireCount":{"r":3,"w":4}},"ReplicationStateTransition":{"acquireCount":{"w":7}},"Global":{"acquireCount":{"r":3,"w":4}},"Database":{"acquireCount":{"r":1,"w":3}},"Collection":{"acquireCount":{"r":1,"w":2,"W":1}},"Mutex":{"acquireCount":{"r":1}}},"flowControl":{"acquireCount":3},"readConcern":{"level":"local","provenance":"implicitDefault"},"writeConcern":{"w":"majority","wtimeout":0,"provenance":"implicitDefault"},"waitForWriteConcernDurationMillis":1,"storage":{},"cpuNanos":921113,"remote":"127.0.0.1:58810","protocol":"op_msg","durationMillis":112}}
{"t":{"$date":"2026-07-08T11:53:22.218+00:00"},"s":"I",  "c":"ACCESS",   "id":5286306, "ctx":"conn35","msg":"Successfully authenticated","attr":{"client":"127.0.0.1:55978","isSpeculative":true,"isClusterMember":true,"mechanism":"SCRAM-SHA-256","user":"__system","db":"local","result":0,"metrics":{"conversation_duration":{"micros":1354,"summary":{"0":{"step":1,"step_total":3,"duration_micros":380},"1":{"step":2,"step_total":3,"duration_micros":18},"2":{"step":3,"step_total":3,"duration_micros":0}}}},"doc":{"driver":{"name":"NetworkInterfaceTL-ReplNetwork","version":"7.0.34"},"os":{"type":"Linux","name":"Ubuntu","architecture":"x86_64","version":"24.04"}},"extraInfo":{}}}
{"t":{"$date":"2026-07-08T11:53:22.339+00:00"},"s":"I",  "c":"STORAGE",  "id":22260,   "ctx":"TimestampMonitor","msg":"Removing drop-pending idents with drop timestamps before timestamp","attr":{"timestamp":{"$timestamp":{"t":1783511546,"i":1}}}}
{"t":{"$date":"2026-07-08T11:53:22.343+00:00"},"s":"I",  "c":"STORAGE",  "id":22237,   "ctx":"TimestampMonitor","msg":"Completing drop for ident","attr":{"ident":"internal-141-5189528299374886471","dropTimestamp":{"$timestamp":{"t":0,"i":0}}}}
{"t":{"$date":"2026-07-08T11:53:22.350+00:00"},"s":"I",  "c":"STORAGE",  "id":6776600, "ctx":"TimestampMonitor","msg":"The ident was successfully dropped","attr":{"ident":"internal-141-5189528299374886471","dropTimestamp":{"$timestamp":{"t":0,"i":0}}}}
{"t":{"$date":"2026-07-08T11:53:22.586+00:00"},"s":"I",  "c":"COMMAND",  "id":51806,   "ctx":"conn13","msg":"CMD: dropIndexes","attr":{"namespace":"appsmith.newAction","uuid":{"uuid":{"$uuid":"54ef3b44-9986-4f29-88db-5a3cbb6014ec"}},"indexes":"unpublished_collectionId_deletedAt_index"}}
{"t":{"$date":"2026-07-08T11:53:22.591+00:00"},"s":"I",  "c":"COMMAND",  "id":51806,   "ctx":"conn13","msg":"CMD: dropIndexes","attr":{"namespace":"appsmith.newAction","uuid":{"uuid":{"$uuid":"54ef3b44-9986-4f29-88db-5a3cbb6014ec"}},"indexes":"unpublishedAction.collectionId_1_deletedAt_1"}}
{"t":{"$date":"2026-07-08T11:53:22.595+00:00"},"s":"I",  "c":"COMMAND",  "id":51806,   "ctx":"conn13","msg":"CMD: dropIndexes","attr":{"namespace":"appsmith.newAction","uuid":{"uuid":{"$uuid":"54ef3b44-9986-4f29-88db-5a3cbb6014ec"}},"indexes":"published_collectionId_deletedAt_index"}}
{"t":{"$date":"2026-07-08T11:53:22.600+00:00"},"s":"I",  "c":"COMMAND",  "id":51806,   "ctx":"conn13","msg":"CMD: dropIndexes","attr":{"namespace":"appsmith.newAction","uuid":{"uuid":{"$uuid":"54ef3b44-9986-4f29-88db-5a3cbb6014ec"}},"indexes":"publishedAction.collectionId_1_deletedAt_1"}}
{"t":{"$date":"2026-07-08T11:53:22.609+00:00"},"s":"I",  "c":"INDEX",    "id":20438,   "ctx":"conn13","msg":"Index build: registering","attr":{"buildUUID":{"uuid":{"$uuid":"eb4c7861-fd0e-4547-a203-b05a83942580"}},"namespace":"appsmith.newAction","collectionUUID":{"uuid":{"$uuid":"54ef3b44-9986-4f29-88db-5a3cbb6014ec"}},"indexes":1,"firstIndex":{"name":"unpublished_collectionId_deletedAt_index"},"command":{"createIndexes":"newAction","v":2,"indexes":[{"key":{"unpublishedAction.collectionId":1,"deletedAt":1},"name":"unpublished_collectionId_deletedAt_index"}],"ignoreUnknownIndexOptions":false}}}
{"t":{"$date":"2026-07-08T11:53:22.609+00:00"},"s":"I",  "c":"REPL",     "id":7360101, "ctx":"conn13","msg":"Wrote oplog entry for createIndexes","attr":{"namespace":"appsmith.$cmd","uuid":{"uuid":{"$uuid":"54ef3b44-9986-4f29-88db-5a3cbb6014ec"}},"opTime":{"ts":{"$timestamp":{"t":1783511602,"i":10}},"t":2},"object":{"createIndexes":"newAction","v":2,"key":{"unpublishedAction.collectionId":1,"deletedAt":1},"name":"unpublished_collectionId_deletedAt_index"}}}
{"t":{"$date":"2026-07-08T11:53:22.620+00:00"},"s":"I",  "c":"INDEX",    "id":20345,   "ctx":"conn13","msg":"Index build: done building","attr":{"buildUUID":null,"collectionUUID":{"uuid":{"$uuid":"54ef3b44-9986-4f29-88db-5a3cbb6014ec"}},"namespace":"appsmith.newAction","index":"unpublished_collectionId_deletedAt_index","ident":"index-142-5189528299374886471","collectionIdent":"collection-67-5189528299374886471","commitTimestamp":{"$timestamp":{"t":1783511602,"i":10}}}}
{"t":{"$date":"2026-07-08T11:53:22.620+00:00"},"s":"I",  "c":"INDEX",    "id":20440,   "ctx":"conn13","msg":"Index build: waiting for index build to complete","attr":{"buildUUID":{"uuid":{"$uuid":"eb4c7861-fd0e-4547-a203-b05a83942580"}},"deadline":{"$date":{"$numberLong":"9223372036854775807"}}}}
{"t":{"$date":"2026-07-08T11:53:22.621+00:00"},"s":"I",  "c":"INDEX",    "id":20447,   "ctx":"conn13","msg":"Index build: completed","attr":{"buildUUID":{"uuid":{"$uuid":"eb4c7861-fd0e-4547-a203-b05a83942580"}}}}
{"t":{"$date":"2026-07-08T11:53:22.635+00:00"},"s":"I",  "c":"INDEX",    "id":20438,   "ctx":"conn13","msg":"Index build: registering","attr":{"buildUUID":{"uuid":{"$uuid":"801fea1c-e4d7-4de5-9427-3afe105bd23f"}},"namespace":"appsmith.newAction","collectionUUID":{"uuid":{"$uuid":"54ef3b44-9986-4f29-88db-5a3cbb6014ec"}},"indexes":1,"firstIndex":{"name":"published_collectionId_deletedAt_index"},"command":{"createIndexes":"newAction","v":2,"indexes":[{"key":{"publishedAction.collectionId":1,"deletedAt":1},"name":"published_collectionId_deletedAt_index"}],"ignoreUnknownIndexOptions":false}}}
{"t":{"$date":"2026-07-08T11:53:22.635+00:00"},"s":"I",  "c":"REPL",     "id":7360101, "ctx":"conn13","msg":"Wrote oplog entry for createIndexes","attr":{"namespace":"appsmith.$cmd","uuid":{"uuid":{"$uuid":"54ef3b44-9986-4f29-88db-5a3cbb6014ec"}},"opTime":{"ts":{"$timestamp":{"t":1783511602,"i":11}},"t":2},"object":{"createIndexes":"newAction","v":2,"key":{"publishedAction.collectionId":1,"deletedAt":1},"name":"published_collectionId_deletedAt_index"}}}
{"t":{"$date":"2026-07-08T11:53:22.646+00:00"},"s":"I",  "c":"INDEX",    "id":20345,   "ctx":"conn13","msg":"Index build: done building","attr":{"buildUUID":null,"collectionUUID":{"uuid":{"$uuid":"54ef3b44-9986-4f29-88db-5a3cbb6014ec"}},"namespace":"appsmith.newAction","index":"published_collectionId_deletedAt_index","ident":"index-143-5189528299374886471","collectionIdent":"collection-67-5189528299374886471","commitTimestamp":{"$timestamp":{"t":1783511602,"i":11}}}}
{"t":{"$date":"2026-07-08T11:53:22.647+00:00"},"s":"I",  "c":"INDEX",    "id":20440,   "ctx":"conn13","msg":"Index build: waiting for index build to complete","attr":{"buildUUID":{"uuid":{"$uuid":"801fea1c-e4d7-4de5-9427-3afe105bd23f"}},"deadline":{"$date":{"$numberLong":"9223372036854775807"}}}}
{"t":{"$date":"2026-07-08T11:53:22.647+00:00"},"s":"I",  "c":"INDEX",    "id":20447,   "ctx":"conn13","msg":"Index build: completed","attr":{"buildUUID":{"uuid":{"$uuid":"801fea1c-e4d7-4de5-9427-3afe105bd23f"}}}}
{"t":{"$date":"2026-07-08T11:53:23.096+00:00"},"s":"I",  "c":"COMMAND",  "id":51806,   "ctx":"conn13","msg":"CMD: dropIndexes","attr":{"namespace":"appsmith.application","uuid":{"uuid":{"$uuid":"108defb8-8b72-46a6-9da7-ecea6d39c43c"}},"indexes":"branchName_defaultArtifactId_deletedAt_deleted"}}
{"t":{"$date":"2026-07-08T11:53:23.102+00:00"},"s":"I",  "c":"INDEX",    "id":20438,   "ctx":"conn13","msg":"Index build: registering","attr":{"buildUUID":{"uuid":{"$uuid":"6aa87171-06a9-4e94-9167-a4b61d68e85f"}},"namespace":"appsmith.application","collectionUUID":{"uuid":{"$uuid":"108defb8-8b72-46a6-9da7-ecea6d39c43c"}},"indexes":1,"firstIndex":{"name":"branchName_defaultArtifactId_deletedAt_deleted"},"command":{"createIndexes":"application","v":2,"indexes":[{"key":{"gitApplicationMetadata.branchName":1,"gitApplicationMetadata.defaultArtifactId":1,"deletedAt":1,"deleted":1},"name":"branchName_defaultArtifactId_deletedAt_deleted"}],"ignoreUnknownIndexOptions":false}}}
{"t":{"$date":"2026-07-08T11:53:23.102+00:00"},"s":"I",  "c":"REPL",     "id":7360101, "ctx":"conn13","msg":"Wrote oplog entry for createIndexes","attr":{"namespace":"appsmith.$cmd","uuid":{"uuid":{"$uuid":"108defb8-8b72-46a6-9da7-ecea6d39c43c"}},"opTime":{"ts":{"$timestamp":{"t":1783511603,"i":1}},"t":2},"object":{"createIndexes":"application","v":2,"key":{"gitApplicationMetadata.branchName":1,"gitApplicationMetadata.defaultArtifactId":1,"deletedAt":1,"deleted":1},"name":"branchName_defaultArtifactId_deletedAt_deleted"}}}
{"t":{"$date":"2026-07-08T11:53:23.109+00:00"},"s":"I",  "c":"INDEX",    "id":20345,   "ctx":"conn13","msg":"Index build: done building","attr":{"buildUUID":null,"collectionUUID":{"uuid":{"$uuid":"108defb8-8b72-46a6-9da7-ecea6d39c43c"}},"namespace":"appsmith.application","index":"branchName_defaultArtifactId_deletedAt_deleted","ident":"index-144-5189528299374886471","collectionIdent":"collection-30-5189528299374886471","commitTimestamp":{"$timestamp":{"t":1783511603,"i":1}}}}
{"t":{"$date":"2026-07-08T11:53:23.110+00:00"},"s":"I",  "c":"INDEX",    "id":20440,   "ctx":"conn13","msg":"Index build: waiting for index build to complete","attr":{"buildUUID":{"uuid":{"$uuid":"6aa87171-06a9-4e94-9167-a4b61d68e85f"}},"deadline":{"$date":{"$numberLong":"9223372036854775807"}}}}
{"t":{"$date":"2026-07-08T11:53:23.110+00:00"},"s":"I",  "c":"INDEX",    "id":20447,   "ctx":"conn13","msg":"Index build: completed","attr":{"buildUUID":{"uuid":{"$uuid":"6aa87171-06a9-4e94-9167-a4b61d68e85f"}}}}
{"t":{"$date":"2026-07-08T11:53:23.239+00:00"},"s":"I",  "c":"NETWORK",  "id":22943,   "ctx":"listener","msg":"Connection accepted","attr":{"remote":"127.0.0.1:55992","isLoadBalanced":false,"uuid":{"uuid":{"$uuid":"4f133c04-7d15-4b10-9e3e-9aa96f37ab79"}},"connectionId":36,"connectionCount":9}}
{"t":{"$date":"2026-07-08T11:53:23.243+00:00"},"s":"I",  "c":"NETWORK",  "id":22943,   "ctx":"listener","msg":"Connection accepted","attr":{"remote":"127.0.0.1:56004","isLoadBalanced":false,"uuid":{"uuid":{"$uuid":"11de9642-df32-4bea-9a6d-90f6879a15fd"}},"connectionId":37,"connectionCount":10}}
{"t":{"$date":"2026-07-08T11:53:23.245+00:00"},"s":"I",  "c":"NETWORK",  "id":51800,   "ctx":"conn36","msg":"client metadata","attr":{"remote":"127.0.0.1:55992","client":"conn36","negotiatedCompressors":[],"doc":{"driver":{"name":"mongo-java-driver|sync|spring-boot","version":"5.5.2"},"os":{"type":"Linux","name":"Linux","architecture":"amd64","version":"6.10.14-linuxkit"},"platform":"Java/Eclipse Adoptium/25.0.3+9-LTS","env":{"container":{"runtime":"docker"}}}}}
{"t":{"$date":"2026-07-08T11:53:23.245+00:00"},"s":"I",  "c":"NETWORK",  "id":51800,   "ctx":"conn37","msg":"client metadata","attr":{"remote":"127.0.0.1:56004","client":"conn37","negotiatedCompressors":[],"doc":{"driver":{"name":"mongo-java-driver|sync|spring-boot","version":"5.5.2"},"os":{"type":"Linux","name":"Linux","architecture":"amd64","version":"6.10.14-linuxkit"},"platform":"Java/Eclipse Adoptium/25.0.3+9-LTS","env":{"container":{"runtime":"docker"}}}}}
{"t":{"$date":"2026-07-08T11:53:23.245+00:00"},"s":"I",  "c":"ACCESS",   "id":6788604, "ctx":"conn36","msg":"Auth metrics report","attr":{"metric":"acquireUser","micros":0}}
{"t":{"$date":"2026-07-08T11:53:23.245+00:00"},"s":"I",  "c":"ACCESS",   "id":6788604, "ctx":"conn37","msg":"Auth metrics report","attr":{"metric":"acquireUser","micros":0}}
{"t":{"$date":"2026-07-08T11:53:23.286+00:00"},"s":"I",  "c":"ACCESS",   "id":5286306, "ctx":"conn36","msg":"Successfully authenticated","attr":{"client":"127.0.0.1:55992","isSpeculative":true,"isClusterMember":false,"mechanism":"SCRAM-SHA-256","user":"appsmith","db":"appsmith","result":0,"metrics":{"conversation_duration":{"micros":40618,"summary":{"0":{"step":1,"step_total":2,"duration_micros":557},"1":{"step":2,"step_total":2,"duration_micros":84}}}},"doc":{"driver":{"name":"mongo-java-driver|sync|spring-boot","version":"5.5.2"},"os":{"type":"Linux","name":"Linux","architecture":"amd64","version":"6.10.14-linuxkit"},"platform":"Java/Eclipse Adoptium/25.0.3+9-LTS","env":{"container":{"runtime":"docker"}}},"extraInfo":{}}}
{"t":{"$date":"2026-07-08T11:53:23.288+00:00"},"s":"I",  "c":"NETWORK",  "id":6788700, "ctx":"conn36","msg":"Received first command on ingress connection since session start or auth handshake","attr":{"elapsedMillis":2}}
{"t":{"$date":"2026-07-08T11:53:23.290+00:00"},"s":"I",  "c":"ACCESS",   "id":5286306, "ctx":"conn37","msg":"Successfully authenticated","attr":{"client":"127.0.0.1:56004","isSpeculative":true,"isClusterMember":false,"mechanism":"SCRAM-SHA-256","user":"appsmith","db":"appsmith","result":0,"metrics":{"conversation_duration":{"micros":44242,"summary":{"0":{"step":1,"step_total":2,"duration_micros":804},"1":{"step":2,"step_total":2,"duration_micros":34}}}},"doc":{"driver":{"name":"mongo-java-driver|sync|spring-boot","version":"5.5.2"},"os":{"type":"Linux","name":"Linux","architecture":"amd64","version":"6.10.14-linuxkit"},"platform":"Java/Eclipse Adoptium/25.0.3+9-LTS","env":{"container":{"runtime":"docker"}}},"extraInfo":{}}}
{"t":{"$date":"2026-07-08T11:53:23.293+00:00"},"s":"I",  "c":"NETWORK",  "id":6788700, "ctx":"conn37","msg":"Received first command on ingress connection since session start or auth handshake","attr":{"elapsedMillis":3}}
{"t":{"$date":"2026-07-08T11:53:23.407+00:00"},"s":"I",  "c":"COMMAND",  "id":51806,   "ctx":"conn13","msg":"CMD: dropIndexes","attr":{"namespace":"appsmith.newPage","uuid":{"uuid":{"$uuid":"0b57f3a7-169b-4aba-98d4-7ce427e47d80"}},"indexes":"defaultApplicationId_gitSyncId_deleted"}}
{"t":{"$date":"2026-07-08T11:53:23.407+00:00"},"s":"I",  "c":"COMMAND",  "id":51806,   "ctx":"conn36","msg":"CMD: dropIndexes","attr":{"namespace":"appsmith.actionCollection","uuid":{"uuid":{"$uuid":"41f3b007-3538-4e37-b131-55d5fe684b43"}},"indexes":"defaultCollectionId_branchName_deleted"}}
{"t":{"$date":"2026-07-08T11:53:23.407+00:00"},"s":"I",  "c":"COMMAND",  "id":51806,   "ctx":"conn37","msg":"CMD: dropIndexes","attr":{"namespace":"appsmith.newAction","uuid":{"uuid":{"$uuid":"54ef3b44-9986-4f29-88db-5a3cbb6014ec"}},"indexes":"defaultActionId_branchName_deleted_compound_index"}}
{"t":{"$date":"2026-07-08T11:53:23.408+00:00"},"s":"I",  "c":"REPL",     "id":7360107, "ctx":"conn37","msg":"Wrote oplog entry for dropIndexes","attr":{"namespace":"appsmith.$cmd","uuid":{"uuid":{"$uuid":"54ef3b44-9986-4f29-88db-5a3cbb6014ec"}},"opTime":{"ts":{"$timestamp":{"t":1783511603,"i":6}},"t":2},"object":{"dropIndexes":"newAction","index":"defaultActionId_branchName_deleted_compound_index"}}}
{"t":{"$date":"2026-07-08T11:53:23.408+00:00"},"s":"I",  "c":"REPL",     "id":7360107, "ctx":"conn36","msg":"Wrote oplog entry for dropIndexes","attr":{"namespace":"appsmith.$cmd","uuid":{"uuid":{"$uuid":"41f3b007-3538-4e37-b131-55d5fe684b43"}},"opTime":{"ts":{"$timestamp":{"t":1783511603,"i":5}},"t":2},"object":{"dropIndexes":"actionCollection","index":"defaultCollectionId_branchName_deleted"}}}
{"t":{"$date":"2026-07-08T11:53:23.408+00:00"},"s":"I",  "c":"REPL",     "id":7360107, "ctx":"conn13","msg":"Wrote oplog entry for dropIndexes","attr":{"namespace":"appsmith.$cmd","uuid":{"uuid":{"$uuid":"0b57f3a7-169b-4aba-98d4-7ce427e47d80"}},"opTime":{"ts":{"$timestamp":{"t":1783511603,"i":4}},"t":2},"object":{"dropIndexes":"newPage","index":"defaultApplicationId_gitSyncId_deleted"}}}
{"t":{"$date":"2026-07-08T11:53:23.409+00:00"},"s":"I",  "c":"STORAGE",  "id":22206,   "ctx":"conn37","msg":"Deferring table drop for index","attr":{"index":"defaultActionId_branchName_deleted_compound_index","namespace":"appsmith.newAction","uuid":{"uuid":{"$uuid":"54ef3b44-9986-4f29-88db-5a3cbb6014ec"}},"ident":"index-76-5189528299374886471","dropTime":{"":{"$timestamp":{"t":1783511603,"i":6}}}}}
{"t":{"$date":"2026-07-08T11:53:23.409+00:00"},"s":"I",  "c":"STORAGE",  "id":22206,   "ctx":"conn36","msg":"Deferring table drop for index","attr":{"index":"defaultCollectionId_branchName_deleted","namespace":"appsmith.actionCollection","uuid":{"uuid":{"$uuid":"41f3b007-3538-4e37-b131-55d5fe684b43"}},"ident":"index-79-5189528299374886471","dropTime":{"":{"$timestamp":{"t":1783511603,"i":5}}}}}
{"t":{"$date":"2026-07-08T11:53:23.409+00:00"},"s":"I",  "c":"STORAGE",  "id":22206,   "ctx":"conn13","msg":"Deferring table drop for index","attr":{"index":"defaultApplicationId_gitSyncId_deleted","namespace":"appsmith.newPage","uuid":{"uuid":{"$uuid":"0b57f3a7-169b-4aba-98d4-7ce427e47d80"}},"ident":"index-92-5189528299374886471","dropTime":{"":{"$timestamp":{"t":1783511603,"i":4}}}}}
{"t":{"$date":"2026-07-08T11:53:23.413+00:00"},"s":"I",  "c":"COMMAND",  "id":51806,   "ctx":"conn37","msg":"CMD: dropIndexes","attr":{"namespace":"appsmith.newAction","uuid":{"uuid":{"$uuid":"54ef3b44-9986-4f29-88db-5a3cbb6014ec"}},"indexes":"defaultApplicationId_gitSyncId_deleted"}}
{"t":{"$date":"2026-07-08T11:53:23.413+00:00"},"s":"I",  "c":"COMMAND",  "id":51806,   "ctx":"conn36","msg":"CMD: dropIndexes","attr":{"namespace":"appsmith.newPage","uuid":{"uuid":{"$uuid":"0b57f3a7-169b-4aba-98d4-7ce427e47d80"}},"indexes":"defaultPageId_branchName_deleted_compound_index"}}
{"t":{"$date":"2026-07-08T11:53:23.413+00:00"},"s":"I",  "c":"COMMAND",  "id":51806,   "ctx":"conn13","msg":"CMD: dropIndexes","attr":{"namespace":"appsmith.actionCollection","uuid":{"uuid":{"$uuid":"41f3b007-3538-4e37-b131-55d5fe684b43"}},"indexes":"defaultApplicationId_gitSyncId_deleted"}}
{"t":{"$date":"2026-07-08T11:53:23.414+00:00"},"s":"I",  "c":"REPL",     "id":7360107, "ctx":"conn37","msg":"Wrote oplog entry for dropIndexes","attr":{"namespace":"appsmith.$cmd","uuid":{"uuid":{"$uuid":"54ef3b44-9986-4f29-88db-5a3cbb6014ec"}},"opTime":{"ts":{"$timestamp":{"t":1783511603,"i":7}},"t":2},"object":{"dropIndexes":"newAction","index":"defaultApplicationId_gitSyncId_deleted"}}}
{"t":{"$date":"2026-07-08T11:53:23.414+00:00"},"s":"I",  "c":"REPL",     "id":7360107, "ctx":"conn36","msg":"Wrote oplog entry for dropIndexes","attr":{"namespace":"appsmith.$cmd","uuid":{"uuid":{"$uuid":"0b57f3a7-169b-4aba-98d4-7ce427e47d80"}},"opTime":{"ts":{"$timestamp":{"t":1783511603,"i":8}},"t":2},"object":{"dropIndexes":"newPage","index":"defaultPageId_branchName_deleted_compound_index"}}}
{"t":{"$date":"2026-07-08T11:53:23.414+00:00"},"s":"I",  "c":"REPL",     "id":7360107, "ctx":"conn13","msg":"Wrote oplog entry for dropIndexes","attr":{"namespace":"appsmith.$cmd","uuid":{"uuid":{"$uuid":"41f3b007-3538-4e37-b131-55d5fe684b43"}},"opTime":{"ts":{"$timestamp":{"t":1783511603,"i":9}},"t":2},"object":{"dropIndexes":"actionCollection","index":"defaultApplicationId_gitSyncId_deleted"}}}
{"t":{"$date":"2026-07-08T11:53:23.415+00:00"},"s":"I",  "c":"STORAGE",  "id":22206,   "ctx":"conn37","msg":"Deferring table drop for index","attr":{"index":"defaultApplicationId_gitSyncId_deleted","namespace":"appsmith.newAction","uuid":{"uuid":{"$uuid":"54ef3b44-9986-4f29-88db-5a3cbb6014ec"}},"ident":"index-91-5189528299374886471","dropTime":{"":{"$timestamp":{"t":1783511603,"i":7}}}}}
{"t":{"$date":"2026-07-08T11:53:23.415+00:00"},"s":"I",  "c":"STORAGE",  "id":22206,   "ctx":"conn36","msg":"Deferring table drop for index","attr":{"index":"defaultPageId_branchName_deleted_compound_index","namespace":"appsmith.newPage","uuid":{"uuid":{"$uuid":"0b57f3a7-169b-4aba-98d4-7ce427e47d80"}},"ident":"index-80-5189528299374886471","dropTime":{"":{"$timestamp":{"t":1783511603,"i":8}}}}}
{"t":{"$date":"2026-07-08T11:53:23.415+00:00"},"s":"I",  "c":"STORAGE",  "id":22206,   "ctx":"conn13","msg":"Deferring table drop for index","attr":{"index":"defaultApplicationId_gitSyncId_deleted","namespace":"appsmith.actionCollection","uuid":{"uuid":{"$uuid":"41f3b007-3538-4e37-b131-55d5fe684b43"}},"ident":"index-90-5189528299374886471","dropTime":{"":{"$timestamp":{"t":1783511603,"i":9}}}}}
{"t":{"$date":"2026-07-08T11:53:23.419+00:00"},"s":"I",  "c":"COMMAND",  "id":51806,   "ctx":"conn37","msg":"CMD: dropIndexes","attr":{"namespace":"appsmith.newPage","uuid":{"uuid":{"$uuid":"0b57f3a7-169b-4aba-98d4-7ce427e47d80"}},"indexes":"baseId_branchName_compound_index"}}
{"t":{"$date":"2026-07-08T11:53:23.419+00:00"},"s":"I",  "c":"COMMAND",  "id":51806,   "ctx":"conn13","msg":"CMD: dropIndexes","attr":{"namespace":"appsmith.newAction","uuid":{"uuid":{"$uuid":"54ef3b44-9986-4f29-88db-5a3cbb6014ec"}},"indexes":"baseId_branchName_compound_index"}}
{"t":{"$date":"2026-07-08T11:53:23.419+00:00"},"s":"I",  "c":"COMMAND",  "id":51806,   "ctx":"conn36","msg":"CMD: dropIndexes","attr":{"namespace":"appsmith.actionCollection","uuid":{"uuid":{"$uuid":"41f3b007-3538-4e37-b131-55d5fe684b43"}},"indexes":"unpublishedCollection.defaultResources.pageId"}}
{"t":{"$date":"2026-07-08T11:53:23.420+00:00"},"s":"I",  "c":"REPL",     "id":7360107, "ctx":"conn36","msg":"Wrote oplog entry for dropIndexes","attr":{"namespace":"appsmith.$cmd","uuid":{"uuid":{"$uuid":"41f3b007-3538-4e37-b131-55d5fe684b43"}},"opTime":{"ts":{"$timestamp":{"t":1783511603,"i":10}},"t":2},"object":{"dropIndexes":"actionCollection","index":"unpublishedCollection.defaultResources.pageId"}}}
{"t":{"$date":"2026-07-08T11:53:23.421+00:00"},"s":"I",  "c":"STORAGE",  "id":22206,   "ctx":"conn36","msg":"Deferring table drop for index","attr":{"index":"unpublishedCollection.defaultResources.pageId","namespace":"appsmith.actionCollection","uuid":{"uuid":{"$uuid":"41f3b007-3538-4e37-b131-55d5fe684b43"}},"ident":"index-136-5189528299374886471","dropTime":{"":{"$timestamp":{"t":1783511603,"i":10}}}}}
{"t":{"$date":"2026-07-08T11:53:23.425+00:00"},"s":"I",  "c":"INDEX",    "id":20438,   "ctx":"conn37","msg":"Index build: registering","attr":{"buildUUID":{"uuid":{"$uuid":"9ee358a0-0c43-4409-b26c-5bf0ae9a7bf7"}},"namespace":"appsmith.newPage","collectionUUID":{"uuid":{"$uuid":"0b57f3a7-169b-4aba-98d4-7ce427e47d80"}},"indexes":1,"firstIndex":{"name":"baseId_branchName_compound_index"},"command":{"createIndexes":"newPage","v":2,"indexes":[{"key":{"baseId":1,"branchName":1,"deleted":1,"deletedAt":1},"name":"baseId_branchName_compound_index"}],"ignoreUnknownIndexOptions":false}}}
{"t":{"$date":"2026-07-08T11:53:23.425+00:00"},"s":"I",  "c":"INDEX",    "id":20438,   "ctx":"conn13","msg":"Index build: registering","attr":{"buildUUID":{"uuid":{"$uuid":"2bdb0a19-87af-4856-a46a-b4dcef5f3d62"}},"namespace":"appsmith.newAction","collectionUUID":{"uuid":{"$uuid":"54ef3b44-9986-4f29-88db-5a3cbb6014ec"}},"indexes":1,"firstIndex":{"name":"baseId_branchName_compound_index"},"command":{"createIndexes":"newAction","v":2,"indexes":[{"key":{"baseId":1,"branchName":1,"deleted":1,"deletedAt":1},"name":"baseId_branchName_compound_index"}],"ignoreUnknownIndexOptions":false}}}
{"t":{"$date":"2026-07-08T11:53:23.425+00:00"},"s":"I",  "c":"REPL",     "id":7360101, "ctx":"conn37","msg":"Wrote oplog entry for createIndexes","attr":{"namespace":"appsmith.$cmd","uuid":{"uuid":{"$uuid":"0b57f3a7-169b-4aba-98d4-7ce427e47d80"}},"opTime":{"ts":{"$timestamp":{"t":1783511603,"i":11}},"t":2},"object":{"createIndexes":"newPage","v":2,"key":{"baseId":1,"branchName":1,"deleted":1,"deletedAt":1},"name":"baseId_branchName_compound_index"}}}
{"t":{"$date":"2026-07-08T11:53:23.426+00:00"},"s":"I",  "c":"REPL",     "id":7360101, "ctx":"conn13","msg":"Wrote oplog entry for createIndexes","attr":{"namespace":"appsmith.$cmd","uuid":{"uuid":{"$uuid":"54ef3b44-9986-4f29-88db-5a3cbb6014ec"}},"opTime":{"ts":{"$timestamp":{"t":1783511603,"i":12}},"t":2},"object":{"createIndexes":"newAction","v":2,"key":{"baseId":1,"branchName":1,"deleted":1,"deletedAt":1},"name":"baseId_branchName_compound_index"}}}
{"t":{"$date":"2026-07-08T11:53:23.428+00:00"},"s":"I",  "c":"COMMAND",  "id":51806,   "ctx":"conn36","msg":"CMD: dropIndexes","attr":{"namespace":"appsmith.actionCollection","uuid":{"uuid":{"$uuid":"41f3b007-3538-4e37-b131-55d5fe684b43"}},"indexes":"baseId_branchName_compound_index"}}
{"t":{"$date":"2026-07-08T11:53:23.434+00:00"},"s":"I",  "c":"INDEX",    "id":20438,   "ctx":"conn36","msg":"Index build: registering","attr":{"buildUUID":{"uuid":{"$uuid":"f2dea92b-7355-40d7-8aab-532e550e4da3"}},"namespace":"appsmith.actionCollection","collectionUUID":{"uuid":{"$uuid":"41f3b007-3538-4e37-b131-55d5fe684b43"}},"indexes":1,"firstIndex":{"name":"baseId_branchName_compound_index"},"command":{"createIndexes":"actionCollection","v":2,"indexes":[{"key":{"baseId":1,"branchName":1,"deleted":1,"deletedAt":1},"name":"baseId_branchName_compound_index"}],"ignoreUnknownIndexOptions":false}}}
{"t":{"$date":"2026-07-08T11:53:23.435+00:00"},"s":"I",  "c":"REPL",     "id":7360101, "ctx":"conn36","msg":"Wrote oplog entry for createIndexes","attr":{"namespace":"appsmith.$cmd","uuid":{"uuid":{"$uuid":"41f3b007-3538-4e37-b131-55d5fe684b43"}},"opTime":{"ts":{"$timestamp":{"t":1783511603,"i":13}},"t":2},"object":{"createIndexes":"actionCollection","v":2,"key":{"baseId":1,"branchName":1,"deleted":1,"deletedAt":1},"name":"baseId_branchName_compound_index"}}}
{"t":{"$date":"2026-07-08T11:53:23.436+00:00"},"s":"I",  "c":"INDEX",    "id":20345,   "ctx":"conn37","msg":"Index build: done building","attr":{"buildUUID":null,"collectionUUID":{"uuid":{"$uuid":"0b57f3a7-169b-4aba-98d4-7ce427e47d80"}},"namespace":"appsmith.newPage","index":"baseId_branchName_compound_index","ident":"index-145-5189528299374886471","collectionIdent":"collection-64-5189528299374886471","commitTimestamp":{"$timestamp":{"t":1783511603,"i":11}}}}
{"t":{"$date":"2026-07-08T11:53:23.437+00:00"},"s":"I",  "c":"INDEX",    "id":20440,   "ctx":"conn37","msg":"Index build: waiting for index build to complete","attr":{"buildUUID":{"uuid":{"$uuid":"9ee358a0-0c43-4409-b26c-5bf0ae9a7bf7"}},"deadline":{"$date":{"$numberLong":"9223372036854775807"}}}}
{"t":{"$date":"2026-07-08T11:53:23.437+00:00"},"s":"I",  "c":"INDEX",    "id":20447,   "ctx":"conn37","msg":"Index build: completed","attr":{"buildUUID":{"uuid":{"$uuid":"9ee358a0-0c43-4409-b26c-5bf0ae9a7bf7"}}}}
{"t":{"$date":"2026-07-08T11:53:23.443+00:00"},"s":"I",  "c":"INDEX",    "id":20345,   "ctx":"conn13","msg":"Index build: done building","attr":{"buildUUID":null,"collectionUUID":{"uuid":{"$uuid":"54ef3b44-9986-4f29-88db-5a3cbb6014ec"}},"namespace":"appsmith.newAction","index":"baseId_branchName_compound_index","ident":"index-146-5189528299374886471","collectionIdent":"collection-67-5189528299374886471","commitTimestamp":{"$timestamp":{"t":1783511603,"i":12}}}}
{"t":{"$date":"2026-07-08T11:53:23.443+00:00"},"s":"I",  "c":"INDEX",    "id":20440,   "ctx":"conn13","msg":"Index build: waiting for index build to complete","attr":{"buildUUID":{"uuid":{"$uuid":"2bdb0a19-87af-4856-a46a-b4dcef5f3d62"}},"deadline":{"$date":{"$numberLong":"9223372036854775807"}}}}
{"t":{"$date":"2026-07-08T11:53:23.444+00:00"},"s":"I",  "c":"INDEX",    "id":20447,   "ctx":"conn13","msg":"Index build: completed","attr":{"buildUUID":{"uuid":{"$uuid":"2bdb0a19-87af-4856-a46a-b4dcef5f3d62"}}}}
{"t":{"$date":"2026-07-08T11:53:23.451+00:00"},"s":"I",  "c":"INDEX",    "id":20345,   "ctx":"conn36","msg":"Index build: done building","attr":{"buildUUID":null,"collectionUUID":{"uuid":{"$uuid":"41f3b007-3538-4e37-b131-55d5fe684b43"}},"namespace":"appsmith.actionCollection","index":"baseId_branchName_compound_index","ident":"index-147-5189528299374886471","collectionIdent":"collection-77-5189528299374886471","commitTimestamp":{"$timestamp":{"t":1783511603,"i":13}}}}
{"t":{"$date":"2026-07-08T11:53:23.451+00:00"},"s":"I",  "c":"INDEX",    "id":20440,   "ctx":"conn36","msg":"Index build: waiting for index build to complete","attr":{"buildUUID":{"uuid":{"$uuid":"f2dea92b-7355-40d7-8aab-532e550e4da3"}},"deadline":{"$date":{"$numberLong":"9223372036854775807"}}}}
{"t":{"$date":"2026-07-08T11:53:23.451+00:00"},"s":"I",  "c":"INDEX",    "id":20447,   "ctx":"conn36","msg":"Index build: completed","attr":{"buildUUID":{"uuid":{"$uuid":"f2dea92b-7355-40d7-8aab-532e550e4da3"}}}}
{"t":{"$date":"2026-07-08T11:53:23.665+00:00"},"s":"I",  "c":"NETWORK",  "id":22943,   "ctx":"listener","msg":"Connection accepted","attr":{"remote":"127.0.0.1:56020","isLoadBalanced":false,"uuid":{"uuid":{"$uuid":"82e0f676-3c29-40fa-a875-87fcede5d59f"}},"connectionId":38,"connectionCount":11}}
{"t":{"$date":"2026-07-08T11:53:23.671+00:00"},"s":"I",  "c":"NETWORK",  "id":22943,   "ctx":"listener","msg":"Connection accepted","attr":{"remote":"127.0.0.1:56028","isLoadBalanced":false,"uuid":{"uuid":{"$uuid":"0ec58679-34ea-49a6-b2df-09a50b2752bc"}},"connectionId":39,"connectionCount":12}}
{"t":{"$date":"2026-07-08T11:53:23.672+00:00"},"s":"I",  "c":"NETWORK",  "id":51800,   "ctx":"conn38","msg":"client metadata","attr":{"remote":"127.0.0.1:56020","client":"conn38","negotiatedCompressors":[],"doc":{"driver":{"name":"mongo-java-driver|reactive-streams|spring-boot","version":"5.5.2"},"os":{"type":"Linux","name":"Linux","architecture":"amd64","version":"6.10.14-linuxkit"},"platform":"Java/Eclipse Adoptium/25.0.3+9-LTS","env":{"container":{"runtime":"docker"}}}}}
{"t":{"$date":"2026-07-08T11:53:23.672+00:00"},"s":"I",  "c":"ACCESS",   "id":6788604, "ctx":"conn38","msg":"Auth metrics report","attr":{"metric":"acquireUser","micros":0}}
{"t":{"$date":"2026-07-08T11:53:23.672+00:00"},"s":"I",  "c":"NETWORK",  "id":51800,   "ctx":"conn39","msg":"client metadata","attr":{"remote":"127.0.0.1:56028","client":"conn39","negotiatedCompressors":[],"doc":{"driver":{"name":"mongo-java-driver|reactive-streams|spring-boot","version":"5.5.2"},"os":{"type":"Linux","name":"Linux","architecture":"amd64","version":"6.10.14-linuxkit"},"platform":"Java/Eclipse Adoptium/25.0.3+9-LTS","env":{"container":{"runtime":"docker"}}}}}
{"t":{"$date":"2026-07-08T11:53:23.675+00:00"},"s":"I",  "c":"ACCESS",   "id":6788604, "ctx":"conn39","msg":"Auth metrics report","attr":{"metric":"acquireUser","micros":0}}
{"t":{"$date":"2026-07-08T11:53:23.709+00:00"},"s":"I",  "c":"ACCESS",   "id":5286306, "ctx":"conn38","msg":"Successfully authenticated","attr":{"client":"127.0.0.1:56020","isSpeculative":true,"isClusterMember":false,"mechanism":"SCRAM-SHA-256","user":"appsmith","db":"appsmith","result":0,"metrics":{"conversation_duration":{"micros":37118,"summary":{"0":{"step":1,"step_total":2,"duration_micros":329},"1":{"step":2,"step_total":2,"duration_micros":37}}}},"doc":{"driver":{"name":"mongo-java-driver|reactive-streams|spring-boot","version":"5.5.2"},"os":{"type":"Linux","name":"Linux","architecture":"amd64","version":"6.10.14-linuxkit"},"platform":"Java/Eclipse Adoptium/25.0.3+9-LTS","env":{"container":{"runtime":"docker"}}},"extraInfo":{}}}
{"t":{"$date":"2026-07-08T11:53:23.712+00:00"},"s":"I",  "c":"NETWORK",  "id":6788700, "ctx":"conn38","msg":"Received first command on ingress connection since session start or auth handshake","attr":{"elapsedMillis":2}}
{"t":{"$date":"2026-07-08T11:53:23.713+00:00"},"s":"I",  "c":"NETWORK",  "id":22943,   "ctx":"listener","msg":"Connection accepted","attr":{"remote":"127.0.0.1:56044","isLoadBalanced":false,"uuid":{"uuid":{"$uuid":"a368939b-c2d7-4a3d-bafe-df6b87bc516e"}},"connectionId":40,"connectionCount":13}}
{"t":{"$date":"2026-07-08T11:53:23.715+00:00"},"s":"I",  "c":"NETWORK",  "id":51800,   "ctx":"conn40","msg":"client metadata","attr":{"remote":"127.0.0.1:56044","client":"conn40","negotiatedCompressors":[],"doc":{"driver":{"name":"mongo-java-driver|reactive-streams|spring-boot","version":"5.5.2"},"os":{"type":"Linux","name":"Linux","architecture":"amd64","version":"6.10.14-linuxkit"},"platform":"Java/Eclipse Adoptium/25.0.3+9-LTS","env":{"container":{"runtime":"docker"}}}}}
{"t":{"$date":"2026-07-08T11:53:23.715+00:00"},"s":"I",  "c":"ACCESS",   "id":6788604, "ctx":"conn40","msg":"Auth metrics report","attr":{"metric":"acquireUser","micros":0}}
{"t":{"$date":"2026-07-08T11:53:23.722+00:00"},"s":"I",  "c":"ACCESS",   "id":5286306, "ctx":"conn39","msg":"Successfully authenticated","attr":{"client":"127.0.0.1:56028","isSpeculative":true,"isClusterMember":false,"mechanism":"SCRAM-SHA-256","user":"appsmith","db":"appsmith","result":0,"metrics":{"conversation_duration":{"micros":47631,"summary":{"0":{"step":1,"step_total":2,"duration_micros":1463},"1":{"step":2,"step_total":2,"duration_micros":39}}}},"doc":{"driver":{"name":"mongo-java-driver|reactive-streams|spring-boot","version":"5.5.2"},"os":{"type":"Linux","name":"Linux","architecture":"amd64","version":"6.10.14-linuxkit"},"platform":"Java/Eclipse Adoptium/25.0.3+9-LTS","env":{"container":{"runtime":"docker"}}},"extraInfo":{}}}
{"t":{"$date":"2026-07-08T11:53:23.724+00:00"},"s":"I",  "c":"NETWORK",  "id":6788700, "ctx":"conn39","msg":"Received first command on ingress connection since session start or auth handshake","attr":{"elapsedMillis":2}}
{"t":{"$date":"2026-07-08T11:53:23.749+00:00"},"s":"I",  "c":"ACCESS",   "id":5286306, "ctx":"conn40","msg":"Successfully authenticated","attr":{"client":"127.0.0.1:56044","isSpeculative":true,"isClusterMember":false,"mechanism":"SCRAM-SHA-256","user":"appsmith","db":"appsmith","result":0,"metrics":{"conversation_duration":{"micros":34276,"summary":{"0":{"step":1,"step_total":2,"duration_micros":304},"1":{"step":2,"step_total":2,"duration_micros":36}}}},"doc":{"driver":{"name":"mongo-java-driver|reactive-streams|spring-boot","version":"5.5.2"},"os":{"type":"Linux","name":"Linux","architecture":"amd64","version":"6.10.14-linuxkit"},"platform":"Java/Eclipse Adoptium/25.0.3+9-LTS","env":{"container":{"runtime":"docker"}}},"extraInfo":{}}}
{"t":{"$date":"2026-07-08T11:53:23.752+00:00"},"s":"I",  "c":"NETWORK",  "id":6788700, "ctx":"conn40","msg":"Received first command on ingress connection since session start or auth handshake","attr":{"elapsedMillis":3}}
{"t":{"$date":"2026-07-08T11:53:23.860+00:00"},"s":"I",  "c":"COMMAND",  "id":51806,   "ctx":"conn13","msg":"CMD: dropIndexes","attr":{"namespace":"appsmith.workspace","uuid":{"uuid":{"$uuid":"e4516a53-d34e-42b8-a059-b9ded36ad552"}},"indexes":"policy_manage_workspace_tanantId_compound_index"}}
{"t":{"$date":"2026-07-08T11:53:23.860+00:00"},"s":"I",  "c":"COMMAND",  "id":51806,   "ctx":"conn36","msg":"CMD: dropIndexes","attr":{"namespace":"appsmith.workspace","uuid":{"uuid":{"$uuid":"e4516a53-d34e-42b8-a059-b9ded36ad552"}},"indexes":"policy_read_workspace_tanantId_compound_index"}}
{"t":{"$date":"2026-07-08T11:53:23.866+00:00"},"s":"I",  "c":"INDEX",    "id":20438,   "ctx":"conn13","msg":"Index build: registering","attr":{"buildUUID":{"uuid":{"$uuid":"3ffad55e-fe75-4ae9-b9fc-48187f793ae7"}},"namespace":"appsmith.workspace","collectionUUID":{"uuid":{"$uuid":"e4516a53-d34e-42b8-a059-b9ded36ad552"}},"indexes":1,"firstIndex":{"name":"policy_read_workspace_tanantId_compound_index"},"command":{"createIndexes":"workspace","v":2,"indexes":[{"key":{"policyMap.read:workspaces.permissionGroups":1,"tenantId":1,"deleted":1,"deletedAt":1},"name":"policy_read_workspace_tanantId_compound_index"}],"ignoreUnknownIndexOptions":false}}}
{"t":{"$date":"2026-07-08T11:53:23.866+00:00"},"s":"I",  "c":"INDEX",    "id":20438,   "ctx":"conn36","msg":"Index build: registering","attr":{"buildUUID":{"uuid":{"$uuid":"258a7814-a97e-4e7a-bd0e-607d6f6288c3"}},"namespace":"appsmith.workspace","collectionUUID":{"uuid":{"$uuid":"e4516a53-d34e-42b8-a059-b9ded36ad552"}},"indexes":1,"firstIndex":{"name":"policy_manage_workspace_tanantId_compound_index"},"command":{"createIndexes":"workspace","v":2,"indexes":[{"key":{"policyMap.manage:workspaces.permissionGroups":1,"tenantId":1,"deleted":1,"deletedAt":1},"name":"policy_manage_workspace_tanantId_compound_index"}],"ignoreUnknownIndexOptions":false}}}
{"t":{"$date":"2026-07-08T11:53:23.867+00:00"},"s":"I",  "c":"REPL",     "id":7360101, "ctx":"conn13","msg":"Wrote oplog entry for createIndexes","attr":{"namespace":"appsmith.$cmd","uuid":{"uuid":{"$uuid":"e4516a53-d34e-42b8-a059-b9ded36ad552"}},"opTime":{"ts":{"$timestamp":{"t":1783511603,"i":17}},"t":2},"object":{"createIndexes":"workspace","v":2,"key":{"policyMap.read:workspaces.permissionGroups":1,"tenantId":1,"deleted":1,"deletedAt":1},"name":"policy_read_workspace_tanantId_compound_index"}}}
{"t":{"$date":"2026-07-08T11:53:23.874+00:00"},"s":"I",  "c":"INDEX",    "id":20345,   "ctx":"conn13","msg":"Index build: done building","attr":{"buildUUID":null,"collectionUUID":{"uuid":{"$uuid":"e4516a53-d34e-42b8-a059-b9ded36ad552"}},"namespace":"appsmith.workspace","index":"policy_read_workspace_tanantId_compound_index","ident":"index-148-5189528299374886471","collectionIdent":"collection-93-5189528299374886471","commitTimestamp":{"$timestamp":{"t":1783511603,"i":17}}}}
{"t":{"$date":"2026-07-08T11:53:23.874+00:00"},"s":"I",  "c":"INDEX",    "id":20440,   "ctx":"conn13","msg":"Index build: waiting for index build to complete","attr":{"buildUUID":{"uuid":{"$uuid":"3ffad55e-fe75-4ae9-b9fc-48187f793ae7"}},"deadline":{"$date":{"$numberLong":"9223372036854775807"}}}}
{"t":{"$date":"2026-07-08T11:53:23.874+00:00"},"s":"I",  "c":"REPL",     "id":7360101, "ctx":"conn36","msg":"Wrote oplog entry for createIndexes","attr":{"namespace":"appsmith.$cmd","uuid":{"uuid":{"$uuid":"e4516a53-d34e-42b8-a059-b9ded36ad552"}},"opTime":{"ts":{"$timestamp":{"t":1783511603,"i":18}},"t":2},"object":{"createIndexes":"workspace","v":2,"key":{"policyMap.manage:workspaces.permissionGroups":1,"tenantId":1,"deleted":1,"deletedAt":1},"name":"policy_manage_workspace_tanantId_compound_index"}}}
{"t":{"$date":"2026-07-08T11:53:23.874+00:00"},"s":"I",  "c":"INDEX",    "id":20447,   "ctx":"conn13","msg":"Index build: completed","attr":{"buildUUID":{"uuid":{"$uuid":"3ffad55e-fe75-4ae9-b9fc-48187f793ae7"}}}}
{"t":{"$date":"2026-07-08T11:53:23.889+00:00"},"s":"I",  "c":"INDEX",    "id":20345,   "ctx":"conn36","msg":"Index build: done building","attr":{"buildUUID":null,"collectionUUID":{"uuid":{"$uuid":"e4516a53-d34e-42b8-a059-b9ded36ad552"}},"namespace":"appsmith.workspace","index":"policy_manage_workspace_tanantId_compound_index","ident":"index-149-5189528299374886471","collectionIdent":"collection-93-5189528299374886471","commitTimestamp":{"$timestamp":{"t":1783511603,"i":18}}}}
{"t":{"$date":"2026-07-08T11:53:23.890+00:00"},"s":"I",  "c":"INDEX",    "id":20440,   "ctx":"conn36","msg":"Index build: waiting for index build to complete","attr":{"buildUUID":{"uuid":{"$uuid":"258a7814-a97e-4e7a-bd0e-607d6f6288c3"}},"deadline":{"$date":{"$numberLong":"9223372036854775807"}}}}
{"t":{"$date":"2026-07-08T11:53:23.890+00:00"},"s":"I",  "c":"INDEX",    "id":20447,   "ctx":"conn36","msg":"Index build: completed","attr":{"buildUUID":{"uuid":{"$uuid":"258a7814-a97e-4e7a-bd0e-607d6f6288c3"}}}}
{"t":{"$date":"2026-07-08T11:53:24.227+00:00"},"s":"I",  "c":"NETWORK",  "id":22943,   "ctx":"listener","msg":"Connection accepted","attr":{"remote":"127.0.0.1:56048","isLoadBalanced":false,"uuid":{"uuid":{"$uuid":"c2c52637-f7a0-4ec4-b371-657d4ff1fb0f"}},"connectionId":41,"connectionCount":14}}
{"t":{"$date":"2026-07-08T11:53:24.232+00:00"},"s":"I",  "c":"NETWORK",  "id":51800,   "ctx":"conn41","msg":"client metadata","attr":{"remote":"127.0.0.1:56048","client":"conn41","negotiatedCompressors":[],"doc":{"driver":{"name":"mongo-java-driver|reactive-streams|spring-boot","version":"5.5.2"},"os":{"type":"Linux","name":"Linux","architecture":"amd64","version":"6.10.14-linuxkit"},"platform":"Java/Eclipse Adoptium/25.0.3+9-LTS","env":{"container":{"runtime":"docker"}}}}}
{"t":{"$date":"2026-07-08T11:53:24.232+00:00"},"s":"I",  "c":"NETWORK",  "id":22943,   "ctx":"listener","msg":"Connection accepted","attr":{"remote":"127.0.0.1:56064","isLoadBalanced":false,"uuid":{"uuid":{"$uuid":"7999b760-9134-46e9-bea4-dc1b53157de7"}},"connectionId":42,"connectionCount":15}}
{"t":{"$date":"2026-07-08T11:53:24.233+00:00"},"s":"I",  "c":"ACCESS",   "id":6788604, "ctx":"conn41","msg":"Auth metrics report","attr":{"metric":"acquireUser","micros":0}}
{"t":{"$date":"2026-07-08T11:53:24.234+00:00"},"s":"I",  "c":"NETWORK",  "id":51800,   "ctx":"conn42","msg":"client metadata","attr":{"remote":"127.0.0.1:56064","client":"conn42","negotiatedCompressors":[],"doc":{"driver":{"name":"mongo-java-driver|reactive-streams|spring-boot","version":"5.5.2"},"os":{"type":"Linux","name":"Linux","architecture":"amd64","version":"6.10.14-linuxkit"},"platform":"Java/Eclipse Adoptium/25.0.3+9-LTS","env":{"container":{"runtime":"docker"}}}}}
{"t":{"$date":"2026-07-08T11:53:24.238+00:00"},"s":"I",  "c":"ACCESS",   "id":6788604, "ctx":"conn42","msg":"Auth metrics report","attr":{"metric":"acquireUser","micros":0}}
{"t":{"$date":"2026-07-08T11:53:24.273+00:00"},"s":"I",  "c":"ACCESS",   "id":5286306, "ctx":"conn41","msg":"Successfully authenticated","attr":{"client":"127.0.0.1:56048","isSpeculative":true,"isClusterMember":false,"mechanism":"SCRAM-SHA-256","user":"appsmith","db":"appsmith","result":0,"metrics":{"conversation_duration":{"micros":39878,"summary":{"0":{"step":1,"step_total":2,"duration_micros":826},"1":{"step":2,"step_total":2,"duration_micros":36}}}},"doc":{"driver":{"name":"mongo-java-driver|reactive-streams|spring-boot","version":"5.5.2"},"os":{"type":"Linux","name":"Linux","architecture":"amd64","version":"6.10.14-linuxkit"},"platform":"Java/Eclipse Adoptium/25.0.3+9-LTS","env":{"container":{"runtime":"docker"}}},"extraInfo":{}}}
{"t":{"$date":"2026-07-08T11:53:24.275+00:00"},"s":"I",  "c":"ACCESS",   "id":5286306, "ctx":"conn42","msg":"Successfully authenticated","attr":{"client":"127.0.0.1:56064","isSpeculative":true,"isClusterMember":false,"mechanism":"SCRAM-SHA-256","user":"appsmith","db":"appsmith","result":0,"metrics":{"conversation_duration":{"micros":36978,"summary":{"0":{"step":1,"step_total":2,"duration_micros":379},"1":{"step":2,"step_total":2,"duration_micros":38}}}},"doc":{"driver":{"name":"mongo-java-driver|reactive-streams|spring-boot","version":"5.5.2"},"os":{"type":"Linux","name":"Linux","architecture":"amd64","version":"6.10.14-linuxkit"},"platform":"Java/Eclipse Adoptium/25.0.3+9-LTS","env":{"container":{"runtime":"docker"}}},"extraInfo":{}}}
{"t":{"$date":"2026-07-08T11:53:24.275+00:00"},"s":"I",  "c":"NETWORK",  "id":6788700, "ctx":"conn41","msg":"Received first command on ingress connection since session start or auth handshake","attr":{"elapsedMillis":2}}
{"t":{"$date":"2026-07-08T11:53:24.278+00:00"},"s":"I",  "c":"NETWORK",  "id":6788700, "ctx":"conn42","msg":"Received first command on ingress connection since session start or auth handshake","attr":{"elapsedMillis":3}}
{"t":{"$date":"2026-07-08T11:53:24.673+00:00"},"s":"I",  "c":"STORAGE",  "id":20320,   "ctx":"conn36","msg":"createCollection","attr":{"namespace":"appsmith.organization","uuidDisposition":"generated","uuid":{"uuid":{"$uuid":"deb03cd4-7a56-40a4-890a-16fb9a326881"}},"options":{}}}
{"t":{"$date":"2026-07-08T11:53:24.692+00:00"},"s":"I",  "c":"REPL",     "id":7360103, "ctx":"conn36","msg":"Wrote oplog entry for create","attr":{"namespace":"appsmith.$cmd","uuid":{"uuid":{"$uuid":"deb03cd4-7a56-40a4-890a-16fb9a326881"}},"opTime":{"ts":{"$timestamp":{"t":1783511604,"i":6}},"t":2},"object":{"create":"organization","idIndex":{"v":2,"key":{"_id":1},"name":"_id_"}}}}
{"t":{"$date":"2026-07-08T11:53:24.693+00:00"},"s":"I",  "c":"INDEX",    "id":20345,   "ctx":"conn36","msg":"Index build: done building","attr":{"buildUUID":null,"collectionUUID":{"uuid":{"$uuid":"deb03cd4-7a56-40a4-890a-16fb9a326881"}},"namespace":"appsmith.organization","index":"_id_","ident":"index-151-5189528299374886471","collectionIdent":"collection-150-5189528299374886471","commitTimestamp":{"$timestamp":{"t":1783511604,"i":6}}}}
{"t":{"$date":"2026-07-08T11:53:25.085+00:00"},"s":"I",  "c":"COMMAND",  "id":51806,   "ctx":"conn36","msg":"CMD: dropIndexes","attr":{"namespace":"appsmith.user","uuid":{"uuid":{"$uuid":"0e0827c6-4036-4a02-be4a-47647fd17b05"}},"indexes":"email"}}
{"t":{"$date":"2026-07-08T11:53:25.087+00:00"},"s":"I",  "c":"REPL",     "id":7360107, "ctx":"conn36","msg":"Wrote oplog entry for dropIndexes","attr":{"namespace":"appsmith.$cmd","uuid":{"uuid":{"$uuid":"0e0827c6-4036-4a02-be4a-47647fd17b05"}},"opTime":{"ts":{"$timestamp":{"t":1783511605,"i":1}},"t":2},"object":{"dropIndexes":"user","index":"email"}}}
{"t":{"$date":"2026-07-08T11:53:25.088+00:00"},"s":"I",  "c":"STORAGE",  "id":22206,   "ctx":"conn36","msg":"Deferring table drop for index","attr":{"index":"email","namespace":"appsmith.user","uuid":{"uuid":{"$uuid":"0e0827c6-4036-4a02-be4a-47647fd17b05"}},"ident":"index-58-5189528299374886471","dropTime":{"":{"$timestamp":{"t":1783511605,"i":1}}}}}
{"t":{"$date":"2026-07-08T11:53:25.097+00:00"},"s":"I",  "c":"INDEX",    "id":20438,   "ctx":"conn36","msg":"Index build: registering","attr":{"buildUUID":{"uuid":{"$uuid":"254233c0-c3d9-4037-8b35-8493959f0026"}},"namespace":"appsmith.user","collectionUUID":{"uuid":{"$uuid":"0e0827c6-4036-4a02-be4a-47647fd17b05"}},"indexes":1,"firstIndex":{"name":"email_organizationId_compound_index"},"command":{"createIndexes":"user","v":2,"indexes":[{"key":{"email":1,"organizationId":1},"name":"email_organizationId_compound_index","unique":true}],"ignoreUnknownIndexOptions":false}}}
{"t":{"$date":"2026-07-08T11:53:25.133+00:00"},"s":"I",  "c":"INDEX",    "id":20384,   "ctx":"IndexBuildsCoordinatorMongod-0","msg":"Index build: starting","attr":{"buildUUID":{"uuid":{"$uuid":"254233c0-c3d9-4037-8b35-8493959f0026"}},"collectionUUID":{"uuid":{"$uuid":"0e0827c6-4036-4a02-be4a-47647fd17b05"}},"namespace":"appsmith.user","properties":{"v":2,"unique":true,"key":{"email":1,"organizationId":1},"name":"email_organizationId_compound_index"},"specIndex":0,"numSpecs":1,"method":"Hybrid","ident":"index-152-5189528299374886471","collectionIdent":"collection-55-5189528299374886471","maxTemporaryMemoryUsageMB":200}}
{"t":{"$date":"2026-07-08T11:53:25.133+00:00"},"s":"I",  "c":"INDEX",    "id":20346,   "ctx":"IndexBuildsCoordinatorMongod-0","msg":"Index build: initialized","attr":{"buildUUID":{"uuid":{"$uuid":"254233c0-c3d9-4037-8b35-8493959f0026"}},"collectionUUID":{"uuid":{"$uuid":"0e0827c6-4036-4a02-be4a-47647fd17b05"}},"namespace":"appsmith.user","initializationTimestamp":{"$timestamp":{"t":1783511605,"i":3}}}}
{"t":{"$date":"2026-07-08T11:53:25.134+00:00"},"s":"I",  "c":"INDEX",    "id":20440,   "ctx":"conn36","msg":"Index build: waiting for index build to complete","attr":{"buildUUID":{"uuid":{"$uuid":"254233c0-c3d9-4037-8b35-8493959f0026"}},"deadline":{"$date":{"$numberLong":"9223372036854775807"}}}}
{"t":{"$date":"2026-07-08T11:53:25.134+00:00"},"s":"I",  "c":"STORAGE",  "id":4847600, "ctx":"IndexBuildsCoordinatorMongod-0","msg":"Index build: waiting for last optime before interceptors to be majority committed","attr":{"buildUUID":{"uuid":{"$uuid":"254233c0-c3d9-4037-8b35-8493959f0026"}},"collectionUUID":{"uuid":{"$uuid":"0e0827c6-4036-4a02-be4a-47647fd17b05"}},"deadline":{"$date":"2026-07-08T11:53:35.133Z"},"timeoutMillis":10000,"lastOpTime":{"ts":{"$timestamp":{"t":1783511605,"i":3}},"t":2}}}
{"t":{"$date":"2026-07-08T11:53:25.192+00:00"},"s":"I",  "c":"INDEX",    "id":20391,   "ctx":"IndexBuildsCoordinatorMongod-0","msg":"Index build: collection scan done","attr":{"buildUUID":{"uuid":{"$uuid":"254233c0-c3d9-4037-8b35-8493959f0026"}},"collectionUUID":{"uuid":{"$uuid":"0e0827c6-4036-4a02-be4a-47647fd17b05"}},"namespace":"appsmith.user","totalRecords":1,"readSource":"kMajorityCommitted","durationMillis":0}}
{"t":{"$date":"2026-07-08T11:53:25.196+00:00"},"s":"I",  "c":"COMMAND",  "id":20685,   "ctx":"IndexBuildsCoordinatorMongod-0","msg":"Index build: inserted keys from external sorter into index","attr":{"namespace":"appsmith.user","index":"email_organizationId_compound_index","keysInserted":1,"durationMillis":3}}
{"t":{"$date":"2026-07-08T11:53:25.201+00:00"},"s":"I",  "c":"STORAGE",  "id":7568000, "ctx":"IndexBuildsCoordinatorMongod-0","msg":"Index build: vote for commit readiness","attr":{"buildUUID":{"uuid":{"$uuid":"254233c0-c3d9-4037-8b35-8493959f0026"}},"db":"appsmith","collectionUUID":{"uuid":{"$uuid":"0e0827c6-4036-4a02-be4a-47647fd17b05"}}}}
{"t":{"$date":"2026-07-08T11:53:25.205+00:00"},"s":"I",  "c":"NETWORK",  "id":6788700, "ctx":"conn35","msg":"Received first command on ingress connection since session start or auth handshake","attr":{"elapsedMillis":2986}}
{"t":{"$date":"2026-07-08T11:53:25.205+00:00"},"s":"I",  "c":"STORAGE",  "id":3856201, "ctx":"conn35","msg":"Index build: commit quorum satisfied","attr":{"indexBuildEntry":{"_id":{"$uuid":"254233c0-c3d9-4037-8b35-8493959f0026"},"collectionUUID":{"$uuid":"0e0827c6-4036-4a02-be4a-47647fd17b05"},"commitQuorum":"votingMembers","indexNames":["email_organizationId_compound_index"],"commitReadyMembers":["localhost:27017"]}}}
{"t":{"$date":"2026-07-08T11:53:25.206+00:00"},"s":"I",  "c":"CONNPOOL", "id":22566,   "ctx":"ReplNetwork","msg":"Ending connection due to bad connection status","attr":{"hostAndPort":"localhost:27017","error":"CallbackCanceled: onInvoke :: caused by :: Callback was canceled","numOpenConns":0}}
{"t":{"$date":"2026-07-08T11:53:25.206+00:00"},"s":"I",  "c":"STORAGE",  "id":3856203, "ctx":"IndexBuildsCoordinatorMongod-0","msg":"Index build: waiting for next action before completing final phase","attr":{"buildUUID":{"uuid":{"$uuid":"254233c0-c3d9-4037-8b35-8493959f0026"}}}}
{"t":{"$date":"2026-07-08T11:53:25.207+00:00"},"s":"I",  "c":"STORAGE",  "id":3856204, "ctx":"IndexBuildsCoordinatorMongod-0","msg":"Index build: received signal","attr":{"buildUUID":{"uuid":{"$uuid":"254233c0-c3d9-4037-8b35-8493959f0026"}},"action":"Commit quorum Satisfied"}}
{"t":{"$date":"2026-07-08T11:53:25.207+00:00"},"s":"I",  "c":"CONNPOOL", "id":22576,   "ctx":"ReplNetwork","msg":"Connecting","attr":{"hostAndPort":"localhost:27017"}}
{"t":{"$date":"2026-07-08T11:53:25.209+00:00"},"s":"I",  "c":"INDEX",    "id":20345,   "ctx":"IndexBuildsCoordinatorMongod-0","msg":"Index build: done building","attr":{"buildUUID":{"uuid":{"$uuid":"254233c0-c3d9-4037-8b35-8493959f0026"}},"collectionUUID":{"uuid":{"$uuid":"0e0827c6-4036-4a02-be4a-47647fd17b05"}},"namespace":"appsmith.user","index":"email_organizationId_compound_index","ident":"index-152-5189528299374886471","collectionIdent":"collection-55-5189528299374886471","commitTimestamp":{"$timestamp":{"t":1783511605,"i":5}}}}
{"t":{"$date":"2026-07-08T11:53:25.210+00:00"},"s":"I",  "c":"STORAGE",  "id":20663,   "ctx":"IndexBuildsCoordinatorMongod-0","msg":"Index build: completed successfully","attr":{"buildUUID":{"uuid":{"$uuid":"254233c0-c3d9-4037-8b35-8493959f0026"}},"collectionUUID":{"uuid":{"$uuid":"0e0827c6-4036-4a02-be4a-47647fd17b05"}},"namespace":"appsmith.user","indexesBuilt":["email_organizationId_compound_index"],"numIndexesBefore":3,"numIndexesAfter":4}}
{"t":{"$date":"2026-07-08T11:53:25.211+00:00"},"s":"I",  "c":"NETWORK",  "id":22943,   "ctx":"listener","msg":"Connection accepted","attr":{"remote":"127.0.0.1:56072","isLoadBalanced":false,"uuid":{"uuid":{"$uuid":"4126c920-75b4-45bc-88e5-39afa69791b9"}},"connectionId":44,"connectionCount":16}}
{"t":{"$date":"2026-07-08T11:53:25.212+00:00"},"s":"I",  "c":"STORAGE",  "id":51803,   "ctx":"IndexBuildsCoordinatorMongod-0","msg":"Slow query","attr":{"type":"none","ns":"appsmith.user","command":{"createIndexes":"user","indexes":[{"v":2,"unique":true,"key":{"email":1,"organizationId":1},"name":"email_organizationId_compound_index"}],"$db":"appsmith","$clusterTime":{"clusterTime":{"$timestamp":{"t":1783511605,"i":1}},"signature":{"hash":{"$binary":{"base64":"K8yxgjQCBP0PDxPIBJ387G9mAqU=","subType":"0"}},"keyId":7660123826532909058}},"lsid":{"id":{"$uuid":"148ee510-9fbf-4644-84bd-b2f46acdf31f"}},"$readPreference":{"mode":"primaryPreferred"}},"totalOplogSlotDurationMicros":72999,"numYields":0,"queryHash":"869CED4F","planCacheKey":"333C0A17","queryFramework":"classic","locks":{"FeatureCompatibilityVersion":{"acquireCount":{"r":3,"w":6}},"ReplicationStateTransition":{"acquireCount":{"w":9}},"Global":{"acquireCount":{"r":3,"w":6}},"Database":{"acquireCount":{"r":2,"w":6}},"Collection":{"acquireCount":{"r":1,"w":4,"R":1,"W":2}},"Mutex":{"acquireCount":{"r":1}}},"flowControl":{"acquireCount":4},"storage":{},"cpuNanos":28957626,"durationMillis":114}}
{"t":{"$date":"2026-07-08T11:53:25.212+00:00"},"s":"I",  "c":"NETWORK",  "id":22944,   "ctx":"conn35","msg":"Connection ended","attr":{"remote":"127.0.0.1:55978","isLoadBalanced":false,"uuid":{"uuid":{"$uuid":"3173b6d7-1fdc-454d-bd1a-e27e13068401"}},"connectionId":35,"connectionCount":15}}
{"t":{"$date":"2026-07-08T11:53:25.212+00:00"},"s":"I",  "c":"INDEX",    "id":20447,   "ctx":"conn36","msg":"Index build: completed","attr":{"buildUUID":{"uuid":{"$uuid":"254233c0-c3d9-4037-8b35-8493959f0026"}}}}
{"t":{"$date":"2026-07-08T11:53:25.213+00:00"},"s":"I",  "c":"NETWORK",  "id":51800,   "ctx":"conn44","msg":"client metadata","attr":{"remote":"127.0.0.1:56072","client":"conn44","negotiatedCompressors":["snappy","zstd","zlib"],"doc":{"driver":{"name":"NetworkInterfaceTL-ReplNetwork","version":"7.0.34"},"os":{"type":"Linux","name":"Ubuntu","architecture":"x86_64","version":"24.04"}}}}
{"t":{"$date":"2026-07-08T11:53:25.214+00:00"},"s":"I",  "c":"ACCESS",   "id":6788604, "ctx":"conn44","msg":"Auth metrics report","attr":{"metric":"acquireUser","micros":0}}
{"t":{"$date":"2026-07-08T11:53:25.216+00:00"},"s":"I",  "c":"ACCESS",   "id":5286306, "ctx":"conn44","msg":"Successfully authenticated","attr":{"client":"127.0.0.1:56072","isSpeculative":true,"isClusterMember":true,"mechanism":"SCRAM-SHA-256","user":"__system","db":"local","result":0,"metrics":{"conversation_duration":{"micros":2254,"summary":{"0":{"step":1,"step_total":3,"duration_micros":311},"1":{"step":2,"step_total":3,"duration_micros":32},"2":{"step":3,"step_total":3,"duration_micros":0}}}},"doc":{"driver":{"name":"NetworkInterfaceTL-ReplNetwork","version":"7.0.34"},"os":{"type":"Linux","name":"Ubuntu","architecture":"x86_64","version":"24.04"}},"extraInfo":{}}}
{"t":{"$date":"2026-07-08T11:53:25.218+00:00"},"s":"I",  "c":"COMMAND",  "id":51803,   "ctx":"conn36","msg":"Slow query","attr":{"type":"command","ns":"appsmith.user","command":{"createIndexes":"user","indexes":[{"key":{"email":1,"organizationId":1},"name":"email_organizationId_compound_index","unique":true}],"$db":"appsmith","$clusterTime":{"clusterTime":{"$timestamp":{"t":1783511605,"i":1}},"signature":{"hash":{"$binary":{"base64":"K8yxgjQCBP0PDxPIBJ387G9mAqU=","subType":"0"}},"keyId":7660123826532909058}},"lsid":{"id":{"$uuid":"148ee510-9fbf-4644-84bd-b2f46acdf31f"}},"$readPreference":{"mode":"primaryPreferred"}},"numYields":0,"reslen":271,"locks":{"ParallelBatchWriterMode":{"acquireCount":{"r":4}},"FeatureCompatibilityVersion":{"acquireCount":{"r":3,"w":4}},"ReplicationStateTransition":{"acquireCount":{"w":7}},"Global":{"acquireCount":{"r":3,"w":4}},"Database":{"acquireCount":{"r":1,"w":3}},"Collection":{"acquireCount":{"r":1,"w":2,"W":1}},"Mutex":{"acquireCount":{"r":1}}},"flowControl":{"acquireCount":3},"readConcern":{"level":"local","provenance":"implicitDefault"},"writeConcern":{"w":"majority","wtimeout":0,"provenance":"implicitDefault"},"waitForWriteConcernDurationMillis":4,"storage":{},"cpuNanos":3017697,"remote":"127.0.0.1:55992","protocol":"op_msg","durationMillis":121}}
{"t":{"$date":"2026-07-08T11:53:25.339+00:00"},"s":"I",  "c":"STORAGE",  "id":22260,   "ctx":"TimestampMonitor","msg":"Removing drop-pending idents with drop timestamps before timestamp","attr":{"timestamp":{"$timestamp":{"t":1783511546,"i":1}}}}
{"t":{"$date":"2026-07-08T11:53:25.340+00:00"},"s":"I",  "c":"STORAGE",  "id":22237,   "ctx":"TimestampMonitor","msg":"Completing drop for ident","attr":{"ident":"internal-154-5189528299374886471","dropTimestamp":{"$timestamp":{"t":0,"i":0}}}}
{"t":{"$date":"2026-07-08T11:53:25.343+00:00"},"s":"I",  "c":"STORAGE",  "id":6776600, "ctx":"TimestampMonitor","msg":"The ident was successfully dropped","attr":{"ident":"internal-154-5189528299374886471","dropTimestamp":{"$timestamp":{"t":0,"i":0}}}}
{"t":{"$date":"2026-07-08T11:53:25.344+00:00"},"s":"I",  "c":"STORAGE",  "id":22237,   "ctx":"TimestampMonitor","msg":"Completing drop for ident","attr":{"ident":"internal-153-5189528299374886471","dropTimestamp":{"$timestamp":{"t":0,"i":0}}}}
{"t":{"$date":"2026-07-08T11:53:25.346+00:00"},"s":"I",  "c":"STORAGE",  "id":6776600, "ctx":"TimestampMonitor","msg":"The ident was successfully dropped","attr":{"ident":"internal-153-5189528299374886471","dropTimestamp":{"$timestamp":{"t":0,"i":0}}}}
{"t":{"$date":"2026-07-08T11:53:25.875+00:00"},"s":"I",  "c":"COMMAND",  "id":51806,   "ctx":"conn36","msg":"CMD: dropIndexes","attr":{"namespace":"appsmith.organization","uuid":{"uuid":{"$uuid":"deb03cd4-7a56-40a4-890a-16fb9a326881"}},"indexes":"slug"}}
{"t":{"$date":"2026-07-08T11:53:25.879+00:00"},"s":"I",  "c":"INDEX",    "id":20438,   "ctx":"conn36","msg":"Index build: registering","attr":{"buildUUID":{"uuid":{"$uuid":"6699a920-b6da-4a18-8583-6e4171eac402"}},"namespace":"appsmith.organization","collectionUUID":{"uuid":{"$uuid":"deb03cd4-7a56-40a4-890a-16fb9a326881"}},"indexes":1,"firstIndex":{"name":"slug"},"command":{"createIndexes":"organization","v":2,"indexes":[{"key":{"slug":1},"name":"slug","background":true,"unique":true}],"ignoreUnknownIndexOptions":false}}}
{"t":{"$date":"2026-07-08T11:53:25.901+00:00"},"s":"I",  "c":"INDEX",    "id":20384,   "ctx":"IndexBuildsCoordinatorMongod-0","msg":"Index build: starting","attr":{"buildUUID":{"uuid":{"$uuid":"6699a920-b6da-4a18-8583-6e4171eac402"}},"collectionUUID":{"uuid":{"$uuid":"deb03cd4-7a56-40a4-890a-16fb9a326881"}},"namespace":"appsmith.organization","properties":{"v":2,"unique":true,"key":{"slug":1},"name":"slug","background":true},"specIndex":0,"numSpecs":1,"method":"Hybrid","ident":"index-155-5189528299374886471","collectionIdent":"collection-150-5189528299374886471","maxTemporaryMemoryUsageMB":200}}
{"t":{"$date":"2026-07-08T11:53:25.902+00:00"},"s":"I",  "c":"INDEX",    "id":20346,   "ctx":"IndexBuildsCoordinatorMongod-0","msg":"Index build: initialized","attr":{"buildUUID":{"uuid":{"$uuid":"6699a920-b6da-4a18-8583-6e4171eac402"}},"collectionUUID":{"uuid":{"$uuid":"deb03cd4-7a56-40a4-890a-16fb9a326881"}},"namespace":"appsmith.organization","initializationTimestamp":{"$timestamp":{"t":1783511605,"i":17}}}}
{"t":{"$date":"2026-07-08T11:53:25.902+00:00"},"s":"I",  "c":"STORAGE",  "id":4847600, "ctx":"IndexBuildsCoordinatorMongod-0","msg":"Index build: waiting for last optime before interceptors to be majority committed","attr":{"buildUUID":{"uuid":{"$uuid":"6699a920-b6da-4a18-8583-6e4171eac402"}},"collectionUUID":{"uuid":{"$uuid":"deb03cd4-7a56-40a4-890a-16fb9a326881"}},"deadline":{"$date":"2026-07-08T11:53:35.902Z"},"timeoutMillis":10000,"lastOpTime":{"ts":{"$timestamp":{"t":1783511605,"i":17}},"t":2}}}
{"t":{"$date":"2026-07-08T11:53:25.902+00:00"},"s":"I",  "c":"INDEX",    "id":20440,   "ctx":"conn36","msg":"Index build: waiting for index build to complete","attr":{"buildUUID":{"uuid":{"$uuid":"6699a920-b6da-4a18-8583-6e4171eac402"}},"deadline":{"$date":{"$numberLong":"9223372036854775807"}}}}
{"t":{"$date":"2026-07-08T11:53:25.977+00:00"},"s":"I",  "c":"INDEX",    "id":20391,   "ctx":"IndexBuildsCoordinatorMongod-0","msg":"Index build: collection scan done","attr":{"buildUUID":{"uuid":{"$uuid":"6699a920-b6da-4a18-8583-6e4171eac402"}},"collectionUUID":{"uuid":{"$uuid":"deb03cd4-7a56-40a4-890a-16fb9a326881"}},"namespace":"appsmith.organization","totalRecords":1,"readSource":"kMajorityCommitted","durationMillis":0}}
{"t":{"$date":"2026-07-08T11:53:25.980+00:00"},"s":"I",  "c":"COMMAND",  "id":20685,   "ctx":"IndexBuildsCoordinatorMongod-0","msg":"Index build: inserted keys from external sorter into index","attr":{"namespace":"appsmith.organization","index":"slug","keysInserted":1,"durationMillis":2}}
{"t":{"$date":"2026-07-08T11:53:25.982+00:00"},"s":"I",  "c":"STORAGE",  "id":7568000, "ctx":"IndexBuildsCoordinatorMongod-0","msg":"Index build: vote for commit readiness","attr":{"buildUUID":{"uuid":{"$uuid":"6699a920-b6da-4a18-8583-6e4171eac402"}},"db":"appsmith","collectionUUID":{"uuid":{"$uuid":"deb03cd4-7a56-40a4-890a-16fb9a326881"}}}}
{"t":{"$date":"2026-07-08T11:53:25.984+00:00"},"s":"I",  "c":"NETWORK",  "id":6788700, "ctx":"conn44","msg":"Received first command on ingress connection since session start or auth handshake","attr":{"elapsedMillis":767}}
{"t":{"$date":"2026-07-08T11:53:25.985+00:00"},"s":"I",  "c":"STORAGE",  "id":3856201, "ctx":"conn44","msg":"Index build: commit quorum satisfied","attr":{"indexBuildEntry":{"_id":{"$uuid":"6699a920-b6da-4a18-8583-6e4171eac402"},"collectionUUID":{"$uuid":"deb03cd4-7a56-40a4-890a-16fb9a326881"},"commitQuorum":"votingMembers","indexNames":["slug"],"commitReadyMembers":["localhost:27017"]}}}
{"t":{"$date":"2026-07-08T11:53:25.986+00:00"},"s":"I",  "c":"CONNPOOL", "id":22566,   "ctx":"ReplNetwork","msg":"Ending connection due to bad connection status","attr":{"hostAndPort":"localhost:27017","error":"CallbackCanceled: onInvoke :: caused by :: Callback was canceled","numOpenConns":0}}
{"t":{"$date":"2026-07-08T11:53:25.986+00:00"},"s":"I",  "c":"STORAGE",  "id":3856203, "ctx":"IndexBuildsCoordinatorMongod-0","msg":"Index build: waiting for next action before completing final phase","attr":{"buildUUID":{"uuid":{"$uuid":"6699a920-b6da-4a18-8583-6e4171eac402"}}}}
{"t":{"$date":"2026-07-08T11:53:25.986+00:00"},"s":"I",  "c":"STORAGE",  "id":3856204, "ctx":"IndexBuildsCoordinatorMongod-0","msg":"Index build: received signal","attr":{"buildUUID":{"uuid":{"$uuid":"6699a920-b6da-4a18-8583-6e4171eac402"}},"action":"Commit quorum Satisfied"}}
{"t":{"$date":"2026-07-08T11:53:25.987+00:00"},"s":"I",  "c":"INDEX",    "id":20345,   "ctx":"IndexBuildsCoordinatorMongod-0","msg":"Index build: done building","attr":{"buildUUID":{"uuid":{"$uuid":"6699a920-b6da-4a18-8583-6e4171eac402"}},"collectionUUID":{"uuid":{"$uuid":"deb03cd4-7a56-40a4-890a-16fb9a326881"}},"namespace":"appsmith.organization","index":"slug","ident":"index-155-5189528299374886471","collectionIdent":"collection-150-5189528299374886471","commitTimestamp":{"$timestamp":{"t":1783511605,"i":19}}}}
{"t":{"$date":"2026-07-08T11:53:25.987+00:00"},"s":"I",  "c":"NETWORK",  "id":22943,   "ctx":"listener","msg":"Connection accepted","attr":{"remote":"127.0.0.1:56084","isLoadBalanced":false,"uuid":{"uuid":{"$uuid":"1bf3bcaa-7fe0-434c-acb1-e305a0d992c3"}},"connectionId":46,"connectionCount":16}}
{"t":{"$date":"2026-07-08T11:53:25.989+00:00"},"s":"I",  "c":"STORAGE",  "id":20663,   "ctx":"IndexBuildsCoordinatorMongod-0","msg":"Index build: completed successfully","attr":{"buildUUID":{"uuid":{"$uuid":"6699a920-b6da-4a18-8583-6e4171eac402"}},"collectionUUID":{"uuid":{"$uuid":"deb03cd4-7a56-40a4-890a-16fb9a326881"}},"namespace":"appsmith.organization","indexesBuilt":["slug"],"numIndexesBefore":1,"numIndexesAfter":2}}
{"t":{"$date":"2026-07-08T11:53:25.989+00:00"},"s":"I",  "c":"NETWORK",  "id":22944,   "ctx":"conn44","msg":"Connection ended","attr":{"remote":"127.0.0.1:56072","isLoadBalanced":false,"uuid":{"uuid":{"$uuid":"4126c920-75b4-45bc-88e5-39afa69791b9"}},"connectionId":44,"connectionCount":15}}
{"t":{"$date":"2026-07-08T11:53:25.989+00:00"},"s":"I",  "c":"NETWORK",  "id":51800,   "ctx":"conn46","msg":"client metadata","attr":{"remote":"127.0.0.1:56084","client":"conn46","negotiatedCompressors":["snappy","zstd","zlib"],"doc":{"driver":{"name":"NetworkInterfaceTL-ReplNetwork","version":"7.0.34"},"os":{"type":"Linux","name":"Ubuntu","architecture":"x86_64","version":"24.04"}}}}
{"t":{"$date":"2026-07-08T11:53:25.990+00:00"},"s":"I",  "c":"STORAGE",  "id":51803,   "ctx":"IndexBuildsCoordinatorMongod-0","msg":"Slow query","attr":{"type":"none","ns":"appsmith.organization","command":{"createIndexes":"organization","indexes":[{"v":2,"unique":true,"key":{"slug":1},"name":"slug","background":true}],"$db":"appsmith","$clusterTime":{"clusterTime":{"$timestamp":{"t":1783511605,"i":15}},"signature":{"hash":{"$binary":{"base64":"K8yxgjQCBP0PDxPIBJ387G9mAqU=","subType":"0"}},"keyId":7660123826532909058}},"lsid":{"id":{"$uuid":"148ee510-9fbf-4644-84bd-b2f46acdf31f"}},"$readPreference":{"mode":"primaryPreferred"}},"totalOplogSlotDurationMicros":45453,"numYields":0,"queryHash":"869CED4F","planCacheKey":"333C0A17","queryFramework":"classic","locks":{"FeatureCompatibilityVersion":{"acquireCount":{"r":3,"w":6}},"ReplicationStateTransition":{"acquireCount":{"w":9}},"Global":{"acquireCount":{"r":3,"w":6}},"Database":{"acquireCount":{"r":2,"w":6}},"Collection":{"acquireCount":{"r":1,"w":4,"R":1,"W":2}},"Mutex":{"acquireCount":{"r":1}}},"flowControl":{"acquireCount":4},"storage":{},"cpuNanos":16901935,"durationMillis":109}}
{"t":{"$date":"2026-07-08T11:53:25.990+00:00"},"s":"I",  "c":"INDEX",    "id":20447,   "ctx":"conn36","msg":"Index build: completed","attr":{"buildUUID":{"uuid":{"$uuid":"6699a920-b6da-4a18-8583-6e4171eac402"}}}}
{"t":{"$date":"2026-07-08T11:53:25.990+00:00"},"s":"I",  "c":"ACCESS",   "id":6788604, "ctx":"conn46","msg":"Auth metrics report","attr":{"metric":"acquireUser","micros":0}}
{"t":{"$date":"2026-07-08T11:53:25.991+00:00"},"s":"I",  "c":"ACCESS",   "id":5286306, "ctx":"conn46","msg":"Successfully authenticated","attr":{"client":"127.0.0.1:56084","isSpeculative":true,"isClusterMember":true,"mechanism":"SCRAM-SHA-256","user":"__system","db":"local","result":0,"metrics":{"conversation_duration":{"micros":1582,"summary":{"0":{"step":1,"step_total":3,"duration_micros":685},"1":{"step":2,"step_total":3,"duration_micros":21},"2":{"step":3,"step_total":3,"duration_micros":0}}}},"doc":{"driver":{"name":"NetworkInterfaceTL-ReplNetwork","version":"7.0.34"},"os":{"type":"Linux","name":"Ubuntu","architecture":"x86_64","version":"24.04"}},"extraInfo":{}}}
{"t":{"$date":"2026-07-08T11:53:25.992+00:00"},"s":"I",  "c":"COMMAND",  "id":51803,   "ctx":"conn36","msg":"Slow query","attr":{"type":"command","ns":"appsmith.organization","command":{"createIndexes":"organization","indexes":[{"key":{"slug":1},"name":"slug","background":true,"unique":true}],"$db":"appsmith","$clusterTime":{"clusterTime":{"$timestamp":{"t":1783511605,"i":15}},"signature":{"hash":{"$binary":{"base64":"K8yxgjQCBP0PDxPIBJ387G9mAqU=","subType":"0"}},"keyId":7660123826532909058}},"lsid":{"id":{"$uuid":"148ee510-9fbf-4644-84bd-b2f46acdf31f"}},"$readPreference":{"mode":"primaryPreferred"}},"numYields":0,"reslen":271,"locks":{"ParallelBatchWriterMode":{"acquireCount":{"r":4}},"FeatureCompatibilityVersion":{"acquireCount":{"r":3,"w":4}},"ReplicationStateTransition":{"acquireCount":{"w":7}},"Global":{"acquireCount":{"r":3,"w":4}},"Database":{"acquireCount":{"r":1,"w":3}},"Collection":{"acquireCount":{"r":1,"w":2,"W":1}},"Mutex":{"acquireCount":{"r":1}}},"flowControl":{"acquireCount":3},"readConcern":{"level":"local","provenance":"implicitDefault"},"writeConcern":{"w":"majority","wtimeout":0,"provenance":"implicitDefault"},"waitForWriteConcernDurationMillis":1,"storage":{},"cpuNanos":904734,"remote":"127.0.0.1:55992","protocol":"op_msg","durationMillis":112}}
{"t":{"$date":"2026-07-08T11:53:26.104+00:00"},"s":"I",  "c":"COMMAND",  "id":51803,   "ctx":"conn41","msg":"Slow query","attr":{"type":"command","ns":"admin.$cmd","command":{"commitTransaction":1,"writeConcern":{"j":false},"$db":"admin","$clusterTime":{"clusterTime":{"$timestamp":{"t":1783511605,"i":20}},"signature":{"hash":{"$binary":{"base64":"K8yxgjQCBP0PDxPIBJ387G9mAqU=","subType":"0"}},"keyId":7660123826532909058}},"lsid":{"id":{"$uuid":"9c9d1936-56c6-4adc-80b5-e9cdd2aee1e2"}},"txnNumber":80,"autocommit":false},"totalOplogSlotDurationMicros":329,"numYields":0,"reslen":163,"locks":{"FeatureCompatibilityVersion":{"acquireCount":{"w":1}},"ReplicationStateTransition":{"acquireCount":{"w":3}},"Global":{"acquireCount":{"w":1}},"Database":{"acquireCount":{"w":2}},"Collection":{"acquireCount":{"w":2}}},"flowControl":{"acquireCount":1},"readConcern":{"level":"local","provenance":"clientSupplied"},"writeConcern":{"w":"majority","j":false,"wtimeout":0,"provenance":"implicitDefault"},"waitForWriteConcernDurationMillis":103,"cpuNanos":718414,"remote":"127.0.0.1:56048","protocol":"op_msg","durationMillis":103}}
{"t":{"$date":"2026-07-08T11:53:26.114+00:00"},"s":"I",  "c":"COMMAND",  "id":51806,   "ctx":"conn36","msg":"CMD: dropIndexes","attr":{"namespace":"appsmith.newPage","uuid":{"uuid":{"$uuid":"0b57f3a7-169b-4aba-98d4-7ce427e47d80"}},"indexes":"appId_edit_uniqSlug_dltdAt"}}
{"t":{"$date":"2026-07-08T11:53:26.120+00:00"},"s":"I",  "c":"INDEX",    "id":20438,   "ctx":"conn36","msg":"Index build: registering","attr":{"buildUUID":{"uuid":{"$uuid":"890b7437-e1a9-421e-937a-740e5b4e7ceb"}},"namespace":"appsmith.newPage","collectionUUID":{"uuid":{"$uuid":"0b57f3a7-169b-4aba-98d4-7ce427e47d80"}},"indexes":1,"firstIndex":{"name":"appId_edit_uniqSlug_dltdAt"},"command":{"createIndexes":"newPage","v":2,"indexes":[{"key":{"applicationId":1,"unpublishedPage.uniqueSlug":1,"unpublishedPage.deletedAt":1,"deletedAt":1},"name":"appId_edit_uniqSlug_dltdAt","background":true,"unique":true,"partialFilterExpression":{"unpublishedPage.uniqueSlug":{"$exists":true}}}],"ignoreUnknownIndexOptions":false}}}
{"t":{"$date":"2026-07-08T11:53:26.121+00:00"},"s":"I",  "c":"REPL",     "id":7360101, "ctx":"conn36","msg":"Wrote oplog entry for createIndexes","attr":{"namespace":"appsmith.$cmd","uuid":{"uuid":{"$uuid":"0b57f3a7-169b-4aba-98d4-7ce427e47d80"}},"opTime":{"ts":{"$timestamp":{"t":1783511606,"i":1}},"t":2},"object":{"createIndexes":"newPage","v":2,"unique":true,"key":{"applicationId":1,"unpublishedPage.uniqueSlug":1,"unpublishedPage.deletedAt":1,"deletedAt":1},"name":"appId_edit_uniqSlug_dltdAt","background":true,"partialFilterExpression":{"unpublishedPage.uniqueSlug":{"$exists":true}}}}}
{"t":{"$date":"2026-07-08T11:53:26.131+00:00"},"s":"I",  "c":"INDEX",    "id":20345,   "ctx":"conn36","msg":"Index build: done building","attr":{"buildUUID":null,"collectionUUID":{"uuid":{"$uuid":"0b57f3a7-169b-4aba-98d4-7ce427e47d80"}},"namespace":"appsmith.newPage","index":"appId_edit_uniqSlug_dltdAt","ident":"index-158-5189528299374886471","collectionIdent":"collection-64-5189528299374886471","commitTimestamp":{"$timestamp":{"t":1783511606,"i":1}}}}
{"t":{"$date":"2026-07-08T11:53:26.131+00:00"},"s":"I",  "c":"INDEX",    "id":20440,   "ctx":"conn36","msg":"Index build: waiting for index build to complete","attr":{"buildUUID":{"uuid":{"$uuid":"890b7437-e1a9-421e-937a-740e5b4e7ceb"}},"deadline":{"$date":{"$numberLong":"9223372036854775807"}}}}
{"t":{"$date":"2026-07-08T11:53:26.131+00:00"},"s":"I",  "c":"INDEX",    "id":20447,   "ctx":"conn36","msg":"Index build: completed","attr":{"buildUUID":{"uuid":{"$uuid":"890b7437-e1a9-421e-937a-740e5b4e7ceb"}}}}
{"t":{"$date":"2026-07-08T11:53:26.138+00:00"},"s":"I",  "c":"COMMAND",  "id":51806,   "ctx":"conn36","msg":"CMD: dropIndexes","attr":{"namespace":"appsmith.newPage","uuid":{"uuid":{"$uuid":"0b57f3a7-169b-4aba-98d4-7ce427e47d80"}},"indexes":"appId_view_uniqSlug_dltdAt"}}
{"t":{"$date":"2026-07-08T11:53:26.148+00:00"},"s":"I",  "c":"INDEX",    "id":20438,   "ctx":"conn36","msg":"Index build: registering","attr":{"buildUUID":{"uuid":{"$uuid":"2d2127f2-06dc-462f-9205-c0bf68f13bd1"}},"namespace":"appsmith.newPage","collectionUUID":{"uuid":{"$uuid":"0b57f3a7-169b-4aba-98d4-7ce427e47d80"}},"indexes":1,"firstIndex":{"name":"appId_view_uniqSlug_dltdAt"},"command":{"createIndexes":"newPage","v":2,"indexes":[{"key":{"applicationId":1,"publishedPage.uniqueSlug":1,"deletedAt":1},"name":"appId_view_uniqSlug_dltdAt","background":true,"unique":true,"partialFilterExpression":{"publishedPage.uniqueSlug":{"$exists":true}}}],"ignoreUnknownIndexOptions":false}}}
{"t":{"$date":"2026-07-08T11:53:26.148+00:00"},"s":"I",  "c":"REPL",     "id":7360101, "ctx":"conn36","msg":"Wrote oplog entry for createIndexes","attr":{"namespace":"appsmith.$cmd","uuid":{"uuid":{"$uuid":"0b57f3a7-169b-4aba-98d4-7ce427e47d80"}},"opTime":{"ts":{"$timestamp":{"t":1783511606,"i":2}},"t":2},"object":{"createIndexes":"newPage","v":2,"unique":true,"key":{"applicationId":1,"publishedPage.uniqueSlug":1,"deletedAt":1},"name":"appId_view_uniqSlug_dltdAt","background":true,"partialFilterExpression":{"publishedPage.uniqueSlug":{"$exists":true}}}}}
{"t":{"$date":"2026-07-08T11:53:26.163+00:00"},"s":"I",  "c":"INDEX",    "id":20345,   "ctx":"conn36","msg":"Index build: done building","attr":{"buildUUID":null,"collectionUUID":{"uuid":{"$uuid":"0b57f3a7-169b-4aba-98d4-7ce427e47d80"}},"namespace":"appsmith.newPage","index":"appId_view_uniqSlug_dltdAt","ident":"index-159-5189528299374886471","collectionIdent":"collection-64-5189528299374886471","commitTimestamp":{"$timestamp":{"t":1783511606,"i":2}}}}
{"t":{"$date":"2026-07-08T11:53:26.165+00:00"},"s":"I",  "c":"INDEX",    "id":20440,   "ctx":"conn36","msg":"Index build: waiting for index build to complete","attr":{"buildUUID":{"uuid":{"$uuid":"2d2127f2-06dc-462f-9205-c0bf68f13bd1"}},"deadline":{"$date":{"$numberLong":"9223372036854775807"}}}}
{"t":{"$date":"2026-07-08T11:53:26.166+00:00"},"s":"I",  "c":"INDEX",    "id":20447,   "ctx":"conn36","msg":"Index build: completed","attr":{"buildUUID":{"uuid":{"$uuid":"2d2127f2-06dc-462f-9205-c0bf68f13bd1"}}}}
{"t":{"$date":"2026-07-08T11:53:26.176+00:00"},"s":"I",  "c":"COMMAND",  "id":51806,   "ctx":"conn36","msg":"CMD: dropIndexes","attr":{"namespace":"appsmith.application","uuid":{"uuid":{"$uuid":"108defb8-8b72-46a6-9da7-ecea6d39c43c"}},"indexes":"defAppId_uniqSlug_brnch_dltdAt"}}
{"t":{"$date":"2026-07-08T11:53:26.182+00:00"},"s":"I",  "c":"INDEX",    "id":20438,   "ctx":"conn36","msg":"Index build: registering","attr":{"buildUUID":{"uuid":{"$uuid":"67bef530-de7f-4c6e-b217-1c0218bbc457"}},"namespace":"appsmith.application","collectionUUID":{"uuid":{"$uuid":"108defb8-8b72-46a6-9da7-ecea6d39c43c"}},"indexes":1,"firstIndex":{"name":"defAppId_uniqSlug_brnch_dltdAt"},"command":{"createIndexes":"application","v":2,"indexes":[{"key":{"staticUrlSettings.uniqueSlug":1,"deletedAt":1,"gitApplicationMetadata.defaultApplicationId":1,"gitApplicationMetadata.branchName":1},"name":"defAppId_uniqSlug_brnch_dltdAt","background":true,"unique":true,"partialFilterExpression":{"staticUrlSettings.uniqueSlug":{"$exists":true}}}],"ignoreUnknownIndexOptions":false}}}
{"t":{"$date":"2026-07-08T11:53:26.183+00:00"},"s":"I",  "c":"REPL",     "id":7360101, "ctx":"conn36","msg":"Wrote oplog entry for createIndexes","attr":{"namespace":"appsmith.$cmd","uuid":{"uuid":{"$uuid":"108defb8-8b72-46a6-9da7-ecea6d39c43c"}},"opTime":{"ts":{"$timestamp":{"t":1783511606,"i":3}},"t":2},"object":{"createIndexes":"application","v":2,"unique":true,"key":{"staticUrlSettings.uniqueSlug":1,"deletedAt":1,"gitApplicationMetadata.defaultApplicationId":1,"gitApplicationMetadata.branchName":1},"name":"defAppId_uniqSlug_brnch_dltdAt","background":true,"partialFilterExpression":{"staticUrlSettings.uniqueSlug":{"$exists":true}}}}}
{"t":{"$date":"2026-07-08T11:53:26.191+00:00"},"s":"I",  "c":"INDEX",    "id":20345,   "ctx":"conn36","msg":"Index build: done building","attr":{"buildUUID":null,"collectionUUID":{"uuid":{"$uuid":"108defb8-8b72-46a6-9da7-ecea6d39c43c"}},"namespace":"appsmith.application","index":"defAppId_uniqSlug_brnch_dltdAt","ident":"index-160-5189528299374886471","collectionIdent":"collection-30-5189528299374886471","commitTimestamp":{"$timestamp":{"t":1783511606,"i":3}}}}
{"t":{"$date":"2026-07-08T11:53:26.191+00:00"},"s":"I",  "c":"INDEX",    "id":20440,   "ctx":"conn36","msg":"Index build: waiting for index build to complete","attr":{"buildUUID":{"uuid":{"$uuid":"67bef530-de7f-4c6e-b217-1c0218bbc457"}},"deadline":{"$date":{"$numberLong":"9223372036854775807"}}}}
{"t":{"$date":"2026-07-08T11:53:26.191+00:00"},"s":"I",  "c":"INDEX",    "id":20447,   "ctx":"conn36","msg":"Index build: completed","attr":{"buildUUID":{"uuid":{"$uuid":"67bef530-de7f-4c6e-b217-1c0218bbc457"}}}}
{"t":{"$date":"2026-07-08T11:53:26.339+00:00"},"s":"I",  "c":"STORAGE",  "id":22260,   "ctx":"TimestampMonitor","msg":"Removing drop-pending idents with drop timestamps before timestamp","attr":{"timestamp":{"$timestamp":{"t":1783511546,"i":1}}}}
{"t":{"$date":"2026-07-08T11:53:26.340+00:00"},"s":"I",  "c":"STORAGE",  "id":22237,   "ctx":"TimestampMonitor","msg":"Completing drop for ident","attr":{"ident":"internal-157-5189528299374886471","dropTimestamp":{"$timestamp":{"t":0,"i":0}}}}
{"t":{"$date":"2026-07-08T11:53:26.346+00:00"},"s":"I",  "c":"STORAGE",  "id":6776600, "ctx":"TimestampMonitor","msg":"The ident was successfully dropped","attr":{"ident":"internal-157-5189528299374886471","dropTimestamp":{"$timestamp":{"t":0,"i":0}}}}
{"t":{"$date":"2026-07-08T11:53:26.346+00:00"},"s":"I",  "c":"STORAGE",  "id":22237,   "ctx":"TimestampMonitor","msg":"Completing drop for ident","attr":{"ident":"internal-156-5189528299374886471","dropTimestamp":{"$timestamp":{"t":0,"i":0}}}}
{"t":{"$date":"2026-07-08T11:53:26.350+00:00"},"s":"I",  "c":"STORAGE",  "id":6776600, "ctx":"TimestampMonitor","msg":"The ident was successfully dropped","attr":{"ident":"internal-156-5189528299374886471","dropTimestamp":{"$timestamp":{"t":0,"i":0}}}}
{"t":{"$date":"2026-07-08T11:53:41.295+00:00"},"s":"I",  "c":"WTCHKPT",  "id":22430,   "ctx":"Checkpointer","msg":"WiredTiger message","attr":{"message":{"ts_sec":1783511621,"ts_usec":295023,"thread":"1974:0x7ff6a56006c0","session_name":"WT_SESSION.checkpoint","category":"WT_VERB_CHECKPOINT_PROGRESS","category_id":6,"verbose_level":"DEBUG_1","verbose_level_id":1,"msg":"saving checkpoint snapshot min: 1295, snapshot max: 1295 snapshot count: 0, oldest timestamp: (1783511546, 1) , meta checkpoint timestamp: (1783511613, 1) base write gen: 34"}}}
{"t":{"$date":"2026-07-08T11:54:41.391+00:00"},"s":"I",  "c":"WTCHKPT",  "id":22430,   "ctx":"Checkpointer","msg":"WiredTiger message","attr":{"message":{"ts_sec":1783511681,"ts_usec":391458,"thread":"1974:0x7ff6a56006c0","session_name":"WT_SESSION.checkpoint","category":"WT_VERB_CHECKPOINT_PROGRESS","category_id":6,"verbose_level":"DEBUG_1","verbose_level_id":1,"msg":"saving checkpoint snapshot min: 1312, snapshot max: 1312 snapshot count: 0, oldest timestamp: (1783511546, 1) , meta checkpoint timestamp: (1783511671, 1) base write gen: 34"}}}
{"t":{"$date":"2026-07-08T11:55:41.420+00:00"},"s":"I",  "c":"WTCHKPT",  "id":22430,   "ctx":"Checkpointer","msg":"WiredTiger message","attr":{"message":{"ts_sec":1783511741,"ts_usec":420928,"thread":"1974:0x7ff6a56006c0","session_name":"WT_SESSION.checkpoint","category":"WT_VERB_CHECKPOINT_PROGRESS","category_id":6,"verbose_level":"DEBUG_1","verbose_level_id":1,"msg":"saving checkpoint snapshot min: 1326, snapshot max: 1326 snapshot count: 0, oldest timestamp: (1783511546, 1) , meta checkpoint timestamp: (1783511731, 1) base write gen: 34"}}}
{"t":{"$date":"2026-07-08T11:56:41.440+00:00"},"s":"I",  "c":"WTCHKPT",  "id":22430,   "ctx":"Checkpointer","msg":"WiredTiger message","attr":{"message":{"ts_sec":1783511801,"ts_usec":440896,"thread":"1974:0x7ff6a56006c0","session_name":"WT_SESSION.checkpoint","category":"WT_VERB_CHECKPOINT_PROGRESS","category_id":6,"verbose_level":"DEBUG_1","verbose_level_id":1,"msg":"saving checkpoint snapshot min: 1340, snapshot max: 1340 snapshot count: 0, oldest timestamp: (1783511546, 1) , meta checkpoint timestamp: (1783511791, 1) base write gen: 34"}}}
{"t":{"$date":"2026-07-08T11:56:44.709+00:00"},"s":"I",  "c":"STORAGE",  "id":20320,   "ctx":"conn40","msg":"createCollection","attr":{"namespace":"appsmith.superUserSetupLock","uuidDisposition":"generated","uuid":{"uuid":{"$uuid":"36634031-f574-4be7-a0e2-21e64ff5e8b3"}},"options":{}}}
{"t":{"$date":"2026-07-08T11:56:44.724+00:00"},"s":"I",  "c":"REPL",     "id":7360103, "ctx":"conn40","msg":"Wrote oplog entry for create","attr":{"namespace":"appsmith.$cmd","uuid":{"uuid":{"$uuid":"36634031-f574-4be7-a0e2-21e64ff5e8b3"}},"opTime":{"ts":{"$timestamp":{"t":1783511804,"i":1}},"t":2},"object":{"create":"superUserSetupLock","idIndex":{"v":2,"key":{"_id":1},"name":"_id_"}}}}
{"t":{"$date":"2026-07-08T11:56:44.725+00:00"},"s":"I",  "c":"INDEX",    "id":20345,   "ctx":"conn40","msg":"Index build: done building","attr":{"buildUUID":null,"collectionUUID":{"uuid":{"$uuid":"36634031-f574-4be7-a0e2-21e64ff5e8b3"}},"namespace":"appsmith.superUserSetupLock","index":"_id_","ident":"index-162-5189528299374886471","collectionIdent":"collection-161-5189528299374886471","commitTimestamp":{"$timestamp":{"t":1783511804,"i":1}}}}
{"t":{"$date":"2026-07-08T11:57:32.439+00:00"},"s":"I",  "c":"STORAGE",  "id":22260,   "ctx":"TimestampMonitor","msg":"Removing drop-pending idents with drop timestamps before timestamp","attr":{"timestamp":{"$timestamp":{"t":1783511551,"i":1}}}}
{"t":{"$date":"2026-07-08T11:57:32.440+00:00"},"s":"I",  "c":"STORAGE",  "id":22237,   "ctx":"TimestampMonitor","msg":"Completing drop for ident","attr":{"ident":"collection-23-2724219693396321828","dropTimestamp":{"$timestamp":{"t":1783511546,"i":8}}}}
{"t":{"$date":"2026-07-08T11:57:32.441+00:00"},"s":"I",  "c":"STORAGE",  "id":6776600, "ctx":"TimestampMonitor","msg":"The ident was successfully dropped","attr":{"ident":"collection-23-2724219693396321828","dropTimestamp":{"$timestamp":{"t":1783511546,"i":8}}}}
{"t":{"$date":"2026-07-08T11:57:32.442+00:00"},"s":"I",  "c":"STORAGE",  "id":22237,   "ctx":"TimestampMonitor","msg":"Completing drop for ident","attr":{"ident":"index-24-2724219693396321828","dropTimestamp":{"$timestamp":{"t":1783511546,"i":8}}}}
{"t":{"$date":"2026-07-08T11:57:32.443+00:00"},"s":"I",  "c":"STORAGE",  "id":6776600, "ctx":"TimestampMonitor","msg":"The ident was successfully dropped","attr":{"ident":"index-24-2724219693396321828","dropTimestamp":{"$timestamp":{"t":1783511546,"i":8}}}}
{"t":{"$date":"2026-07-08T11:57:41.524+00:00"},"s":"I",  "c":"WTCHKPT",  "id":22430,   "ctx":"Checkpointer","msg":"WiredTiger message","attr":{"message":{"ts_sec":1783511861,"ts_usec":524150,"thread":"1974:0x7ff6a56006c0","session_name":"WT_SESSION.checkpoint","category":"WT_VERB_CHECKPOINT_PROGRESS","category_id":6,"verbose_level":"DEBUG_1","verbose_level_id":1,"msg":"saving checkpoint snapshot min: 1434, snapshot max: 1434 snapshot count: 0, oldest timestamp: (1783511561, 11) , meta checkpoint timestamp: (1783511861, 11) base write gen: 34"}}}
{"t":{"$date":"2026-07-08T11:58:22.445+00:00"},"s":"I",  "c":"STORAGE",  "id":22260,   "ctx":"TimestampMonitor","msg":"Removing drop-pending idents with drop timestamps before timestamp","attr":{"timestamp":{"$timestamp":{"t":1783511601,"i":1}}}}
{"t":{"$date":"2026-07-08T11:58:22.445+00:00"},"s":"I",  "c":"STORAGE",  "id":22237,   "ctx":"TimestampMonitor","msg":"Completing drop for ident","attr":{"ident":"index-46-5189528299374886471","dropTimestamp":{"$timestamp":{"t":1783511591,"i":8}}}}
{"t":{"$date":"2026-07-08T11:58:22.448+00:00"},"s":"I",  "c":"STORAGE",  "id":6776600, "ctx":"TimestampMonitor","msg":"The ident was successfully dropped","attr":{"ident":"index-46-5189528299374886471","dropTimestamp":{"$timestamp":{"t":1783511591,"i":8}}}}
{"t":{"$date":"2026-07-08T11:58:22.448+00:00"},"s":"I",  "c":"STORAGE",  "id":22237,   "ctx":"TimestampMonitor","msg":"Completing drop for ident","attr":{"ident":"index-47-5189528299374886471","dropTimestamp":{"$timestamp":{"t":1783511591,"i":9}}}}
{"t":{"$date":"2026-07-08T11:58:22.450+00:00"},"s":"I",  "c":"STORAGE",  "id":6776600, "ctx":"TimestampMonitor","msg":"The ident was successfully dropped","attr":{"ident":"index-47-5189528299374886471","dropTimestamp":{"$timestamp":{"t":1783511591,"i":9}}}}
{"t":{"$date":"2026-07-08T11:58:22.450+00:00"},"s":"I",  "c":"STORAGE",  "id":22237,   "ctx":"TimestampMonitor","msg":"Completing drop for ident","attr":{"ident":"index-69-5189528299374886471","dropTimestamp":{"$timestamp":{"t":1783511591,"i":21}}}}
{"t":{"$date":"2026-07-08T11:58:22.452+00:00"},"s":"I",  "c":"STORAGE",  "id":6776600, "ctx":"TimestampMonitor","msg":"The ident was successfully dropped","attr":{"ident":"index-69-5189528299374886471","dropTimestamp":{"$timestamp":{"t":1783511591,"i":21}}}}
{"t":{"$date":"2026-07-08T11:58:22.452+00:00"},"s":"I",  "c":"STORAGE",  "id":22237,   "ctx":"TimestampMonitor","msg":"Completing drop for ident","attr":{"ident":"index-66-5189528299374886471","dropTimestamp":{"$timestamp":{"t":1783511591,"i":22}}}}
{"t":{"$date":"2026-07-08T11:58:22.454+00:00"},"s":"I",  "c":"STORAGE",  "id":6776600, "ctx":"TimestampMonitor","msg":"The ident was successfully dropped","attr":{"ident":"index-66-5189528299374886471","dropTimestamp":{"$timestamp":{"t":1783511591,"i":22}}}}
{"t":{"$date":"2026-07-08T11:58:22.454+00:00"},"s":"I",  "c":"STORAGE",  "id":22237,   "ctx":"TimestampMonitor","msg":"Completing drop for ident","attr":{"ident":"index-52-5189528299374886471","dropTimestamp":{"$timestamp":{"t":1783511592,"i":45}}}}
{"t":{"$date":"2026-07-08T11:58:22.456+00:00"},"s":"I",  "c":"STORAGE",  "id":6776600, "ctx":"TimestampMonitor","msg":"The ident was successfully dropped","attr":{"ident":"index-52-5189528299374886471","dropTimestamp":{"$timestamp":{"t":1783511592,"i":45}}}}
{"t":{"$date":"2026-07-08T11:58:22.456+00:00"},"s":"I",  "c":"STORAGE",  "id":22237,   "ctx":"TimestampMonitor","msg":"Completing drop for ident","attr":{"ident":"index-106-5189528299374886471","dropTimestamp":{"$timestamp":{"t":1783511597,"i":5}}}}
{"t":{"$date":"2026-07-08T11:58:22.457+00:00"},"s":"I",  "c":"STORAGE",  "id":6776600, "ctx":"TimestampMonitor","msg":"The ident was successfully dropped","attr":{"ident":"index-106-5189528299374886471","dropTimestamp":{"$timestamp":{"t":1783511597,"i":5}}}}
{"t":{"$date":"2026-07-08T11:58:25.986+00:00"},"s":"I",  "c":"CONNPOOL", "id":22572,   "ctx":"ReplNetwork","msg":"Dropping all pooled connections","attr":{"hostAndPort":"localhost:27017","error":"ConnectionPoolExpired: Pool for localhost:27017 has expired."}}
{"t":{"$date":"2026-07-08T11:58:25.995+00:00"},"s":"I",  "c":"NETWORK",  "id":22944,   "ctx":"conn46","msg":"Connection ended","attr":{"remote":"127.0.0.1:56084","isLoadBalanced":false,"uuid":{"uuid":{"$uuid":"1bf3bcaa-7fe0-434c-acb1-e305a0d992c3"}},"connectionId":46,"connectionCount":14}}
{"t":{"$date":"2026-07-08T11:58:32.453+00:00"},"s":"I",  "c":"STORAGE",  "id":22260,   "ctx":"TimestampMonitor","msg":"Removing drop-pending idents with drop timestamps before timestamp","attr":{"timestamp":{"$timestamp":{"t":1783511611,"i":1}}}}
{"t":{"$date":"2026-07-08T11:58:32.453+00:00"},"s":"I",  "c":"STORAGE",  "id":22237,   "ctx":"TimestampMonitor","msg":"Completing drop for ident","attr":{"ident":"index-92-5189528299374886471","dropTimestamp":{"$timestamp":{"t":1783511603,"i":4}}}}
{"t":{"$date":"2026-07-08T11:58:32.456+00:00"},"s":"I",  "c":"STORAGE",  "id":6776600, "ctx":"TimestampMonitor","msg":"The ident was successfully dropped","attr":{"ident":"index-92-5189528299374886471","dropTimestamp":{"$timestamp":{"t":1783511603,"i":4}}}}
{"t":{"$date":"2026-07-08T11:58:32.456+00:00"},"s":"I",  "c":"STORAGE",  "id":22237,   "ctx":"TimestampMonitor","msg":"Completing drop for ident","attr":{"ident":"index-79-5189528299374886471","dropTimestamp":{"$timestamp":{"t":1783511603,"i":5}}}}
{"t":{"$date":"2026-07-08T11:58:32.459+00:00"},"s":"I",  "c":"STORAGE",  "id":6776600, "ctx":"TimestampMonitor","msg":"The ident was successfully dropped","attr":{"ident":"index-79-5189528299374886471","dropTimestamp":{"$timestamp":{"t":1783511603,"i":5}}}}
{"t":{"$date":"2026-07-08T11:58:32.459+00:00"},"s":"I",  "c":"STORAGE",  "id":22237,   "ctx":"TimestampMonitor","msg":"Completing drop for ident","attr":{"ident":"index-76-5189528299374886471","dropTimestamp":{"$timestamp":{"t":1783511603,"i":6}}}}
{"t":{"$date":"2026-07-08T11:58:32.461+00:00"},"s":"I",  "c":"STORAGE",  "id":6776600, "ctx":"TimestampMonitor","msg":"The ident was successfully dropped","attr":{"ident":"index-76-5189528299374886471","dropTimestamp":{"$timestamp":{"t":1783511603,"i":6}}}}
{"t":{"$date":"2026-07-08T11:58:32.461+00:00"},"s":"I",  "c":"STORAGE",  "id":22237,   "ctx":"TimestampMonitor","msg":"Completing drop for ident","attr":{"ident":"index-91-5189528299374886471","dropTimestamp":{"$timestamp":{"t":1783511603,"i":7}}}}
{"t":{"$date":"2026-07-08T11:58:32.463+00:00"},"s":"I",  "c":"STORAGE",  "id":6776600, "ctx":"TimestampMonitor","msg":"The ident was successfully dropped","attr":{"ident":"index-91-5189528299374886471","dropTimestamp":{"$timestamp":{"t":1783511603,"i":7}}}}
{"t":{"$date":"2026-07-08T11:58:32.464+00:00"},"s":"I",  "c":"STORAGE",  "id":22237,   "ctx":"TimestampMonitor","msg":"Completing drop for ident","attr":{"ident":"index-80-5189528299374886471","dropTimestamp":{"$timestamp":{"t":1783511603,"i":8}}}}
{"t":{"$date":"2026-07-08T11:58:32.466+00:00"},"s":"I",  "c":"STORAGE",  "id":6776600, "ctx":"TimestampMonitor","msg":"The ident was successfully dropped","attr":{"ident":"index-80-5189528299374886471","dropTimestamp":{"$timestamp":{"t":1783511603,"i":8}}}}
{"t":{"$date":"2026-07-08T11:58:32.466+00:00"},"s":"I",  "c":"STORAGE",  "id":22237,   "ctx":"TimestampMonitor","msg":"Completing drop for ident","attr":{"ident":"index-90-5189528299374886471","dropTimestamp":{"$timestamp":{"t":1783511603,"i":9}}}}
{"t":{"$date":"2026-07-08T11:58:32.469+00:00"},"s":"I",  "c":"STORAGE",  "id":6776600, "ctx":"TimestampMonitor","msg":"The ident was successfully dropped","attr":{"ident":"index-90-5189528299374886471","dropTimestamp":{"$timestamp":{"t":1783511603,"i":9}}}}
{"t":{"$date":"2026-07-08T11:58:32.469+00:00"},"s":"I",  "c":"STORAGE",  "id":22237,   "ctx":"TimestampMonitor","msg":"Completing drop for ident","attr":{"ident":"index-136-5189528299374886471","dropTimestamp":{"$timestamp":{"t":1783511603,"i":10}}}}
{"t":{"$date":"2026-07-08T11:58:32.471+00:00"},"s":"I",  "c":"STORAGE",  "id":6776600, "ctx":"TimestampMonitor","msg":"The ident was successfully dropped","attr":{"ident":"index-136-5189528299374886471","dropTimestamp":{"$timestamp":{"t":1783511603,"i":10}}}}
{"t":{"$date":"2026-07-08T11:58:32.471+00:00"},"s":"I",  "c":"STORAGE",  "id":22237,   "ctx":"TimestampMonitor","msg":"Completing drop for ident","attr":{"ident":"index-58-5189528299374886471","dropTimestamp":{"$timestamp":{"t":1783511605,"i":1}}}}
{"t":{"$date":"2026-07-08T11:58:32.473+00:00"},"s":"I",  "c":"STORAGE",  "id":6776600, "ctx":"TimestampMonitor","msg":"The ident was successfully dropped","attr":{"ident":"index-58-5189528299374886471","dropTimestamp":{"$timestamp":{"t":1783511605,"i":1}}}}
{"t":{"$date":"2026-07-08T11:58:41.567+00:00"},"s":"I",  "c":"WTCHKPT",  "id":22430,   "ctx":"Checkpointer","msg":"WiredTiger message","attr":{"message":{"ts_sec":1783511921,"ts_usec":567805,"thread":"1974:0x7ff6a56006c0","session_name":"WT_SESSION.checkpoint","category":"WT_VERB_CHECKPOINT_PROGRESS","category_id":6,"verbose_level":"DEBUG_1","verbose_level_id":1,"msg":"saving checkpoint snapshot min: 1488, snapshot max: 1488 snapshot count: 0, oldest timestamp: (1783511611, 1) , meta checkpoint timestamp: (1783511911, 1) base write gen: 34"}}}
{"t":{"$date":"2026-07-08T11:59:41.593+00:00"},"s":"I",  "c":"WTCHKPT",  "id":22430,   "ctx":"Checkpointer","msg":"WiredTiger message","attr":{"message":{"ts_sec":1783511981,"ts_usec":593781,"thread":"1974:0x7ff6a56006c0","session_name":"WT_SESSION.checkpoint","category":"WT_VERB_CHECKPOINT_PROGRESS","category_id":6,"verbose_level":"DEBUG_1","verbose_level_id":1,"msg":"saving checkpoint snapshot min: 1502, snapshot max: 1502 snapshot count: 0, oldest timestamp: (1783511671, 1) , meta checkpoint timestamp: (1783511971, 1) base write gen: 34"}}}
{"t":{"$date":"2026-07-08T12:00:41.620+00:00"},"s":"I",  "c":"WTCHKPT",  "id":22430,   "ctx":"Checkpointer","msg":"WiredTiger message","attr":{"message":{"ts_sec":1783512041,"ts_usec":620489,"thread":"1974:0x7ff6a56006c0","session_name":"WT_SESSION.checkpoint","category":"WT_VERB_CHECKPOINT_PROGRESS","category_id":6,"verbose_level":"DEBUG_1","verbose_level_id":1,"msg":"saving checkpoint snapshot min: 1516, snapshot max: 1516 snapshot count: 0, oldest timestamp: (1783511731, 1) , meta checkpoint timestamp: (1783512031, 1) base write gen: 34"}}}
{"t":{"$date":"2026-07-08T12:01:41.646+00:00"},"s":"I",  "c":"WTCHKPT",  "id":22430,   "ctx":"Checkpointer","msg":"WiredTiger message","attr":{"message":{"ts_sec":1783512101,"ts_usec":646238,"thread":"1974:0x7ff6a56006c0","session_name":"WT_SESSION.checkpoint","category":"WT_VERB_CHECKPOINT_PROGRESS","category_id":6,"verbose_level":"DEBUG_1","verbose_level_id":1,"msg":"saving checkpoint snapshot min: 1530, snapshot max: 1530 snapshot count: 0, oldest timestamp: (1783511791, 1) , meta checkpoint timestamp: (1783512091, 1) base write gen: 34"}}}
{"t":{"$date":"2026-07-08T12:02:41.675+00:00"},"s":"I",  "c":"WTCHKPT",  "id":22430,   "ctx":"Checkpointer","msg":"WiredTiger message","attr":{"message":{"ts_sec":1783512161,"ts_usec":675750,"thread":"1974:0x7ff6a56006c0","session_name":"WT_SESSION.checkpoint","category":"WT_VERB_CHECKPOINT_PROGRESS","category_id":6,"verbose_level":"DEBUG_1","verbose_level_id":1,"msg":"saving checkpoint snapshot min: 1544, snapshot max: 1544 snapshot count: 0, oldest timestamp: (1783511851, 1) , meta checkpoint timestamp: (1783512151, 1) base write gen: 34"}}}
{"t":{"$date":"2026-07-08T12:03:41.705+00:00"},"s":"I",  "c":"WTCHKPT",  "id":22430,   "ctx":"Checkpointer","msg":"WiredTiger message","attr":{"message":{"ts_sec":1783512221,"ts_usec":705726,"thread":"1974:0x7ff6a56006c0","session_name":"WT_SESSION.checkpoint","category":"WT_VERB_CHECKPOINT_PROGRESS","category_id":6,"verbose_level":"DEBUG_1","verbose_level_id":1,"msg":"saving checkpoint snapshot min: 1559, snapshot max: 1559 snapshot count: 0, oldest timestamp: (1783511911, 1) , meta checkpoint timestamp: (1783512211, 1) base write gen: 34"}}}
{"t":{"$date":"2026-07-08T12:04:41.740+00:00"},"s":"I",  "c":"WTCHKPT",  "id":22430,   "ctx":"Checkpointer","msg":"WiredTiger message","attr":{"message":{"ts_sec":1783512281,"ts_usec":740098,"thread":"1974:0x7ff6a56006c0","session_name":"WT_SESSION.checkpoint","category":"WT_VERB_CHECKPOINT_PROGRESS","category_id":6,"verbose_level":"DEBUG_1","verbose_level_id":1,"msg":"saving checkpoint snapshot min: 1574, snapshot max: 1574 snapshot count: 0, oldest timestamp: (1783511981, 1) , meta checkpoint timestamp: (1783512281, 1) base write gen: 34"}}}
{"t":{"$date":"2026-07-08T12:05:41.771+00:00"},"s":"I",  "c":"WTCHKPT",  "id":22430,   "ctx":"Checkpointer","msg":"WiredTiger message","attr":{"message":{"ts_sec":1783512341,"ts_usec":771390,"thread":"1974:0x7ff6a56006c0","session_name":"WT_SESSION.checkpoint","category":"WT_VERB_CHECKPOINT_PROGRESS","category_id":6,"verbose_level":"DEBUG_1","verbose_level_id":1,"msg":"saving checkpoint snapshot min: 1588, snapshot max: 1588 snapshot count: 0, oldest timestamp: (1783512041, 1) , meta checkpoint timestamp: (1783512341, 1) base write gen: 34"}}}
{"t":{"$date":"2026-07-08T12:06:41.800+00:00"},"s":"I",  "c":"WTCHKPT",  "id":22430,   "ctx":"Checkpointer","msg":"WiredTiger message","attr":{"message":{"ts_sec":1783512401,"ts_usec":800614,"thread":"1974:0x7ff6a56006c0","session_name":"WT_SESSION.checkpoint","category":"WT_VERB_CHECKPOINT_PROGRESS","category_id":6,"verbose_level":"DEBUG_1","verbose_level_id":1,"msg":"saving checkpoint snapshot min: 1602, snapshot max: 1602 snapshot count: 0, oldest timestamp: (1783512101, 1) , meta checkpoint timestamp: (1783512401, 1) base write gen: 34"}}}
{"t":{"$date":"2026-07-08T12:07:41.829+00:00"},"s":"I",  "c":"WTCHKPT",  "id":22430,   "ctx":"Checkpointer","msg":"WiredTiger message","attr":{"message":{"ts_sec":1783512461,"ts_usec":829222,"thread":"1974:0x7ff6a56006c0","session_name":"WT_SESSION.checkpoint","category":"WT_VERB_CHECKPOINT_PROGRESS","category_id":6,"verbose_level":"DEBUG_1","verbose_level_id":1,"msg":"saving checkpoint snapshot min: 1616, snapshot max: 1616 snapshot count: 0, oldest timestamp: (1783512161, 1) , meta checkpoint timestamp: (1783512461, 1) base write gen: 34"}}}
{"t":{"$date":"2026-07-08T12:08:41.860+00:00"},"s":"I",  "c":"WTCHKPT",  "id":22430,   "ctx":"Checkpointer","msg":"WiredTiger message","attr":{"message":{"ts_sec":1783512521,"ts_usec":860173,"thread":"1974:0x7ff6a56006c0","session_name":"WT_SESSION.checkpoint","category":"WT_VERB_CHECKPOINT_PROGRESS","category_id":6,"verbose_level":"DEBUG_1","verbose_level_id":1,"msg":"saving checkpoint snapshot min: 1630, snapshot max: 1630 snapshot count: 0, oldest timestamp: (1783512221, 1) , meta checkpoint timestamp: (1783512521, 1) base write gen: 34"}}}
{"t":{"$date":"2026-07-08T12:09:41.896+00:00"},"s":"I",  "c":"WTCHKPT",  "id":22430,   "ctx":"Checkpointer","msg":"WiredTiger message","attr":{"message":{"ts_sec":1783512581,"ts_usec":896183,"thread":"1974:0x7ff6a56006c0","session_name":"WT_SESSION.checkpoint","category":"WT_VERB_CHECKPOINT_PROGRESS","category_id":6,"verbose_level":"DEBUG_1","verbose_level_id":1,"msg":"saving checkpoint snapshot min: 1644, snapshot max: 1644 snapshot count: 0, oldest timestamp: (1783512281, 1) , meta checkpoint timestamp: (1783512581, 1) base write gen: 34"}}}
{"t":{"$date":"2026-07-08T12:10:41.926+00:00"},"s":"I",  "c":"WTCHKPT",  "id":22430,   "ctx":"Checkpointer","msg":"WiredTiger message","attr":{"message":{"ts_sec":1783512641,"ts_usec":926504,"thread":"1974:0x7ff6a56006c0","session_name":"WT_SESSION.checkpoint","category":"WT_VERB_CHECKPOINT_PROGRESS","category_id":6,"verbose_level":"DEBUG_1","verbose_level_id":1,"msg":"saving checkpoint snapshot min: 1658, snapshot max: 1658 snapshot count: 0, oldest timestamp: (1783512341, 1) , meta checkpoint timestamp: (1783512641, 1) base write gen: 34"}}}
{"t":{"$date":"2026-07-08T12:11:41.960+00:00"},"s":"I",  "c":"WTCHKPT",  "id":22430,   "ctx":"Checkpointer","msg":"WiredTiger message","attr":{"message":{"ts_sec":1783512701,"ts_usec":960918,"thread":"1974:0x7ff6a56006c0","session_name":"WT_SESSION.checkpoint","category":"WT_VERB_CHECKPOINT_PROGRESS","category_id":6,"verbose_level":"DEBUG_1","verbose_level_id":1,"msg":"saving checkpoint snapshot min: 1672, snapshot max: 1672 snapshot count: 0, oldest timestamp: (1783512401, 1) , meta checkpoint timestamp: (1783512701, 1) base write gen: 34"}}}
